顧客ID,施術時間
112093,60
121059,90
321123,60
331001,30
431039,75
512107,60
612072,75
651028,60
651042,60
711087,90
721111,60
741001,90
751046,60
812016,30
1110167,60
1120290,120
1120350,60
1150376,75
1150435,30
1310100,90
1321014,75
1511020,60
1730012,90
1811022,120
2110094,75
2110175,60
2112136,45
2112528,60
2112548,150
2112659,60
2112660,45
2112676,90
2120096,60
2120206,60
2121269,60
2121295,30
2122338,60
2122348,180
2122370,60
2122607,30
2122651,90
2122737,60
2122857,75
2122874,105
2122990,60
2123168,135
2123189,30
2123192,75
2123228,45
2123244,30
2123261,60
2123272,45
2123295,105
2123297,60
2123298,165
2123300,90
2132352,60
2132353,135
2140012,75
2142134,60
2142152,135
2152059,75
2152765,60
2152833,120
2152849,60
2152923,90
2152955,60
2153002,120
2153051,45
2153095,90
2153138,30
2153142,45
2153166,45
2153173,105
2153174,75
2153175,60
2153176,60
2153177,90
2212263,60
2212366,60
2212894,45
2212967,75
2212971,135
2212973,45
2212976,120
2212978,180
2212979,90
2212980,60
2212981,60
2220105,30
2222176,60
2222195,30
2222307,90
2222375,75
2222388,45
2222401,120
2232351,30
2232369,30
2232383,30
2232386,60
2232387,105
2232388,105
2242010,60
2251012,30
2251240,60
2252268,15
2252292,60
2252403,60
2252456,45
2252531,60
2252541,75
2252564,75
2252646,45
2252697,60
2252703,45
2252704,45
2252708,75
2252709,60
2311149,60
2312096,60
2312708,75
2312793,75
2312794,60
2312797,90
2312870,60
2312875,90
2312876,45
2312881,60
2312890,45
2312894,60
2312895,120
2312897,90
2321013,75
2322187,90
2322335,30
2322538,90
2322551,120
2322599,45
2322604,105
2322609,90
2322615,15
2322616,30
2322621,45
2322625,105
2322627,195
2332270,60
2332313,60
2332460,75
2332530,90
2342092,60
2342118,120
2352031,75
2411247,60
2411289,30
2412443,60
2412649,195
2412885,30
2412928,75
2412940,90
2413004,30
2413059,30
2413091,60
2413092,60
2413105,75
2413108,75
2413119,45
2413131,45
2413135,45
2422108,45
2432011,60
2432182,75
2432208,30
2451112,75
2452268,135
2512412,90
2512488,90
2512657,15
2512719,60
2512736,90
2512737,45
2522238,75
2522243,75
2522244,75
2522245,90
2552115,45
2552161,45
2610121,60
2612073,60
2612346,15
2612541,135
2612555,60
2612568,30
2612583,90
2612606,120
2612607,30
2622078,60
2630057,60
2631145,15
2631152,90
2632193,195
2632206,75
2632237,45
2632263,75
2632279,60
2632507,45
2632517,15
2632518,75
2632519,120
2652165,75
2652252,90
2711224,15
2712524,75
2712575,90
2722007,75
2722349,135
2722379,30
2722424,30
2722451,75
2722485,30
2752182,75
2752219,135
2752281,60
2812133,60
2812166,60
2812277,75
2812718,60
2812725,60
2812729,45
2812738,165
2812739,105
2812740,60
2852125,30
2852169,90
2852345,30
2852364,45
2852368,150
2852369,90
2912118,60
2912264,75
2912282,45
2912316,90
3112049,225
3122063,30
3122077,75
3122083,30
3122090,30
3210149,60
3222027,30
3222028,15
3332053,90
3342015,120
3412085,30
3452002,30
3452010,15
3512047,90
3632034,90
3712033,60
3722051,120
3812035,30
3812036,180
4122066,0
5111146,60
5141032,90
5222012,60
5332132,75
5342037,105
5411031,60
5412116,60
5412221,60
5511131,60
5522020,75
5522050,90
5652029,60
5711086,90
5752067,60
6112072,60
6112114,30
6112388,30
6112396,30
6112433,45
6112434,150
6112435,60
6112436,105
6121155,60
6122048,150
6122292,90
6122540,210
6122632,60
6122698,30
6122735,75
6122736,90
6122762,135
6122763,45
6122772,90
6122773,90
6132191,120
6132195,150
6141027,30
6142101,90
6152160,60
6152189,45
6152195,90
6152218,30
6152221,120
6152301,45
6152313,90
6152332,60
6152517,60
6152550,60
6152598,285
6152634,90
6152645,60
6152647,45
6152658,135
6152667,120
6152668,60
6152669,60
6152670,75
6152671,90
6212125,240
6212360,60
6212398,0
6212467,30
6212477,60
6212495,60
6212514,90
6212541,0
6212579,90
6212589,120
6212590,60
6222235,120
6222236,60
6232219,90
6232230,45
6232244,105
6232260,120
6232262,225
6232263,135
6252219,90
6252378,120
6252382,45
6252391,45
6312039,60
6312116,60
6312500,90
6312535,90
6312559,45
6312570,45
6322157,45
6322190,15
6322269,30
6322270,60
6322334,180
6322338,120
6331012,90
6332200,60
6332288,75
6332295,30
6342072,45
6342084,60
6342087,45
6412148,345
6412190,60
6412327,60
6412555,75
6412644,120
6412666,60
6412670,120
6412675,150
6412677,120
6412678,60
6422007,30
6422044,150
6432044,60
6432132,45
6452035,60
6452136,60
6452139,90
6512336,90
6512348,60
6512415,180
6522053,60
6542018,105
6552073,180
6612107,60
6612335,60
6612343,90
6612346,90
6612356,90
6621006,75
6622158,60
6622170,90
6622194,135
6631018,60
6632263,90
6632266,90
6632270,60
6632274,120
6632289,60
6632291,210
6632294,45
6632296,30
6632298,90
6632299,120
6652135,90
6652146,75
6652156,120
6712061,60
6712073,30
6712234,60
6722126,60
6722275,120
6732092,60
6732117,45
6752151,45
6752152,165
6811119,60
6812142,15
6812210,90
6812330,60
6812417,30
6812423,60
6812436,45
6812442,105
6812445,120
6852180,30
6852232,90
6912130,30
6912175,90
6922021,90
6991031,30
7122101,60
7132022,90
7152034,60
7152105,210
7152106,90
7152107,90
7212075,60
7212076,120
7232028,60
7232030,90
7252061,210
7252062,120
7312039,0
7332035,60
7332040,150
7512075,120
7622027,90
7632028,150
7722036,60
7752020,120
7812052,30
7812053,135
7812054,60
7852032,150
7912024,15
8511077,45
9111022,90
9112082,90
9112196,60
9121106,150
9122300,0
9122305,75
9122352,60
9122365,150
9132090,45
9152041,45
9152287,120
9152288,120
9212167,60
9212205,15
9212273,60
9232092,180
9251021,60
9252084,60
9252149,90
9252182,135
9252183,90
9312200,90
9332109,60
9332119,90
9412264,135
9432031,60
9442018,90
9451010,90
9452046,60
9522045,90
9551003,30
9552041,90
9622078,195
9712162,90
9722100,60
9722108,45
9752074,45
9912085,90
9912089,90
9922014,90
10112176,90
10122267,30
10122291,90
10212214,60
10221108,60
10312194,60
10312223,120
10321078,0
10342016,60
10412119,15
10412247,45
10412248,60
10412249,60
10612104,60
10711001,120
10712115,0
10722089,60
10852087,90
10912073,0
11112194,60
11122167,15
11122280,0
11122345,60
11122349,45
11122352,45
11122359,60
11122360,60
11152198,60
11152276,90
11212243,60
11212247,90
11212255,60
11212259,90
11222077,75
11232095,60
11232096,135
11252075,60
11252154,60
11312019,90
11312218,60
11322034,90
11322099,60
11322116,30
11332112,60
11332113,60
11332114,105
11332115,60
11412215,60
11412281,60
11412285,45
11412288,90
11432056,60
11512011,60
11512028,75
11512193,60
11512196,150
11612101,60
11612131,30
11612133,45
11612135,60
11632146,60
11632147,60
11712051,60
11712140,30
11712147,60
11732048,180
11812053,60
11812151,45
11812160,60
11852086,45
11922006,60
12151053,90
12152146,60
12412144,60
12512077,60
12542009,30
12611018,30
12612073,90
12712077,60
12722053,60
12812110,75
12812128,60
14111048,75
14121052,60
14122257,90
14132111,75
14212302,90
14222079,75
14252067,60
14312153,90
14312160,60
14312165,120
14332142,45
14412382,90
14412407,60
14512013,90
14512016,75
14512269,285
14512274,90
14512275,150
14611024,105
14611033,90
14722010,15
14722085,75
14722182,90
14751002,90
14812035,90
14912126,105
15111000,60
15121015,45
15122206,90
15122213,60
15122275,30
15132058,60
15142028,90
15142041,60
15152214,60
15212185,90
15212190,60
15212197,60
15212217,180
15222116,120
15232086,90
15251006,60
15252184,30
15312010,60
15312194,60
15332099,60
15332107,210
15411006,60
15412008,90
15412156,15
15512187,30
15512201,60
15522058,90
15552029,60
15611002,60
15612119,60
15612149,150
15632122,60
15652035,60
15652040,60
15711008,90
15712160,75
15722121,60
15752060,60
15811014,60
15812161,60
15812163,60
15812167,60
15852079,60
15912041,30
16111032,60
16122232,90
16122376,30
16122474,135
16122475,135
16132106,0
16142045,45
16142067,60
16152345,60
16152368,60
16152401,90
16152450,45
16152456,105
16212159,45
16212325,75
16212368,45
16212370,45
16312033,60
16312380,90
16322081,75
16322141,60
16322200,75
16322211,255
16322212,90
16322214,90
16342059,0
16422032,75
16512230,60
16512300,120
16552052,60
16612146,60
16612231,15
16612247,90
16612248,0
16622143,0
16622158,60
16632184,105
16712187,60
16732067,90
16752075,60
16812278,60
16812295,90
16852103,60
16852125,60
16852145,75
17152141,60
17152147,45
17212090,90
17252082,90
17312088,75
17322059,60
17412147,75
18151051,75
18251019,60
18312041,120
18622037,60
18722023,45
18751007,60
19312031,90
19712003,30
19812133,45
20412105,45
21152060,15
21212128,150
21311026,60
21321017,30
21412174,60
21712045,75
21812134,45
22311017,60
22412060,75
23132020,60
23132090,60
23212301,60
23212334,45
23222148,30
23252112,60
23312222,90
23322187,60
23412415,75
23412430,15
23432056,90
23512234,45
23512313,75
23612006,90
23622103,90
23622129,90
23622152,45
23652069,60
23711020,90
23712128,30
23712276,60
23752077,15
23812262,75
24652010,60
25122303,90
25152055,90
25152116,60
25152189,120
25152203,90
25152370,105
25152380,120
25212253,30
25222119,90
25232060,60
25252167,120
25322055,60
25412057,60
25412198,60
25412315,90
25432075,75
25442046,45
25522046,120
25632109,150
25752024,90
25812169,90
25852013,225
25852016,75
25912124,15
26452052,90
26512135,120
26512154,30
26552042,60
26552045,15
26632016,75
26652043,60
27122107,30
28112051,150
28132089,15
28152057,60
28152263,120
28152265,150
28152279,120
28152281,90
28212203,45
28232020,90
28232022,60
28232058,90
28252051,90
28252094,60
28312174,75
28312184,105
28332027,90
28332057,60
28352018,75
28352019,60
28412257,60
28431000,60
28612090,90
28632107,90
28652012,60
28812154,120
28852078,45
28852080,60
28922009,30
29112292,150
29122245,150
29122294,60
29142041,60
29212070,60
29212137,90
29212264,150
29222100,120
29232087,150
29239584,150
29252168,60
29252191,90
29312131,45
29322150,90
29332139,90
29352007,15
29515211,60
29542009,75
29612143,150
29622062,120
29712133,30
29712151,60
29722214,120
29732067,90
29852057,15
31112017,30
31112028,60
31412041,75
32112209,150
32122317,60
32122318,45
32132076,60
32152221,60
32152225,90
32152299,390
32152306,60
32212138,30
32212265,30
32212284,30
32212296,105
32222115,60
32222117,195
32222118,90
32252190,60
32252194,120
32252196,90
32312138,60
32312259,240
32312278,30
32312284,60
32322143,60
32332151,15
32352026,60
32412105,60
32412226,30
32412242,60
32412325,60
32432017,60
32512106,60
32512241,210
32512246,60
32552024,90
32552032,60
32612033,30
32612126,75
32612147,60
32632114,75
32632146,15
32632148,60
32652006,75
32712036,90
32712124,60
32712139,180
32712160,360
32722124,120
32812119,105
32812204,90
32832010,60
32852118,180
32912086,60
32912087,60
32912088,30
34122072,150
34122073,60
34152064,0
34252028,60
34312048,135
34552005,45
34552010,105
34812074,45
34912020,0
35112192,75
35112197,15
35122357,30
35122411,30
35122433,105
35132161,90
35152126,120
35152322,30
35152349,150
35152354,90
35212101,90
35212215,60
35212283,30
35212289,75
35212295,60
35212312,60
35222088,90
35222096,60
35222125,60
35252192,60
35252212,60
35252216,135
35312208,135
35312213,60
35312214,60
35322206,120
35322210,60
35322214,60
35332010,75
35412336,60
35412355,30
35412372,120
35412376,75
35432083,165
35452094,60
35512315,45
35512316,30
35522092,75
35612250,165
35612253,75
35612265,60
35612268,75
35622137,15
35632184,60
35632236,60
35652054,30
35652059,165
35712151,45
35712287,135
35712289,60
35712290,60
35722007,60
35722173,135
35722176,75
35722191,45
35812289,45
35812304,150
35812309,60
35852095,60
35852170,45
35852183,60
35852185,60
36112245,60
36112247,105
36122398,60
36122450,60
36122479,60
36122570,60
36122580,105
36132131,90
36142042,30
36152472,120
36212048,60
36212128,60
36222170,60
36232144,60
36232173,60
36312347,30
36322038,30
36322150,30
36322168,90
36332219,90
36352026,30
36412369,60
36442008,30
36512216,60
36512302,60
36522052,90
36542033,60
36612120,0
36622083,120
36622088,60
36622105,60
36632109,60
36632132,60
36632142,60
36632149,105
36712181,180
36712187,30
36722153,60
36732014,60
36732049,120
36812210,90
36812266,60
36812276,90
36852148,60
36852155,120
36912118,90
37112229,60
37122094,60
37122252,60
37122481,60
37122494,120
37122495,90
37122496,90
37132166,60
37142047,75
37142074,165
37152043,60
37152362,30
37152389,75
37152394,90
37152395,90
37212287,45
37212326,60
37212371,120
37212379,45
37212380,150
37212381,60
37212382,120
37222064,60
37222119,90
37232174,120
37232180,180
37240003,60
37252024,60
37252202,60
37252219,60
37252220,210
37252221,90
37252222,60
37252223,120
37252225,90
37312102,75
37312261,45
37312263,45
37312264,30
37312268,120
37322098,15
37322130,60
37322187,60
37322234,60
37332076,15
37332110,90
37342032,45
37412336,30
37412472,45
37452111,30
37452116,165
37512077,60
37512356,60
37512363,210
37512364,120
37512366,105
37522060,120
37612201,120
37612289,210
37612291,120
37622085,60
37622197,120
37632264,60
37632283,90
37632285,180
37632286,210
37652083,120
37712115,90
37712348,165
37712364,90
37722036,60
37722162,60
37722193,30
37722223,120
37752113,90
37812334,120
37812338,30
37812339,90
37812340,240
37812342,105
37852178,60
37852184,75
37852188,120
37852190,90
37912094,210
37922014,75
38112165,30
38112292,90
38122056,60
38122447,90
38122464,60
38122465,60
38152182,60
38152257,60
38152458,165
38152459,90
38152460,120
38152462,90
38152463,90
38212162,90
38212225,90
38212241,120
38212353,90
38212355,90
38212356,165
38222156,60
38222165,60
38222166,90
38232074,60
38232131,75
38312306,60
38312332,90
38312333,90
38312334,60
38322057,60
38322198,60
38322218,60
38332200,120
38332202,90
38342029,15
38412429,60
38412440,60
38412441,195
38412442,60
38422032,90
38512293,195
38522047,90
38552055,90
38612102,30
38612200,75
38612237,90
38632142,60
38632186,60
38632190,60
38642006,150
38652081,60
38712150,75
38722183,60
38732072,60
38732074,120
38812024,105
38812272,60
38812276,60
38812289,60
38912096,60
38912098,120
38912099,60
39112075,90
39122064,60
39122146,90
39152023,60
39152121,90
39152125,60
39152139,180
39212097,120
39212111,90
39232037,60
39252079,135
39252081,180
39312062,90
39312101,60
39412094,60
39432023,15
39432036,60
39512061,90
39612071,90
39622005,0
39622037,60
39722049,60
40122266,105
40132109,60
40132111,90
40152277,60
40212049,45
40222047,150
40232048,60
40322125,90
40512187,60
40512189,15
40612125,60
40622068,30
40712153,135
40722016,30
40852086,105
41222016,120
41432012,60
42122036,75
42332012,90
42432025,30
42452011,60
42812075,105
43132010,60
43132034,90
43142019,0
43152122,120
43152137,210
43212095,60
43212102,30
43312089,60
43332042,60
43332052,180
43432021,60
43512008,60
43512057,15
43512097,150
43522030,60
43612059,150
43622028,15
43632041,60
43632057,60
43912028,240
44122116,90
44222005,45
44232094,60
44252063,30
44252070,90
44252071,75
44252072,90
44312069,150
44312090,90
44412076,30
44522035,90
44552022,15
44632065,210
44732009,60
44752036,60
44812085,120
44912041,150
45112010,60
45112043,15
45112179,75
45112185,45
45112186,45
45112187,90
45122095,60
45122226,75
45122321,15
45132018,75
45152111,75
45152253,75
45152269,60
45152270,60
45152297,60
45152298,75
45212078,45
45212133,150
45222017,75
45222075,120
45222107,0
45232085,45
45252172,45
45252179,90
45312051,60
45312058,60
45312184,75
45312245,60
45322022,30
45322136,15
45322142,75
45412012,90
45412179,60
45412219,45
45412260,60
45412273,90
45452057,60
45452062,30
45452063,45
45452064,45
45512079,60
45512086,60
45612049,60
45612126,90
45612132,30
45612136,105
45632119,60
45632122,135
45652045,75
45722006,90
45722021,60
45722139,90
45722150,45
45732016,90
45732052,75
45752080,60
45812055,60
45812089,60
45832002,75
45852088,90
45912065,30
46812021,60
47152081,120
47312044,150
47412079,90
47722026,90
47812016,30
50852023,150
53112141,90
53112219,60
53112422,60
53112452,90
53122629,75
53122650,60
53122752,60
53122754,105
53122782,15
53122783,45
53122787,165
53122788,195
53122789,180
53122790,90
53122791,90
53132178,60
53132202,90
53132223,60
53132224,60
53132225,120
53132226,75
53142017,30
53152082,75
53152225,60
53152327,15
53152438,60
53152649,60
53152704,75
53152729,75
53152732,150
53152734,90
53212139,60
53212178,60
53212478,60
53212533,60
53212585,30
53212593,45
53212608,75
53212614,120
53212645,60
53212653,150
53212654,120
53222091,60
53222188,75
53222267,90
53232103,30
53232238,45
53252463,45
53252467,45
53252474,135
53312011,60
53312041,60
53312181,75
53312310,75
53312572,120
53312574,105
53322379,60
53332197,30
53332335,30
53332336,90
53332341,75
53332342,105
53342050,75
53342090,270
53342102,60
53342103,90
53412558,30
53412622,45
53412729,45
53412736,15
53412745,90
53412746,90
53412747,105
53412748,90
53432164,90
53432174,45
53452149,150
53452156,45
53452158,90
53512176,60
53512425,135
53512483,45
53512484,90
53512486,60
53522075,75
53522078,120
53522142,225
53522148,90
53552026,30
53552082,30
53552102,15
53612355,60
53612356,90
53612357,45
53612360,45
53622007,75
53622212,15
53622213,45
53622216,225
53632245,60
53632266,15
53632308,30
53632315,90
53652170,45
53712130,60
53712251,45
53712304,60
53712332,30
53712382,60
53712391,90
53712392,150
53712394,0
53722100,30
53722194,105
53722229,45
53722326,165
53722329,150
53732032,45
53732089,75
53732099,105
53752184,90
53812318,60
53812382,45
53812400,15
53812408,15
53812411,75
53812452,60
53812455,120
53852232,75
53852246,105
53912194,90
54112072,90
54132060,90
54332041,105
54332042,120
54432026,120
54512173,45
54512183,60
54522036,75
54612142,90
54712083,90
54722100,60
54752059,30
54852089,60
55112156,90
55122044,60
55122111,60
55122260,60
55132027,45
55152257,120
55212195,60
55232033,60
55232040,90
55242002,60
55312217,75
55322064,60
55412229,60
55412246,120
55432049,60
55432051,120
55452049,60
55512064,15
55532010,60
55552026,90
55612133,60
55632114,30
55652048,60
55712094,60
55722088,60
55752030,120
55852091,90
56122103,120
56152086,60
56212023,120
56212065,60
56212069,60
56312029,30
56350005,30
56612022,90
56652019,60
56712009,60
56712037,60
56830002,60
57112020,60
57112063,90
57122124,60
57132025,120
57212057,60
57212072,90
57232050,90
57312163,60
57312179,60
57312184,120
57322076,60
57332034,60
57412100,0
57512046,60
57612055,60
57632030,60
57732028,120
57752011,60
57912038,90
58152033,60
58222018,45
58232008,30
58322017,60
58632027,60
58812014,75
58852019,30
60112062,60
60112115,90
60122106,60
60122157,60
60122162,60
60122173,60
60122181,60
60122184,60
60122185,180
60132041,60
60132048,150
60142001,60
60152039,60
60152133,60
60152134,60
60212122,210
60222039,60
60232045,60
60252093,90
60252094,165
60312119,135
60312121,90
60312122,60
60332065,180
60342028,60
60412068,60
60412111,60
60412156,60
60412165,90
60512091,90
60552015,105
60552018,90
60552020,90
60612067,60
60612068,240
60622014,60
60622043,60
60632049,30
60722010,30
60722042,60
60752018,60
60752032,90
60752033,60
60752034,60
60812024,60
60812097,120
60812099,90
60852048,90
61122089,60
61122093,15
61152080,75
61212076,45
61212078,120
61312055,90
61322040,45
61322042,75
61512027,60
61652032,120
61722026,60
61812053,0
62122138,30
62122141,60
62152050,60
62152154,60
62252053,150
62312080,120
62322051,45
62322058,90
62412149,60
62412157,60
62612085,60
62622021,0
62622095,120
62652022,210
62712003,30
62722065,60
63112102,60
63112144,60
63112223,30
63112247,120
63112249,0
63112286,15
63112313,80
63112314,120
63122037,60
63122547,75
63122550,30
63122570,105
63122585,45
63122588,120
63122598,45
63122602,120
63122604,165
63122607,120
63122608,120
63122609,90
63122610,60
63122612,75
63132181,90
63132224,90
63142022,90
63152033,230
63152165,45
63152420,30
63152478,75
63152533,30
63152575,60
63152577,75
63152610,45
63152614,30
63152619,135
63152620,45
63212426,60
63212447,75
63212465,60
63212475,90
63212479,15
63212481,135
63222176,90
63222293,90
63222302,90
63222303,60
63232038,60
63232067,15
63232103,60
63232202,45
63232207,150
63252198,45
63252272,15
63252274,30
63252299,60
63252309,45
63252323,45
63252324,180
63312213,15
63312320,60
63312324,45
63312346,30
63312349,60
63322120,30
63322156,75
63322297,45
63322307,210
63332120,75
63332146,30
63332178,60
63332182,90
63342050,60
63412199,30
63412255,105
63412481,15
63412560,90
63412633,60
63412674,90
63412691,90
63412697,60
63412701,120
63412702,60
63422017,60
63422034,75
63432130,60
63432134,45
63452127,90
63452157,75
63452171,105
63512062,50
63512288,90
63512389,30
63512395,75
63512426,0
63512464,60
63512469,30
63512493,30
63512501,30
63512511,120
63512512,165
63512513,135
63522099,30
63522222,120
63522224,45
63522225,135
63522226,75
63522227,240
63522228,120
63522229,90
63532008,60
63542012,75
63612154,90
63612201,60
63612350,30
63612366,45
63612369,60
63612374,45
63612376,105
63612378,225
63622129,30
63622191,60
63622215,60
63622219,75
63622220,105
63622222,105
63622224,60
63622230,60
63632099,60
63632272,60
63632314,30
63632330,120
63632334,60
63632343,45
63632347,75
63632358,45
63652067,60
63652071,45
63652083,75
63652098,75
63712255,60
63712407,60
63712419,30
63712428,75
63712432,45
63712436,45
63712442,90
63712444,60
63722034,60
63722132,30
63722255,15
63722298,60
63722314,90
63722315,190
63722316,135
63722317,165
63722318,90
63752164,60
63752166,45
63812201,70
63812442,15
63812456,15
63812488,45
63812490,45
63812491,180
63812493,40
63812497,15
63812498,165
63812501,75
63852033,60
63852215,120
63852229,135
63852249,60
63912112,180
64452006,150
65152007,60
65212056,150
65312078,90
65332031,60
65412067,210
65412068,90
65522011,60
65712036,30
65852024,60
66112129,60
66122134,30
66122158,30
66122191,60
66122196,105
66152136,30
66152174,60
66152200,75
66152207,120
66212108,30
66212110,60
66212111,210
66212137,60
66252068,90
66252123,120
66312118,120
66322094,90
66322098,30
66322100,90
66322102,180
66322106,60
66332052,90
66412093,90
66512114,60
66512130,90
66612084,30
66622060,60
66632077,120
66632101,195
66652041,120
66722081,60
66722086,45
66732024,30
66752049,135
66812111,60
66812115,90
66912072,45
67122051,60
67152064,60
67412096,30
68003737,60
68004140,60
68004360,120
68004900,30
68005408,30
68005502,120
68005531,60
68005553,150
68005573,30
68005584,180
68005615,60
68005619,180
68005637,150
68005643,135
68005644,165
68005654,45
68005655,60
68005666,165
68005671,30
68005672,30
68005673,150
68005684,60
68005690,90
68005698,90
68005706,60
68005707,90
68005709,90
68005712,90
69222029,90
69322010,30
69322014,60
69412115,105
69612026,0
69722036,60
69812067,45
69812096,120
69830002,120
70112038,90
70112113,150
70122032,60
70122049,60
70122106,75
70132011,90
70152087,135
70212156,30
70232048,90
70312121,60
70312141,120
70322031,75
70332011,120
70332037,60
70332075,30
70412183,90
70512008,75
70512067,60
70612038,60
70612092,120
70712118,60
70752041,105
70812054,90
71112010,60
71122165,120
71122167,60
71152069,75
71152150,135
71152152,165
71152153,105
71212090,75
71212153,45
71212157,90
71222042,120
71252084,120
71252085,180
71312077,120
71322070,60
71412052,75
71412063,105
71412105,0
71412109,60
71412120,30
71412127,90
71512122,60
71512125,120
71552031,105
71612073,75
71612077,90
71612079,90
71622052,45
71622054,180
71652007,45
71712030,15
71712065,30
71722041,75
71722063,60
71732030,150
71752023,135
71812103,30
71852026,75
71852027,90
72112042,90
72112051,0
72122120,15
72122134,15
72122136,60
72142027,0
72142030,60
72152009,90
72152082,0
72212011,90
72212082,0
72212085,0
72212090,90
72252061,90
72252068,90
72252069,0
72332060,60
72412071,60
72412091,60
72512054,0
72512055,0
72522018,0
72632020,60
72732013,60
72752020,90
72752039,60
72752042,60
72912062,0
73112078,60
73122100,195
73122108,60
73122111,75
73122114,105
73152102,90
73152103,90
73222010,60
73222043,90
73252068,180
73252069,60
73352010,60
73412113,90
73552024,60
73622007,60
73712025,60
73752016,60
73852020,60
73852035,60
75112061,60
75122114,75
75122120,60
75152061,105
75152077,15
75222033,120
75222034,60
75252039,75
75322009,60
75322058,60
75412060,60
75442011,90
75732021,75
75852037,60
75852039,0
76112050,150
76122102,120
76132041,60
76212048,75
76222017,90
76312056,90
76522038,60
76612028,30
76612033,60
76712020,255
77142022,60
77612006,0
77722083,30
78112010,60
78112074,90
78122095,225
78122161,60
78132049,90
78132050,60
78212150,30
78222035,90
78322027,120
78322056,90
78332048,120
78412107,15
78412138,15
78412164,120
78512074,60
78522050,90
78612086,120
78622043,165
78622044,60
78632067,45
78732029,120
78812051,45
80212066,60
80312062,60
80712024,60
81112052,60
81252047,75
81852007,90
82112021,90
82142016,60
82212096,30
82312066,90
82312100,60
82412072,90
82512078,60
82522030,60
82552016,60
82622033,90
82632035,60
82912004,60
82912024,30
83112067,75
83132026,150
83152100,30
83212100,90
83222072,165
83322075,60
83322078,60
83512120,60
83512121,30
83512125,60
83612060,60
83612077,60
83612079,120
83622039,90
83712074,15
83722017,60
83722054,60
83752047,120
83812114,60
83912021,150
84122034,60
84122071,120
84132013,75
84132022,60
84140008,30
84152021,75
84152043,60
84152046,60
84212031,180
84212063,75
84212064,90
84252050,0
84252052,90
84252054,60
84322048,135
84412070,60
84440003,90
84440007,90
84440008,135
84452022,0
84512016,60
84512056,75
84512072,60
84522040,60
84612018,90
84622027,30
84632034,75
84730007,75
84752010,60
84752014,60
84812036,15
84812062,120
84912009,30
85110020,90
85110050,75
85120104,30
85150086,60
85150112,60
85210032,75
85210035,90
85210113,180
85220042,20
85220054,90
85230040,110
85250063,60
85250064,75
85310042,50
85310068,30
85310073,90
85330004,45
85350008,75
85430029,30
85430030,30
85440011,60
85450010,120
85520032,210
85540002,0
85610010,60
85610067,195
85620058,75
85630001,180
85630069,60
85710065,105
85710075,90
85710082,60
85710088,120
85720022,75
85730023,75
85750046,60
85810012,60
85810020,60
85810070,90
85850040,30
85850048,60
85850050,30
85910018,90
86110048,120
86120007,75
86120018,75
86120047,90
86120092,120
86120099,90
86150047,90
86210007,60
86210063,0
86230021,60
86230025,45
86250010,75
86250024,120
86250029,60
86310004,60
86310006,75
86320018,75
86330001,60
86330013,60
86410083,90
86410107,75
86410108,90
86450017,60
86510045,90
86510050,45
86510054,75
86510059,135
86510061,150
86510062,210
86510063,210
86520016,60
86610034,60
86630007,60
86630067,60
86650012,135
86710025,60
86710032,60
86710058,60
86710065,120
86710066,60
86710067,195
86750012,60
86810015,60
86810024,60
86810065,90
86810097,90
86810101,75
86810110,120
86810111,60
86850038,60
86850052,60
86850054,90
87212125,30
87212140,90
87322026,90
87322072,60
87342009,60
87412075,45
87412105,60
87412135,60
87452035,90
87512045,60
87522039,165
87612065,60
87722045,60
88112034,60
88152022,60
88152055,30
88152065,150
88212044,105
88220018,105
88350002,90
88420003,60
88522005,120
88612028,60
88912004,60
89110010,60
89120084,90
89150026,30
89150054,90
89230034,30
89310040,45
89320040,60
89320043,90
89410084,60
89410087,150
89430029,240
89510064,210
89610017,105
89610040,120
89610049,90
89620027,60
89630035,60
89710065,120
89720038,60
89850001,240
90110050,75
90120113,30
90120123,45
90120125,195
90120126,150
90150095,120
90210015,90
90210136,180
90250064,45
90320037,75
90330027,60
90330070,15
90450015,60
90450017,15
90510060,60
90550013,60
90550021,45
90620035,45
90620036,150
90710058,45
90720043,45
90810055,0
90810066,60
92112046,0
92152082,0
92252035,60
92350007,60
92432002,90
92452016,30
92512062,30
92622025,45
92712067,60
92722036,60
93122194,60
93122216,120
93152150,105
93222092,60
93222093,240
93222094,60
93322063,90
93412164,60
93412186,60
93412212,60
93412218,60
93412219,0
93512144,150
93522037,60
93612081,90
93612111,60
93632121,120
93632123,60
93712038,60
93712105,60
93722093,90
93732021,30
93752047,30
93852065,60
94122063,60
94130027,180
94152055,120
94152056,60
94152061,165
94212066,30
94212075,90
94232019,90
94322040,375
94350001,60
94412054,120
94452004,30
94452017,30
94512042,60
94622027,15
94632014,60
94632032,30
95220005,0
95250008,30
95510032,90
95610068,60
95610069,90
95630001,60
95650014,90
95650015,60
95720007,135
95810028,90
96120027,60
96120042,60
96120049,60
96120074,150
96130019,90
96140007,30
96150017,60
96150039,60
96150053,30
96150054,60
96210058,60
96220026,90
96230025,60
96310035,60
96310064,150
96310066,90
96310067,120
96320027,60
96410010,0
96410069,60
96410071,60
96410072,60
96430001,60
96510044,60
96620004,60
96620017,60
96620022,90
96710008,0
96720001,90
96720018,60
96850028,60
96850032,90
97110005,75
97130002,60
97150007,90
97750003,60
98152009,60
98152044,60
98152045,90
98812024,165
99110063,60
99110064,45
99110065,30
99120061,60
99120177,30
99120179,90
99150055,60
99220026,60
99310006,135
99310013,60
99310143,60
99310146,150
99330062,60
99330084,60
99410018,90
99410129,0
99430024,60
99610047,60
99610050,150
99620029,15
99630021,60
99630046,105
99650003,60
99650011,135
99720005,60
99720043,60
99750004,60
99750036,120
99810006,120
99910008,60
100720012,30
101110048,30
101110050,105
101120011,60
101120078,150
101150075,45
101250049,90
101250054,90
101250057,60
101310047,150
101310070,60
101320031,60
101410031,90
101510004,60
101540004,75
101630021,105
102140004,60
102210028,60
102210068,60
102250008,60
102310030,60
102330003,120
102410055,60
102410057,120
102410058,60
102410059,90
102440002,60
102510017,60
102510038,60
102510063,60
102550010,60
102710030,60
102720011,60
102750020,150
102810023,60
102810049,60
102850013,60
104150286,60
104410075,30
104510039,90
104710127,90
104730024,30
108140003,210
108150001,240
108150037,60
108250022,60
108310018,60
108410069,150
108610010,45
108630017,150
108650006,60
108710020,60
108810007,60
109110062,60
109130019,15
109230052,135
109310083,195
109330041,90
109410137,210
109510135,90
109620063,90
109750050,60
110120047,120
110130008,60
110220002,90
110810028,60
111110024,120
111120006,60
111120034,30
111130008,60
111130010,60
111130013,90
111130014,90
111230002,60
111230018,90
111310042,135
111340001,30
111410012,120
111410024,90
111520008,60
111630014,0
111710009,0
111710020,90
111810011,90
111850013,120
111910012,60
112120038,105
112120062,0
112150022,60
112210001,60
112220021,90
112250024,90
112330013,60
112340004,90
112410042,60
112410054,120
112710027,60
113110026,90
113120002,60
113120039,75
113250039,90
113250040,30
113410002,60
113630018,90
113630020,90
116110005,60
116210019,60
116410015,60
116610010,90
116710007,60
117110002,45
117150050,90
117220017,30
117430015,15
117450011,60
117510017,120
118630008,0
119110083,60
119110090,60
119120046,60
119120058,60
119120157,90
119130042,45
119140006,60
119150150,30
119150173,120
119150177,90
119210109,120
119230032,0
119230044,75
119250075,60
119250076,105
119310094,270
119310097,90
119320022,60
119320070,60
119330101,45
119330123,45
119330124,60
119330126,150
119410104,90
119410112,210
119410113,90
119430027,75
119440010,90
119450004,60
119450023,90
119450036,150
119520009,60
119520027,45
119520030,165
119710089,60
119710094,60
119720003,60
119850005,60
119850007,60
119910034,60
120110101,75
120110120,90
120110124,90
120120201,30
120120207,150
120130062,90
120150075,90
120150104,90
120150120,45
120150189,75
120150192,105
120150193,90
120210098,75
120210132,15
120210150,60
120210163,45
120220074,60
120220078,270
120230051,75
120250136,180
120310157,60
120310162,45
120320089,60
120320098,120
120330084,90
120410116,60
120410123,45
120410151,90
120410160,60
120410185,75
120410200,45
120410202,90
120410206,60
120430026,120
120510031,90
120510065,150
120510129,45
120520045,60
120630022,75
120710094,15
120720016,60
120720065,30
120720087,90
120730016,75
120730037,105
120750034,15
120810052,75
120810117,90
120810120,120
120910050,75
121120044,30
121130009,90
121150040,90
121210033,60
121220016,120
121220018,60
121410048,60
121410050,75
121750015,120
122120074,60
122150012,60
122250074,60
122310020,30
122410058,180
122410059,240
122610014,90
122620011,60
122620014,15
122640001,30
123710005,60
124210082,30
124220038,90
124250072,15
124250075,300
124310044,60
124320039,30
124320053,120
124330015,60
124340006,120
124410105,180
124410116,120
124430012,60
124520010,30
124620033,210
124630071,60
124630073,285
124650013,60
124730015,150
124810093,60
124810100,120
124810101,60
125630015,60
125650018,90
125810032,45
126150020,75
126220006,60
126320005,135
126330010,90
126510007,60
126610009,60
126610011,90
126630013,60
126720005,60
126730001,60
126810014,135
126850010,60
127150042,45
127150049,60
127150069,30
127310033,60
127320039,30
127450002,60
127510003,30
128110003,45
128120046,120
128120050,60
128120052,165
128210026,60
128230011,60
128250005,60
128250028,60
128310013,30
128610020,30
128810026,60
129210051,60
129310032,60
129310035,90
129320003,180
129340007,120
129350002,60
129410023,90
129410037,60
129410056,120
129550007,60
131120010,60
131150001,60
131150008,45
131230012,120
131310029,45
131410003,90
131410013,90
131410030,120
131510007,90
131710020,60
131710026,60
131720019,135
131910002,90
132110020,60
132120012,60
132220014,60
132230022,90
132320011,60
132330014,60
132410036,60
132620013,60
132620024,60
132720014,30
132810001,60
132810031,45
133330019,90
133410093,60
133430024,0
133520007,150
133520028,0
133630056,60
133650010,0
133710052,60
133710053,30
133710055,60
133720019,0
134110024,60
134110028,45
134110030,60
134120001,60
134120073,60
134120074,105
134310064,165
134330013,15
134410019,60
134410035,60
134450001,75
134510032,45
134510033,60
134650030,75
134720014,90
135110036,90
135110045,45
135120117,105
135130073,15
135130074,150
135130076,60
135150128,60
135210091,60
135220046,120
135320016,60
135320069,30
135320072,60
135410111,30
135410141,60
135410149,90
135440005,60
135450035,135
135520036,30
135520050,75
135520051,60
135550003,60
135550016,60
135630059,90
135710057,60
135710066,45
135710076,30
135710091,90
135720039,90
135810048,60
135810069,60
135830007,0
135910007,60
136110026,120
136110027,90
136110028,60
136120017,60
136120050,60
136120060,30
136150034,60
136150059,165
136210060,30
136220034,165
136230026,120
136310069,30
136310076,120
136430026,60
136510052,60
136510053,210
136610001,30
136610050,90
136630029,60
136710054,60
136710057,30
136720043,60
136720044,90
136730014,60
136910025,15
137130011,180
137150036,60
137150045,90
137210002,60
137210019,60
137220017,90
137250036,240
137250038,90
137330019,60
137410021,90
137510035,120
137520008,180
137610021,90
137750002,0
137810024,165
137850010,180
138110010,45
138110018,0
138110020,75
138120027,150
138120029,90
138150033,60
138230010,105
138250015,30
138250016,90
138310026,195
138410028,90
138430006,150
138610017,60
138610021,180
138620004,60
138710011,90
138810007,75
138910005,60
139120032,0
139120044,210
139210049,105
139250024,90
139440006,60
139520024,45
139520025,60
139620020,300
139730001,30
139810033,60
140110016,60
140110026,60
140110027,30
140120061,60
140150033,105
140150049,120
140210032,90
140210037,90
140210039,105
140220031,90
140220032,105
140230017,150
140250032,165
140410064,105
140450010,60
140510044,60
140550013,75
140710043,75
140720021,75
140720023,135
140850014,105
140910004,60
141110017,90
141120008,45
141150023,75
141150051,30
141410048,60
141510032,45
141610025,60
141610026,60
141630023,165
141730004,60
141910005,90
143110135,60
143110147,90
143110180,90
143110181,90
143120005,30
143120033,75
143120072,75
143120151,60
143120214,60
143120223,30
143120235,60
143120240,75
143120243,45
143120261,45
143120264,120
143120265,90
143120266,30
143120270,45
143120273,30
143120275,105
143120276,90
143120277,60
143120278,60
143130046,60
143140009,90
143140033,105
143150179,45
143150182,45
143150238,60
143150259,60
143150274,120
143150277,255
143150278,90
143150280,90
143150282,90
143150283,90
143210122,0
143210143,60
143210174,120
143210198,45
143210213,45
143210216,90
143210218,60
143210233,75
143210234,150
143210235,90
143210237,75
143210239,90
143220021,60
143220032,90
143220070,90
143220076,45
143220080,90
143220081,120
143230077,45
143240003,30
143250157,45
143250164,45
143250168,60
143250169,90
143250171,105
143250172,90
143310050,60
143310172,60
143310215,45
143310222,45
143310228,90
143310229,120
143310230,90
143310231,105
143310232,60
143310233,150
143310234,60
143310235,90
143310236,60
143320040,75
143320076,60
143320092,60
143320108,30
143320123,90
143320131,135
143320132,90
143320134,150
143320136,60
143330056,60
143330104,60
143330106,30
143330120,195
143330123,90
143340021,60
143350018,75
143350019,90
143410126,60
143410132,90
143410179,75
143410204,60
143410230,60
143410242,60
143410255,45
143410256,15
143410257,90
143410259,60
143410260,90
143410261,60
143420015,135
143430045,30
143430047,15
143440014,45
143450021,90
143450059,15
143510150,45
143510153,45
143510162,150
143510164,165
143510166,60
143520020,60
143550015,60
143550031,60
143550036,90
143550038,150
143610119,30
143610124,30
143610133,45
143610136,225
143610138,120
143620063,120
143630032,30
143630064,30
143630103,60
143630107,150
143630108,90
143650010,30
143650039,75
143650048,15
143650050,45
143650053,60
143650055,90
143650056,90
143710104,30
143710138,45
143710151,120
143710155,60
143710156,60
143710157,90
143720065,45
143720101,15
143720108,60
143720111,45
143720118,90
143720123,90
143720125,60
143720126,165
143720127,90
143730033,165
143750055,45
143750067,90
143750068,120
143810133,45
143810150,60
143810154,30
143810162,90
143810176,45
143810190,45
143810193,135
143810195,90
143810197,90
143810198,60
143850032,60
143850072,90
143850074,30
143850075,30
143850079,60
143850082,60
143850084,150
143850085,90
143850086,60
143910056,15
144210026,0
144250016,60
144320018,30
144410024,90
144510024,60
144720022,90
144810020,30
145130082,0
145210001,30
145220005,60
145330019,60
145410011,60
145450064,135
145510014,165
145510205,60
145630055,60
145810097,30
145810189,30
146110024,60
146110030,90
146110031,60
146150020,60
146150064,60
146210057,150
146230016,135
146450002,60
146510013,60
146610012,120
146630018,90
146750015,30
146810002,60
147220010,150
147620014,90
148110001,75
148110010,60
148120030,90
148310018,45
148330006,75
148510039,60
148520016,150
148620015,60
148630026,195
148650002,90
148650007,75
148710023,90
148850022,90
149110028,60
149120090,60
149120095,60
149120113,15
149120116,60
149120117,60
149120124,90
149120127,90
149130042,75
149150077,0
149150126,120
149150130,60
149150131,90
149210012,90
149210102,75
149210103,30
149230034,120
149250058,45
149310082,45
149310084,90
149320055,75
149340001,60
149410093,60
149510057,60
149510097,30
149510102,150
149510104,60
149520043,105
149610021,90
149630082,45
149650016,90
149720060,60
149730002,45
149750039,120
149810092,90
149910022,60
150120033,45
150120036,90
150150056,60
150150057,225
150210003,75
150250014,75
150310021,210
150410029,0
150610002,15
150620011,60
150710049,75
150720026,75
150810037,135
151230004,60
151410029,15
151810003,60
153110025,120
153110045,0
153120090,60
153140012,60
153220016,60
153310132,60
153310133,120
153320025,45
153330014,60
153340009,60
153410061,60
153610056,90
153610057,90
153630007,60
153630032,60
153650025,120
153730022,60
153850030,90
153910056,90
153910058,90
153910059,90
154120055,105
154150067,15
154150073,45
154210001,45
154230036,90
154230040,75
154250032,90
154320020,60
154410052,15
154410060,90
154410071,75
154430012,60
154430013,195
154510033,60
154520015,30
154610041,60
154630042,60
154710038,30
154710051,60
154720028,45
154750014,105
154810028,75
154810043,60
154910011,105
155210024,60
155210041,60
155230004,60
155250038,60
155250052,60
155310029,45
155310038,60
155450003,90
155550010,120
155610043,135
155630036,135
155710006,60
155720020,15
155720036,60
155810033,60
156110018,210
156210033,90
156230018,120
156250014,15
156310026,15
156410039,90
156630034,180
156630035,45
156850011,30
157150042,0
157210041,90
157230016,0
157320022,0
157510041,90
157610019,0
157720027,0
157750002,0
158120022,90
158630016,30
158810021,90
159120013,45
159120022,75
159120036,120
159210030,45
160110002,75
160110009,60
160230013,0
160410016,30
160510019,90
160520013,60
160710002,120
160710012,75
160810005,75
160810026,90
161230009,30
161430007,30
161550003,90
162110065,105
162110083,90
162120050,60
162120110,75
162120197,105
162120242,90
162120243,15
162120244,90
162130078,75
162150075,75
162150090,75
162150105,60
162150199,45
162150235,90
162150236,150
162150237,90
162150238,120
162150239,90
162210145,135
162210160,60
162210192,90
162210193,240
162210194,120
162210196,90
162220004,75
162220084,60
162230053,60
162230077,60
162230078,90
162310107,105
162310129,150
162310130,135
162320063,60
162320108,90
162330046,30
162330048,135
162330050,90
162340025,45
162410051,60
162410134,60
162410160,45
162410191,75
162410225,60
162410247,90
162450006,75
162450042,120
162450064,150
162510061,60
162510062,60
162510156,135
162520075,165
162520078,90
162610134,120
162620032,30
162620038,60
162620059,45
162630144,90
162630161,105
162710131,75
162710135,60
162720048,60
162720089,75
162720092,60
162720096,60
162720110,60
162750004,150
162750052,90
162810047,135
162810194,135
162810196,120
162810197,135
162850066,45
162850086,30
162850088,120
162910051,90
163120027,60
163120030,30
163120033,60
163210031,60
163230011,180
163230012,90
163330009,15
163420002,90
163610029,90
166140009,60
166210013,60
166250008,60
166510064,60
166620037,90
166710055,105
166810031,75
166830001,60
167120046,240
167720003,45
168110007,45
168120030,180
168220009,240
168230001,0
168250010,90
168310010,15
168610011,75
168710014,150
168720008,60
168720013,90
168810016,15
168810019,75
168810020,150
168850007,90
170110029,90
170110042,45
170110043,60
170120001,105
170120032,90
170120057,60
170120077,240
170120078,30
170150073,90
170150074,90
170150075,60
170150076,90
170210070,60
170220025,105
170230005,60
170230021,90
170250006,120
170250046,75
170250050,60
170310049,45
170310051,150
170310053,90
170320054,15
170320060,180
170410056,210
170410058,135
170410064,75
170420002,150
170430017,0
170450032,60
170510028,60
170510036,75
170610003,60
170610041,30
170630027,120
170630028,15
170710044,105
170720027,90
170810036,150
170850022,75
170910013,135
171210013,90
172330022,0
173110026,90
173120054,150
173510042,30
173710035,60
173720029,150
173810045,60
173850016,60
173850017,105
174110019,45
174110026,45
174110027,135
174210005,150
174250001,45
174330006,30
174510032,60
174550007,30
174650008,60
174710024,90
174810020,120
175120021,30
175150024,150
175250007,0
175410024,105
175810008,75
175850012,120
176150022,30
176250013,30
176410014,30
176550003,60
176810017,30
176810019,120
176910010,120
177110038,120
177110070,45
177120058,60
177120064,30
177120124,60
177120146,90
177120154,60
177120157,60
177130039,60
177130050,15
177130063,105
177130067,45
177150074,10
177150103,45
177150111,30
177150129,60
177150137,30
177150145,90
177150146,45
177210032,60
177210087,60
177210150,90
177210151,45
177210155,15
177210157,180
177220057,60
177220073,45
177220074,105
177230043,30
177250041,30
177250042,30
177250093,90
177250096,90
177310052,60
177310069,60
177310076,30
177320027,15
177320073,60
177320074,165
177330006,60
177330036,15
177330042,135
177340004,30
177410027,75
177410036,45
177410055,60
177410111,75
177410121,60
177410129,30
177412091,105
177412097,60
177412098,90
177430030,60
177520019,30
177520073,135
177550017,60
177610039,30
177610084,90
177630034,105
177630097,60
177640001,30
177710085,45
177710089,75
177730023,30
177750034,75
177810082,60
177810092,120
177810100,75
177810130,45
177810132,165
177810133,90
177810135,30
177810141,150
177810142,165
177810146,90
177830010,150
177850056,30
177850057,75
177850065,60
178150025,60
178210028,120
178250010,120
178250012,120
178310009,60
178320016,150
178510023,90
178520009,60
178710036,180
178720029,90
179120004,45
179120030,90
179150025,135
179210034,120
179220012,60
179250020,120
179310016,135
179310023,150
179310024,120
179330015,60
179350005,120
179510021,90
179650011,210
179710020,135
179810021,45
179810022,150
180110005,60
180120033,60
180130007,60
180210019,60
180220007,60
180310021,30
180320027,165
180330010,60
180330022,210
180340007,60
180340009,90
180620015,240
180630009,0
180810020,60
180850011,60
181150044,0
181210034,60
181210038,60
181250017,120
181250020,90
181320022,150
181410005,90
181410041,60
181610021,90
181610023,90
181710006,75
181810029,90
181810031,60
181850016,60
181910001,60
183110013,60
183110028,90
183210031,60
183210034,30
183310047,60
183310050,90
183330025,105
183350003,240
183410041,90
183420008,30
183510015,150
183620004,60
183620008,90
184150024,45
184610011,90
185120027,120
185130004,90
185130006,60
185510002,90
185510014,225
185710009,90
185710010,90
185710011,150
185810008,300
185850002,60
186210002,60
186510001,60
186510004,120
186520006,75
188110003,90
188110019,345
188120018,75
188120041,90
188120042,165
188150019,120
188150037,120
188210013,60
188210027,60
188250012,165
188320002,105
188330017,0
188410004,75
188540003,90
188610006,60
188610020,150
188610021,90
188710001,90
188710010,120
188730006,120
188810002,90
188810013,105
188810025,120
189120010,30
189120043,120
189120045,90
189120046,90
189120047,105
189140005,60
189210037,180
189620007,120
189720012,60
189830002,90
190150012,90
190220005,60
190220013,60
190230012,165
190310011,105
190320009,150
190510013,120
190520003,15
190610007,90
190610008,90
190610013,90
190750006,90
191110020,90
191110021,180
191110023,90
191110024,90
191120015,75
191120018,60
191120020,60
191120021,60
191150014,90
191150017,120
191210011,90
191210017,60
191210023,90
191220002,90
191230010,120
191310042,240
191320009,0
191320015,105
191340002,180
191410022,90
191410031,90
191450002,90
191620002,90
191650007,60
191650008,90
192130007,60
192150030,60
192210016,90
192220012,135
192250010,60
192250012,90
192320023,90
192350001,60
192440003,60
192510027,15
192520007,90
192550005,60
192610006,135
192710007,75
192710024,90
192720022,300
192810027,135
192830001,60
193630004,60
194110019,30
194110020,90
194120012,60
194120037,60
194120039,60
194120040,90
194120041,150
194130003,60
194140006,120
194250025,150
194310026,60
194310027,60
194320011,60
194320016,60
194320019,45
194320021,60
194330012,60
194330017,60
194330025,150
194330026,60
194340002,15
194410032,60
194410040,120
194410042,120
194430008,105
194440007,150
194450007,120
194510017,15
194510019,60
194520009,60
194610007,30
194610017,60
194610018,60
194610019,150
194630019,90
194650002,15
194810007,60
194810023,150
194830002,90
194850011,60
194850015,120
196320004,60
198120046,60
198120054,0
198150045,30
198150059,120
198150062,60
198150068,165
198210047,60
198230020,120
198230022,120
198230024,75
198310038,135
198330008,60
198410083,0
198410084,60
198410088,150
198450007,60
198510034,75
198520005,60
198520025,45
198610037,165
198610038,90
198650005,90
198710031,45
198710034,0
198720021,60
198850028,15
198850033,90
199120006,120
199120009,60
199550001,60
200110003,90
200110016,60
200120027,90
200120033,75
200120034,60
200120037,120
200130007,75
200150003,90
200210012,60
200210032,120
200220007,60
200350003,60
200410042,60
200410057,60
200410060,90
200450003,15
200510023,60
200510030,75
200610009,60
200620005,90
200720012,90
200730005,105
200810024,60
200850018,90
201120024,60
201210023,30
201220001,45
201220011,60
201250016,45
201310009,45
201310024,120
201320004,90
201320017,45
201430004,90
201430007,75
201610002,45
201710020,90
201730007,90
201750005,30
202110006,60
202120014,90
202210015,120
202220005,60
202220007,30
202250007,15
202250008,60
202250018,90
202310008,135
202510010,120
202520003,105
202550002,30
202610007,60
202610010,135
202620001,90
202720013,30
202720014,60
202750008,135
202810018,60
202850008,30
203120007,60
203120010,75
203130003,75
203150012,75
203150016,60
203150024,60
203150033,45
203210019,60
203410011,75
203410034,90
203440006,225
203510026,60
203520010,90
203620001,75
203650008,60
203730004,0
203750005,120
204120018,90
204130003,90
204150003,60
204210024,120
204220004,120
204310013,120
204440002,90
204450003,165
204510005,60
204620006,90
204630006,135
205120009,120
205250005,90
205330005,90
205340002,150
205410012,150
205810004,90
205850002,90
207110007,75
207120012,60
207130008,75
207310008,60
207410026,90
207430005,120
207610009,60
207620002,75
207650006,180
207710014,90
207720011,75
207810026,180
207850008,90
208410021,150
208410022,60
208710008,90
209110013,90
209110014,90
209130002,60
209130007,60
209130010,60
209150015,60
209150022,60
209210014,120
209210017,120
209220006,75
209220011,150
209230004,180
209250013,210
209310010,60
209320016,60
209320018,60
209330009,60
209410022,120
209410023,150
209410024,45
209410025,90
209520006,30
209550003,60
209610011,60
209610014,75
209610015,90
209630004,60
209630011,60
209630013,60
209720004,60
209720008,75
209720009,120
209720011,60
209750007,60
209810001,60
209810014,60
209810018,135
209810019,120
209810020,90
209850003,0
209850007,60
209850008,60
210210002,150
210210022,90
210230003,180
210510009,90
210650007,240
210720015,60
210720023,180
211120034,120
211120038,60
211120039,120
211150032,60
211210014,45
211210035,255
211230009,90
211250012,90
211310021,150
211310023,240
211320015,165
211320017,150
211320018,60
211410037,15
211410046,120
211410048,90
211430005,60
211510032,120
211550006,60
211610018,60
211620015,120
211630004,30
211630029,90
211710009,30
211710017,240
211750008,0
211810001,60
211810016,60
211850011,60
212110019,240
212120027,45
212120046,90
212130004,120
212150033,90
212220004,90
212310033,60
212350003,120
212410038,90
212430002,120
212610011,120
212720006,15
212810012,90
212810018,120
213150003,90
213210019,30
213230006,210
213330001,60
213410021,60
213450008,270
213510011,60
213520003,30
213520004,90
213610010,105
213620008,60
213620010,150
213630006,60
213710003,90
213710008,120
213710009,180
213730003,270
213750002,60
213750003,210
213810011,60
213850001,90
213940001,120
214110003,135
214150012,135
214210007,105
214310007,245
214410005,95
214410017,105
214510002,105
214510003,60
214510004,60
214510005,90
214750005,180
215220012,75
215310007,180
215510001,30
215510017,150
215630014,210
215720001,90
215730001,30
215810004,90
215810010,90
216150012,60
216150015,180
216230002,60
216250004,90
216330004,150
216510008,165
216750003,90
216810003,120
216810008,90
216850003,60
217120002,140
217120003,75
217220003,210
217330003,75
217510005,225
217510008,90
217610002,175
217710007,90
217810010,90
217850001,30
218120004,60
218220002,60
218430002,60
218550003,60
218720006,60
218730003,30
218810004,60
219110018,150
219120030,90
219120037,90
219130005,30
219130007,60
219230012,75
219230015,135
219250018,60
219250020,60
219250028,60
219310012,90
219320017,60
219330005,60
219330012,60
219410002,60
219410031,30
219520002,90
219550003,60
219620008,195
219710006,60
219710007,15
219750002,60
219810013,60
219850001,60
220110015,105
220120009,30
220120020,45
220150032,60
220210025,105
220210026,270
220220007,150
220230007,75
220310029,120
220320010,60
220330018,75
220440001,45
220510009,120
220510019,30
220610011,105
220710002,240
220710019,165
220720008,60
220730003,285
220810013,60
220810020,180
220810022,60
220910004,90
221110006,165
221120010,60
221120012,45
221120014,60
221150005,120
221150007,120
221150008,180
221210009,105
221220001,60
221230005,90
221250003,60
221310006,90
221320005,60
221320015,120
221320016,90
221330001,60
221410010,120
221450002,60
221510001,60
221510004,105
221520002,120
221620004,150
221650001,60
221710005,60
221710006,60
221720005,120
221730002,30
221810003,60
221810006,90
221810007,60
221810008,60
221850002,30
222110009,60
222210012,120
222310012,60
222320009,0
222430004,45
222440003,60
222450002,0
222540003,0
222550001,75
222630007,180
222710006,90
222730002,180
222730003,60
222810010,30
222810014,60
222810015,60
222850005,75
224120015,270
224130009,90
224150016,60
224220005,120
224250006,120
224310008,120
224410015,150
224430001,90
224510018,150
224510020,240
224520003,30
224610005,60
224610006,60
224710007,120
224710009,270
224720006,45
224730005,120
224750005,60
224810014,150
224850008,180
225110025,60
225110027,60
225120035,45
225120037,60
225120056,120
225130007,90
225140004,60
225150038,195
225210013,60
225230011,45
225310005,45
225310060,90
225310077,90
225310079,120
225410026,60
225450014,60
225510014,90
225530002,210
225710005,90
225720005,45
225720008,225
229250004,60
229410011,180
229520002,60
229610007,210
229910001,15
230310002,60
230330004,90
230410003,120
230650001,120
230710003,150
231130005,60
231140003,60
231210007,60
231250003,135
231250006,240
231410006,60
231550001,120
231810008,60
234110007,90
234130002,60
234150004,60
234210007,150
234210011,360
234230004,105
234310004,45
234320002,45
234410001,105
234510001,60
234520002,150
234610004,60
234620003,60
234630002,120
234630003,60
234650002,45
234710001,135
234720004,60
235110008,60
235120017,120
235130001,90
235150013,90
235210005,60
235210006,60
235210018,90
235310013,60
235310017,180
235330004,90
235350001,90
235520004,90
235610009,60
235610012,90
235710001,60
235750001,60
235810006,120
235810021,90
236120017,60
236150016,90
236230002,30
236230005,60
236230006,90
236250003,60
236310003,60
236310006,15
236310010,30
236330005,165
236430001,60
236440001,60
236510012,90
236550001,60
236630009,60
236630012,150
236720005,60
236850003,165
238150001,90
238150002,90
238210001,60
238220001,90
238250001,90
238310001,90
238350001,105
238720001,90
238730001,105
238910001,150
240110001,60
240120007,75
240150004,60
240150005,195
240220001,75
240330001,105
240410006,180
240620005,90
241110002,90
241110004,150
241120010,150
241140002,135
241150008,30
241220002,90
241310002,60
241310006,135
241330001,120
241410013,120
241510006,60
241610001,60
241630004,60
241630007,30
241630008,90
241650002,90
241720001,90
241720007,60
246320007,210
248230001,120
248230004,90
248310001,75
248450002,30
248610001,90
252140001,90
252320001,90
252810001,120
258250005,60
258310002,90
258510001,135
T00217235,60
T00248274,60
T00251747,60
T00256629,90
T00257340,60
T00257599,60
T00258109,120
T00258573,90
T00259090,120
T00259580,90
T00259794,90
T00259825,90
T00259924,90
T00259953,90
T00260059,90
T00260188,90
T00260203,60
T00260410,90
T00260445,120
T00260658,105
T00260801,120
T00261017,60
T00261033,60
T00261132,60
T00261261,60
T00261266,60
T00261303,30
T00261331,90
T00261337,60
T00261416,90
T00261421,60
T00261529,90
T00261552,90
T00261566,90
T00261585,60
T00261606,60
T00261620,60
T00261628,60
T00261643,60
