,顧客ID,商品コード,売上単価,数量,売上,明細ID
0,112093,200006,8640,1,8640,1430000220901
3,121059,200006,8640,1,8640,380000323621
14,431039,200006,8640,1,8640,1130000059161
25,651028,200006,8640,1,8640,110000408341
28,711087,200006,8640,1,8640,60000739291
32,721111,200006,8640,1,8640,160000639261
38,751046,200071,16200,1,16200,390000123721
51,1120350,200006,8640,1,8640,60000740121
60,1150376,1B2201,28080,1,28080,20001631615
66,1310100,200006,8640,1,8640,20001632251
71,1321014,200006,8640,1,8640,1430000225961
77,1730012,1B2201,28080,1,28080,1430000221561
97,2112136,200071,16200,1,16200,1430000219561
103,2112528,200006,8640,1,8640,20001635061
107,2112548,1B2201,28080,1,28080,1560000026161
120,2112676,1A1501,105840,1,105840,20001635392
129,2120206,200006,8640,1,8640,20001634771
134,2122338,200071,16200,1,16200,2050000006581
148,2122370,200006,8640,1,8640,380000323191
155,2122607,1B2201,28080,1,28080,20001636466
160,2122737,200006,8640,1,8640,380000322581
165,2122874,200006,8640,1,8640,20001634382
166,2122990,200006,8640,1,8640,1940000026781
169,2123168,1B2201,28080,1,28080,20001635761
180,2123192,1B2201,28080,1,28080,20001627852
191,2123228,200071,16200,1,16200,20001628011
196,2123228,1B2201,28080,1,28080,20001628016
214,2123298,1A1501,105840,1,105840,20001632841
221,2123300,200071,16200,1,16200,20001635851
230,2140012,200006,8640,1,8640,20001628272
245,2152059,1B2201,28080,1,28080,20001638073
253,2152833,200006,8640,1,8640,1430000223161
257,2152849,1B2201,28080,1,28080,380000322711
263,2152955,200006,8640,1,8640,20001632571
279,2153095,200006,8640,1,8640,280000297633
280,2153138,1B2201,28080,1,28080,20001636761
294,2153173,200006,8640,1,8640,20001630051
307,2153177,200071,16200,1,16200,20001634661
310,2212263,1B2201,28080,1,28080,1430000220271
325,2212894,200071,16200,1,16200,1200000289611
344,2212976,1A1501,105840,1,105840,20001631632
346,2212976,1B2201,28080,1,28080,20001631634
356,2212978,200006,8640,1,8640,20001638001
365,2212979,1A1601,82080,1,82080,20001637641
376,2222307,1B2201,28080,1,28080,550000201091
382,2222375,1B2201,28080,1,28080,20001634741
394,2222401,1A1601,82080,1,82080,20001629452
409,2232383,1B2201,28080,1,28080,20001627972
413,2232387,1A1501,105840,1,105840,20001635881
414,2232387,1B2201,28080,1,28080,20001635882
422,2232388,1A1501,105840,1,105840,20001638911
424,2242010,200071,16200,1,16200,550000202251
426,2251012,1B2201,28080,1,28080,110000408411
427,2251240,1B2201,28080,1,28080,20001631661
435,2252292,1A1601,82080,1,82080,160000635981
438,2252456,200071,16200,1,16200,20001629211
441,2252531,200006,8640,1,8640,1430000221971
464,2252708,200071,16200,1,16200,20001636161
471,2311149,200071,16200,1,16200,290000367201
477,2312708,1B2201,28080,1,28080,20001628351
484,2312793,1B2201,28080,1,28080,20001631043
494,2312794,200006,8640,1,8640,160000637971
500,2312875,200006,8640,1,8640,20001634871
509,2312881,1B2201,28080,1,28080,20001634973
516,2312894,1A1501,105840,1,105840,20001633252
517,2312894,1B2201,28080,1,28080,20001633253
525,2312895,1A1501,105840,1,105840,20001638022
528,2312895,1B2201,28080,1,28080,20001638025
533,2312897,200071,16200,1,16200,20001637711
543,2322187,1B2201,28080,1,28080,1430000225291
567,2322609,1B2201,28080,1,28080,20001635113
580,2322625,1A1501,105840,1,105840,20001630831
588,2322627,200071,16200,1,16200,20001635121
591,2322627,1A1501,105840,1,105840,20001636621
596,2332270,200006,8640,1,8640,380000323281
598,2332313,1B2201,28080,1,28080,700000339201
604,2332460,1A1601,82080,1,82080,20001630161
610,2332530,1A1501,105840,1,105840,20001636242
612,2332530,1B2201,28080,1,28080,20001636244
620,2342092,200071,16200,1,16200,2050000006001
623,2342118,200071,16200,1,16200,60000738911
624,2342118,200006,8640,1,8640,60000738912
625,2352031,1B2201,28080,1,28080,20001633301
633,2412443,200006,8640,1,8640,550000202151
638,2412649,200006,8640,1,8640,380000322721
650,2412928,1B2201,28080,1,28080,20001634933
656,2412940,1B2201,28080,1,28080,20001628062
666,2413091,200006,8640,1,8640,1430000224311
671,2413105,1B2201,28080,1,28080,20001634333
675,2413108,1B2201,28080,1,28080,20001629281
692,2432182,1B2201,28080,1,28080,1430000225091
703,2451112,200006,8640,1,8640,20001632072
711,2452268,200071,16200,1,16200,20001628483
723,2512412,1B2201,28080,1,28080,530000901189
724,2512412,1B2201,28080,1,28080,530000901190
730,2512488,1B2201,28080,1,28080,20001629326
734,2512719,200006,8640,1,8640,20001633811
739,2512736,1A1601,82080,1,82080,20001629501
751,2522243,1A1501,105840,1,105840,20001630882
753,2522243,1B2201,28080,1,28080,20001630884
768,2552115,200071,16200,1,16200,20001636681
773,2610121,200006,8640,1,8640,20001633041
778,2612073,200006,8640,1,8640,820000262811
781,2612346,1B2201,28080,1,28080,20001637941
784,2612541,1B2201,28080,1,28080,20001630631
793,2612555,200006,8640,1,8640,20001628511
801,2612606,1A1501,105840,1,105840,20001635231
802,2612606,1B2201,28080,1,28080,20001635232
815,2630057,200006,8640,1,8640,1430000224281
825,2632193,200006,8640,1,8640,700000339591
845,2632263,1B2201,28080,1,28080,20001635301
853,2632279,200006,8640,1,8640,20001631321
874,2632519,1A1601,82080,1,82080,20001633102
886,2652252,1A1501,105840,1,105840,20001630301
898,2711224,1B2201,28080,1,28080,20001634711
901,2712524,200006,8640,1,8640,1430000220631
909,2722007,200006,8640,1,8640,20001636341
922,2722424,1B2201,28080,1,28080,20001629871
935,2722485,1B2201,28080,1,28080,320000505572
943,2752219,1B2201,28080,1,28080,20001628541
951,2752281,200006,8640,1,8640,20001632751
962,2812725,200006,8640,1,8640,20001638471
972,2812739,1A1501,105840,1,105840,20001634191
974,2812739,1B2201,28080,1,28080,20001634193
983,2812740,1A1501,105840,1,105840,20001637522
988,2812740,1B2201,28080,1,28080,20001637527
997,2852169,1B2201,28080,1,28080,20001630653
1011,2852369,200071,16200,1,16200,20001631422
1018,2912264,1B2201,28080,1,28080,20001629926
1023,2912282,200071,16200,1,16200,20001628551
1030,3112049,200071,16200,1,16200,30000234151
1037,3112049,1B2201,28080,1,28080,30000236172
1058,3342015,200071,16200,1,16200,30000235402
1067,3512047,200071,16200,1,16200,30000235392
1069,3632034,200006,8640,1,8640,30000234921
1076,3712033,1B2201,28080,1,28080,30000234306
1084,3722051,1B2201,28080,1,28080,30000235982
1101,5111146,200006,8640,1,8640,20001637981
1104,5141032,200071,16200,1,16200,20001630411
1106,5222012,200006,8640,1,8640,530000900991
1108,5332132,200006,8640,1,8640,1430000221741
1110,5342037,1B2201,28080,1,28080,530000902371
1140,5522050,1B2201,28080,1,28080,1120000058921
1162,5752067,200006,8640,1,8640,110000408721
1164,6112072,200006,8640,1,8640,320000507141
1175,6112433,1B2201,28080,1,28080,60000740423
1179,6112434,1A1601,82080,1,82080,60000734572
1201,6122048,1B2201,28080,1,28080,530000896871
1209,6122048,200006,8640,1,8640,530000903101
1211,6122292,200006,8640,1,8640,60000740651
1213,6122540,200006,8640,1,8640,60000736001
1237,6122762,1B2201,28080,1,28080,60000737202
1246,6122763,1B2201,28080,1,28080,60000739721
1253,6122772,200071,16200,1,16200,60000737851
1256,6122773,200071,16200,1,16200,60000738232
1260,6132191,200006,8640,1,8640,60000735872
1268,6132195,200006,8640,1,8640,60000736472
1276,6142101,200071,16200,1,16200,60000735661
1281,6152160,200006,8640,1,8640,60000738371
1289,6152195,1B2201,28080,1,28080,1310000052231
1299,6152221,1B2201,28080,1,28080,60000740153
1309,6152313,200006,8640,1,8640,60000734551
1323,6152550,1B2201,28080,1,28080,60000737702
1336,6152598,1B2201,28080,1,28080,60000737626
1349,6152634,1B2201,28080,1,28080,60000739562
1353,6152645,200006,8640,1,8640,60000738061
1355,6152647,200071,16200,1,16200,60000739791
1360,6152658,200006,8640,1,8640,60000740503
1384,6152671,1A1501,105840,1,105840,60000740282
1386,6152671,1B2201,28080,1,28080,60000740284
1389,6212125,200071,16200,1,16200,90000784541
1405,6212467,1B2201,28080,1,28080,290000366401
1410,6212477,200071,16200,1,16200,60000739181
1414,6212495,200006,8640,1,8640,160000640291
1418,6212514,200006,8640,1,8640,60000737721
1426,6212579,1B2201,28080,1,28080,60000735023
1432,6212579,1B2201,28080,1,28080,60000735029
1437,6212589,1A1501,105840,1,105840,60000735912
1466,6232230,200071,16200,1,16200,60000736551
1482,6232262,200006,8640,1,8640,60000735151
1487,6232262,1A1501,105840,1,105840,60000738381
1499,6232263,200006,8640,1,8640,60000736661
1513,6252219,1B2201,28080,1,28080,60000738763
1516,6252378,1B2201,28080,1,28080,60000734901
1535,6312116,200006,8640,1,8640,60000738661
1542,6312500,1B2201,28080,1,28080,60000736164
1556,6322157,200071,16200,1,16200,530000900781
1567,6322270,1B2201,28080,1,28080,60000738095
1578,6322338,1A1501,105840,1,105840,60000739862
1580,6322338,1B2201,28080,1,28080,60000739864
1582,6331012,200006,8640,1,8640,60000737591
1588,6332288,200006,8640,1,8640,60000736971
1590,6332295,1B2201,28080,1,28080,60000737831
1599,6342072,200071,16200,1,16200,60000738581
1627,6412190,200006,8640,1,8640,60000737111
1631,6412555,200006,8640,1,8640,850000603371
1657,6412675,1A1501,105840,1,105840,60000737772
1669,6412677,200071,16200,1,16200,60000739922
1681,6422007,200071,16200,1,16200,60000735521
1685,6422044,1A1501,105840,1,105840,60000736371
1697,6432044,200006,8640,1,8640,880000050481
1700,6432132,200071,16200,1,16200,60000736961
1708,6452136,1B2201,28080,1,28080,60000736814
1709,6452136,1B2201,28080,1,28080,60000736815
1719,6512336,1B2201,28080,1,28080,60000739191
1731,6512415,1A1601,82080,1,82080,60000739282
1739,6522053,200006,8640,1,8640,320000509561
1747,6552073,1A1501,105840,1,105840,60000738162
1761,6612107,200006,8640,1,8640,1430000227261
1770,6612346,200006,8640,1,8640,60000736781
1774,6612356,200006,8640,1,8640,60000739051
1780,6622158,200006,8640,1,8640,90000786091
1786,6622170,1B2201,28080,1,28080,60000738694
1789,6622194,1A1601,82080,1,82080,60000739411
1799,6632263,1B2201,28080,1,28080,60000738644
1802,6632266,200006,8640,1,8640,90000785382
1808,6632266,1B2201,28080,1,28080,90000785388
1816,6632289,200006,8640,1,8640,60000737051
1821,6632291,1B2201,28080,1,28080,60000734682
1844,6632299,1A1501,105840,1,105840,60000739272
1862,6652156,1A1601,82080,1,82080,60000739372
1887,6722275,1A1601,82080,1,82080,60000740412
1890,6732092,200071,16200,1,16200,60000736241
1894,6732092,1B2201,28080,1,28080,60000736245
1902,6752152,1A1501,105840,1,105840,60000738882
1914,6811119,200006,8640,1,8640,890000085361
1916,6812142,1B2201,28080,1,28080,290000367461
1924,6812330,200006,8640,1,8640,60000735811
1939,6812445,200006,8640,1,8640,60000738963
1950,6852232,200071,16200,1,16200,60000736872
1956,6912175,200006,8640,1,8640,60000737061
1958,6912175,200071,16200,1,16200,60000737063
1963,6922021,200006,8640,1,8640,60000735361
1968,7122101,200071,16200,1,16200,70000145122
1983,7152105,1A1501,105840,1,105840,70000144152
2007,7152107,200071,16200,1,16200,70000144961
2018,7232030,200071,16200,1,16200,70000145011
2023,7252061,1A1501,105840,1,105840,70000144002
2036,7252062,1A1501,105840,1,105840,70000144602
2047,7332035,200071,16200,1,16200,70000144371
2054,7512075,200006,8640,1,8640,70000144902
2069,7632028,1A1501,105840,1,105840,70000144592
2080,7722036,1A1501,105840,1,105840,70000144942
2097,7852032,1A1501,105840,1,105840,70000144192
2099,7852032,1B2201,28080,1,28080,70000144194
2109,8511077,200071,16200,1,16200,160000640671
2113,9111022,200006,8640,1,8640,90000787531
2117,9112082,200006,8640,1,8640,390000123741
2123,9112196,200071,16200,1,16200,90000787411
2129,9121106,1B2201,28080,1,28080,90000784274
2136,9122305,200006,8640,1,8640,60000737761
2142,9122365,200006,8640,1,8640,90000784812
2148,9132090,200071,16200,1,16200,60000734961
2157,9152287,1A1601,82080,1,82080,90000784852
2167,9212167,200006,8640,1,8640,60000735171
2179,9251021,200006,8640,1,8640,60000738151
2188,9252149,1B2201,28080,1,28080,90000782803
2189,9252149,1B2201,28080,1,28080,90000782804
2197,9252182,1A1501,105840,1,105840,90000785161
2208,9252183,200006,8640,1,8640,90000786471
2213,9312200,1B2201,28080,1,28080,90000785002
2224,9332119,200006,8640,1,8640,60000738101
2242,9432031,200006,8640,1,8640,90000784531
2248,9442018,200071,16200,1,16200,90000787701
2253,9451010,1B2201,28080,1,28080,90000787363
2272,9522045,1B2201,28080,1,28080,90000785903
2290,9622078,1A1501,105840,1,105840,90000784821
2309,9722100,200006,8640,1,8640,2050000006361
2315,9912085,200006,8640,1,8640,90000783241
2320,9912085,200071,16200,1,16200,90000783246
2324,9912089,1B2201,28080,1,28080,90000786493
2329,10112176,1A1501,105840,1,105840,100001129281
2344,10122291,200006,8640,1,8640,100001130041
2357,10312223,200071,16200,1,16200,100001130371
2364,10342016,200071,16200,1,16200,100001129693
2366,10412247,200071,16200,1,16200,100001129381
2375,10412249,200006,8640,1,8640,100001129101
2383,10711001,200071,16200,1,16200,100001130291
2397,10912073,1A1501,105840,1,105840,100001130031
2419,11122360,1A1501,105840,1,105840,110000408172
2426,11152276,200006,8640,1,8640,110000407661
2431,11212247,200006,8640,1,8640,110000407881
2432,11212247,200071,16200,1,16200,110000407882
2434,11212255,200006,8640,1,8640,110000407951
2436,11212259,1A1601,82080,1,82080,110000408871
2439,11222077,200006,8640,1,8640,880000051071
2445,11232096,1A1501,105840,1,105840,1940000027241
2449,11232096,1B2201,28080,1,28080,1940000027245
2459,11252154,200006,8640,1,8640,110000408021
2468,11322034,200006,8640,1,8640,150000393521
2474,11322116,200071,16200,1,16200,110000408392
2489,11412215,200006,8640,1,8640,110000407481
2496,11412288,1A1601,82080,1,82080,110000408971
2500,11432056,1B2201,28080,1,28080,530000900533
2502,11512028,200006,8640,1,8640,1430000221201
2511,11512196,1A1601,82080,1,82080,110000407303
2519,11612101,200006,8640,1,8640,110000407591
2534,11712051,200006,8640,1,8640,2010000017661
2539,11712147,1A1601,82080,1,82080,110000408641
2541,11732048,1A1501,105840,1,105840,110000408131
2543,11732048,1B2201,28080,1,28080,110000408133
2550,11812053,200006,8640,1,8640,20001632561
2556,11852086,200071,16200,1,16200,110000408431
2576,12512077,1B2201,28080,1,28080,120000238734
2585,12612073,1B2201,28080,1,28080,120000240582
2607,14122257,1B2201,28080,1,28080,140000853326
2631,14332142,200071,16200,1,16200,780000194211
2635,14412382,200006,8640,1,8640,2040000009561
2645,14512016,200006,8640,1,8640,140000850791
2669,14611024,200006,8640,1,8640,140000850051
2688,14722085,1B2201,28080,1,28080,140000852023
2714,15121015,200006,8640,1,8640,150000394731
2725,15132058,200006,8640,1,8640,150000391981
2727,15142028,1A1501,105840,1,105840,280000299591
2728,15142028,1B2201,28080,1,28080,280000299592
2736,15142041,200006,8640,1,8640,150000393012
2740,15152214,1B2201,28080,1,28080,380000323923
2748,15212197,200006,8640,1,8640,150000394211
2752,15212217,1A1501,105840,1,105840,150000394401
2758,15232086,200071,16200,1,16200,150000393231
2771,15332107,1A1601,82080,1,82080,150000392121
2776,15411006,1B2201,28080,1,28080,150000394101
2780,15412008,200006,8640,1,8640,60000737521
2790,15522058,200006,8640,1,8640,150000392351
2794,15552029,200006,8640,1,8640,550000201781
2796,15611002,200006,8640,1,8640,150000392851
2798,15612119,200006,8640,1,8640,150000394121
2800,15612149,1A1601,82080,1,82080,150000391971
2807,15652035,200006,8640,1,8640,150000393961
2811,15711008,1B2201,28080,1,28080,150000392422
2815,15712160,200006,8640,1,8640,1430000224511
2830,15812163,200006,8640,1,8640,150000392131
2834,15852079,200006,8640,1,8640,320000506181
2843,16122232,200071,16200,1,16200,540000163012
2846,16122376,1B2201,28080,1,28080,730000109181
2852,16122474,1A1501,105840,1,105840,160000637352
2862,16122475,1A1601,82080,1,82080,160000637811
2875,16142045,200071,16200,1,16200,2010000017371
2881,16152345,200006,8640,1,8640,160000640131
2900,16212159,200071,16200,1,16200,730000108251
2915,16312033,200006,8640,1,8640,380000323501
2926,16322141,200006,8640,1,8640,160000638111
2933,16322211,200006,8640,1,8640,160000635352
2941,16322211,200071,16200,1,16200,160000639781
2944,16322212,200006,8640,1,8640,160000636121
2946,16322214,200071,16200,1,16200,160000639671
2949,16342059,1B2201,28080,1,28080,160000640171
2958,16512300,1A1601,82080,1,82080,160000636991
2965,16552052,200006,8640,1,8640,20001637991
2967,16612146,200006,8640,1,8640,160000636111
2969,16612247,200006,8640,1,8640,160000639811
2973,16622143,1B2201,28080,1,28080,160000635181
2977,16632184,200006,8640,1,8640,160000636381
2996,16812295,200071,16200,1,16200,160000636362
3009,16852145,1B2201,28080,1,28080,1770000185496
3016,17152147,200071,16200,1,16200,60000739011
3020,17212090,200006,8640,1,8640,60000739451
3039,18151051,1B2201,28080,1,28080,20001631101
3044,18251019,200071,16200,1,16200,70000144781
3051,18722023,200071,16200,1,16200,660000216751
3054,18751007,200006,8640,1,8640,1430000224971
3070,20412105,200071,16200,1,16200,160000635991
3075,21212128,1B2201,28080,1,28080,1380000018373
3094,21712045,200006,8640,1,8640,1380000018761
3095,21812134,1B2201,28080,1,28080,1200000288771
3102,22311017,200006,8640,1,8640,1620000243401
3105,22412060,1B2201,28080,1,28080,380000323741
3114,23132020,200006,8640,1,8640,1620000241101
3116,23132090,200006,8640,3,25920,1620000245061
3120,23212301,200006,8640,0,0,1620000238031
3122,23212301,1B2201,28080,1,28080,1620000238033
3131,23252112,200006,8640,1,8640,1620000236921
3133,23312222,200006,8640,1,8640,1620000244471
3144,23432056,200006,8640,1,8640,1620000240521
3161,23622103,200071,16200,1,16200,1620000237681
3165,23622129,200071,16200,1,16200,630000730302
3166,23622129,200006,8640,1,8640,630000730303
3173,23711020,200071,16200,1,16200,1160000005901
3177,23712128,1B2201,28080,1,28080,1620000238951
3182,23712276,200006,8640,0,0,1620000241111
3201,25152116,200006,8640,1,8640,550000202271
3213,25152370,200071,16200,1,16200,250000596051
3214,25152370,200006,8640,1,8640,250000596052
3221,25152380,1B2201,28080,1,28080,250000594114
3245,25252167,1B2201,28080,1,28080,250000594466
3254,25412198,200006,8640,1,8640,250000595211
3257,25412315,200006,8640,1,8640,250000594701
3262,25432075,1B2201,28080,1,28080,530000896083
3272,25522046,200006,8640,1,8640,250000597341
3278,25632109,200006,8640,1,8640,360000665892
3298,25852013,200006,8640,1,8640,250000595002
3311,26452052,200006,8640,1,8640,20001636611
3318,26552042,1B2201,28080,1,28080,110000407891
3322,26632016,200006,8640,1,8640,530000903241
3329,27122107,1B2201,28080,1,28080,430000083531
3352,28152057,200006,8640,1,8640,280000299241
3362,28152265,200006,8640,1,8640,1940000026001
3366,28152279,200006,8640,1,8640,280000298101
3367,28152279,200071,16200,1,16200,280000298102
3371,28152281,200006,8640,1,8640,280000299341
3382,28232020,1B2201,28080,1,28080,280000298615
3392,28232058,1B2201,28080,1,28080,280000297605
3394,28252051,1B2201,28080,1,28080,280000298531
3406,28312184,1A1501,105840,1,105840,280000297881
3407,28312184,1B2201,28080,1,28080,280000297882
3426,28332027,1B2201,28080,1,28080,280000298654
3434,28352019,1B2201,28080,1,28080,530000899243
3441,28431000,1B2201,28080,1,28080,20001628641
3448,28612090,1B2201,28080,1,28080,280000297473
3465,28652012,200006,8640,1,8640,1200000288341
3479,29112292,1B2201,28080,1,28080,290000366452
3485,29122245,1A1501,105840,1,105840,60000739881
3487,29122245,1B2201,28080,1,28080,60000739883
3489,29122294,200071,16200,1,16200,290000366591
3501,29212137,200006,8640,1,8640,60000736601
3507,29212264,1A1601,82080,1,82080,290000366612
3515,29222100,200006,8640,1,8640,290000366631
3525,29232087,1B2201,28080,1,28080,60000739175
3536,29252168,200006,8640,1,8640,290000366321
3545,29332139,200006,8640,1,8640,290000366491
3550,29542009,200006,8640,1,8640,1110000054941
3569,29732067,200006,8640,1,8640,290000366482
3572,31112017,1A1601,82080,1,82080,1100000050551
3577,31112028,200006,8640,1,8640,880000050741
3582,32112209,1A1601,82080,1,82080,320000509341
3585,32122317,200006,8640,1,8640,1430000224531
3600,32152299,1B2201,28080,1,28080,320000506592
3608,32152299,1B2201,28080,1,28080,320000509023
3619,32212284,1B2201,28080,1,28080,320000509972
3634,32222117,1A1601,82080,1,82080,320000505602
3641,32222118,200006,8640,1,8640,320000506291
3646,32252190,1B2201,28080,1,28080,320000509353
3651,32252196,1A1501,105840,1,105840,320000509531
3677,32412105,1B2201,28080,1,28080,320000509281
3690,32432017,1B2201,28080,1,28080,370000441794
3697,32512106,1B2201,28080,1,28080,320000508502
3703,32512246,1A1501,105840,1,105840,320000508892
3707,32512246,1B2201,28080,1,28080,320000508896
3718,32552032,1B2201,28080,1,28080,320000509715
3727,32612147,200006,8640,1,8640,320000508351
3730,32632114,1B2201,28080,1,28080,320000506582
3738,32652006,200006,8640,1,8640,320000505851
3746,32712124,200006,8640,1,8640,320000508511
3748,32712139,200071,16200,1,16200,20001638721
3749,32712139,200006,8640,1,8640,20001638722
3753,32712139,1B2201,28080,1,28080,730000108241
3770,32722124,1B2201,28080,1,28080,320000507731
3776,32812119,200006,8640,1,8640,60000736631
3787,32832010,1B2201,28080,1,28080,320000507213
3794,32852118,1A1501,105840,1,105840,320000505912
3814,34122072,1A1501,105840,1,105840,340000051802
3816,34122072,1B2201,28080,1,28080,340000051804
3823,34252028,200006,8640,1,8640,340000051841
3825,34312048,1A1501,105840,1,105840,340000051851
3829,34312048,1B2201,28080,1,28080,340000051855
3837,34552005,200071,16200,1,16200,340000051911
3841,34552010,200006,8640,1,8640,340000051972
3842,34552010,200071,16200,1,16200,340000052031
3846,34912020,1A1501,105840,1,105840,340000052131
3853,35112197,1B2201,28080,1,28080,350000643711
3874,35152322,1B2201,28080,1,28080,350000642034
3877,35152349,1A1501,105840,1,105840,350000639443
3879,35152349,1B2201,28080,1,28080,350000639445
3890,35152354,200006,8640,1,8640,350000644251
3893,35212101,1A1501,105840,1,105840,370000443241
3914,35212312,1A1501,105840,1,105840,350000642451
3916,35222088,1B2201,28080,1,28080,370000442791
3924,35222096,200006,8640,1,8640,350000644661
3926,35222125,200006,8640,1,8640,370000444101
3933,35252212,1B2201,28080,1,28080,350000637654
3940,35252216,200071,16200,1,16200,370000444401
3950,35312213,1B2201,28080,1,28080,350000638964
3962,35322206,1B2201,28080,1,28080,350000643433
3970,35322210,1B2201,28080,1,28080,350000644743
3977,35332010,200006,8640,1,8640,1680000017551
3978,35332010,200071,16200,1,16200,1680000017552
4012,35522092,200006,8640,1,8640,350000638462
4032,35632184,200006,8640,1,8640,350000639971
4038,35652059,1A1501,105840,1,105840,350000638031
4049,35712151,200071,16200,1,16200,370000445531
4055,35712287,1A1501,105840,1,105840,350000638042
4065,35712289,1A1501,105840,1,105840,350000642951
4067,35712289,1B2201,28080,1,28080,350000642953
4069,35712290,1A1501,105840,1,105840,350000643031
4071,35712290,1B2201,28080,1,28080,350000643033
4073,35722007,200006,8640,1,8640,370000446991
4075,35722173,200006,8640,1,8640,350000639981
4081,35722176,1B2201,28080,1,28080,350000642343
4098,35812309,1A1501,105840,1,105840,350000644612
4100,35812309,1B2201,28080,1,28080,350000644614
4127,36122450,1B2201,28080,1,28080,250000595841
4140,36132131,1A1501,105840,1,105840,360000672932
4144,36152472,200006,8640,1,8640,360000663072
4145,36152472,200071,16200,1,16200,360000669531
4189,36522052,200071,16200,1,16200,360000663061
4194,36612120,1B2201,28080,1,28080,1570000033833
4200,36622083,200071,16200,1,16200,360000672881
4201,36622083,200006,8640,1,8640,360000672882
4208,36622105,200071,16200,1,16200,360000663792
4209,36632109,200006,8640,1,8640,360000669471
4218,36632149,1A1501,105840,1,105840,360000662732
4230,36712181,200006,8640,1,8640,360000671954
4239,36722153,1A1501,105840,1,105840,360000670212
4244,36732049,200006,8640,1,8640,360000665901
4262,36812276,200006,8640,1,8640,360000672812
4263,36852148,200006,8640,1,8640,360000666561
4281,37112229,200006,8640,1,8640,370000446331
4287,37122094,1B2201,28080,1,28080,370000441564
4288,37122252,200006,8640,1,8640,370000441551
4293,37122481,1B2201,28080,1,28080,370000444024
4296,37122494,1A1501,105840,1,105840,370000443361
4298,37122494,1B2201,28080,1,28080,370000443363
4311,37122496,200006,8640,1,8640,370000444491
4318,37142074,1A1601,82080,1,82080,370000442971
4328,37152043,200006,8640,1,8640,350000640553
4336,37152394,200006,8640,1,8640,370000442951
4340,37152395,1A1501,105840,1,105840,370000445951
4348,37212287,200071,16200,1,16200,370000446071
4353,37212371,200006,8640,1,8640,370000443501
4360,37212380,1A1501,105840,1,105840,370000443311
4365,37212380,1B2201,28080,1,28080,370000443316
4374,37212382,1A1601,82080,1,82080,370000446531
4383,37232174,1B2201,28080,1,28080,370000441255
4388,37232180,1A1501,105840,1,105840,370000442691
4405,37252024,200071,16200,1,16200,370000443404
4410,37252202,1B2201,28080,1,28080,370000444143
4417,37252220,1A1501,105840,1,105840,370000442091
4433,37252223,200071,16200,1,16200,370000445371
4436,37252225,200071,16200,1,16200,370000446201
4449,37312268,1A1501,105840,1,105840,370000445991
4476,37412472,1B2201,28080,1,28080,370000444395
4480,37452116,1A1501,105840,1,105840,370000443711
4498,37512356,1B2201,28080,1,28080,370000444704
4502,37512363,1A1501,105840,1,105840,370000443921
4503,37512363,1B2201,28080,1,28080,370000443922
4515,37512364,1A1501,105840,1,105840,370000444591
4524,37512366,1A1501,105840,1,105840,370000444731
4535,37522060,1B2201,28080,1,28080,370000441683
4546,37612289,1A1601,82080,1,82080,370000441001
4555,37612291,1A1501,105840,1,105840,370000445181
4579,37632285,1A1501,105840,1,105840,370000442271
4586,37632285,1B2201,28080,1,28080,370000442278
4592,37632286,1A1501,105840,1,105840,370000443531
4608,37652083,1A1501,105840,1,105840,370000444361
4631,37722036,1B2201,28080,1,28080,370000446682
4658,37812339,1A1501,105840,1,105840,370000442221
4666,37812340,1A1601,82080,1,82080,370000442421
4674,37812342,200006,8640,1,8640,370000446611
4695,37912094,1A1501,105840,1,105840,370000443031
4699,37912094,1B2201,28080,1,28080,370000443035
4706,37922014,1B2201,28080,1,28080,370000442392
4716,38112165,1B2201,28080,1,28080,380000322152
4718,38112292,200006,8640,1,8640,380000324031
4724,38122056,1B2201,28080,1,28080,1430000227462
4726,38122447,200006,8640,1,8640,380000323751
4736,38152182,1B2201,28080,1,28080,380000324002
4740,38152458,1A1601,82080,1,82080,380000322511
4747,38152459,200071,16200,1,16200,380000322691
4752,38152460,1A1601,82080,1,82080,380000323601
4755,38152462,200071,16200,1,16200,380000323352
4761,38212162,200006,8640,1,8640,380000323101
4769,38212241,1B2201,28080,1,28080,380000322071
4775,38212355,200006,8640,1,8640,380000323001
4780,38222156,200006,8640,1,8640,1940000027351
4782,38222166,200006,8640,1,8640,380000322851
4795,38312332,200006,8640,1,8640,380000323221
4800,38312333,200006,8640,1,8640,380000323251
4806,38312334,1A1501,105840,1,105840,380000323371
4810,38322057,200006,8640,1,8640,1430000224521
4812,38322198,200006,8640,1,8640,1370000029891
4816,38332202,200006,8640,1,8640,380000324061
4820,38412429,200006,8640,1,8640,1430000224071
4833,38512293,1A1501,105840,1,105840,380000322051
4845,38522047,200006,8640,1,8640,380000323091
4849,38612200,200006,8640,1,8640,20001638431
4854,38612237,200006,8640,1,8640,1430000222401
4857,38632142,200006,8640,1,8640,150000394191
4864,38642006,200006,8640,1,8640,380000322651
4879,38722183,200006,8640,1,8640,380000323821
4884,38732074,200006,8640,1,8640,380000324051
4894,38812276,200006,8640,1,8640,1770000187541
4900,38912098,1A1501,105840,1,105840,380000323011
4908,38912099,200071,16200,1,16200,380000323331
4922,39122146,1A1501,105840,1,105840,390000124971
4925,39122146,1B2201,28080,1,28080,390000124974
4935,39152125,1B2201,28080,1,28080,390000125051
4967,39252079,1A1501,105840,1,105840,390000123692
4968,39252079,1B2201,28080,1,28080,390000123693
4980,39252081,1A1501,105840,1,105840,390000124362
4982,39252081,1B2201,28080,1,28080,390000124364
4996,39312062,200006,8640,1,8640,30000235961
4997,39312062,200071,16200,1,16200,30000235962
4999,39312101,1B2201,28080,1,28080,390000124991
5005,39432036,1A1501,105840,1,105840,390000124982
5010,39512061,1B2201,28080,1,28080,390000124094
5013,39612071,1B2201,28080,1,28080,390000123711
5034,40132111,200071,16200,1,16200,400000567801
5040,40152277,1B2201,28080,1,28080,400000567552
5057,40512187,200071,16200,1,16200,400000570582
5068,40712153,200006,8640,1,8640,400000567963
5074,40722016,1B2201,28080,1,28080,840000115511
5078,40852086,1A1601,82080,1,82080,400000569042
5099,42122036,200006,8640,1,8640,370000444541
5100,42332012,1B2201,28080,1,28080,370000444521
5111,42812075,200006,8640,1,8640,370000444091
5112,42812075,200071,16200,1,16200,370000444092
5119,43132010,1B2201,28080,1,28080,1430000219273
5126,43132034,1A1501,105840,1,105840,430000083813
5128,43132034,1B2201,28080,1,28080,430000083815
5134,43152122,200006,8640,1,8640,430000083631
5137,43152122,200006,8640,1,8640,430000083771
5140,43152137,1A1501,105840,1,105840,430000083481
5153,43312089,200006,8640,1,8640,380000322881
5157,43332052,1A1501,105840,1,105840,430000083452
5159,43332052,1B2201,28080,1,28080,430000083454
5171,43432021,200071,16200,1,16200,430000083292
5173,43512008,200006,8640,1,8640,150000393831
5181,43612059,1A1501,105840,1,105840,430000083271
5183,43612059,1B2201,28080,1,28080,430000083273
5200,43912028,1A1501,105840,1,105840,430000083251
5203,43912028,1B2201,28080,1,28080,430000083254
5212,44222005,200071,16200,1,16200,440000101781
5221,44252063,1B2201,28080,1,28080,440000101842
5224,44252070,200071,16200,1,16200,440000101391
5229,44252072,1A1501,105840,1,105840,440000101541
5235,44312069,1A1501,105840,1,105840,440000102041
5245,44412076,1B2201,28080,1,28080,440000101951
5254,44632065,1A1501,105840,1,105840,440000101122
5255,44632065,1B2201,28080,1,28080,440000101123
5275,44912041,1A1501,105840,1,105840,440000101481
5276,44912041,1B2201,28080,1,28080,440000101482
5300,45112179,1B2201,28080,1,28080,450000352660
5303,45112185,1B2201,28080,1,28080,450000352033
5312,45112187,1A1501,105840,1,105840,450000352561
5316,45112187,1B2201,28080,1,28080,450000352565
5318,45122095,200006,8640,1,8640,1430000219661
5325,45122226,1B2201,28080,1,28080,450000350896
5332,45132018,200006,8640,1,8640,450000353341
5336,45152111,1B2201,28080,1,28080,450000352981
5345,45152253,1B2201,28080,1,28080,450000352974
5346,45152269,200006,8640,1,8640,1770000185241
5347,45152270,200006,8640,1,8640,450000351211
5351,45152297,200006,8640,1,8640,450000352931
5360,45212078,1B2201,28080,2,56160,450000352533
5371,45212133,1B2201,28080,1,28080,450000350758
5387,45222107,1B2201,28080,1,28080,450000353332
5391,45232085,200071,16200,1,16200,450000351201
5396,45252179,1B2201,28080,1,28080,450000351953
5411,45312184,1B2201,28080,1,28080,450000352891
5441,45412012,1B2201,28080,1,28080,450000352771
5442,45412179,200006,8640,1,8640,1430000226391
5445,45412219,1B2201,28080,1,28080,450000352623
5451,45412273,1A1501,105840,1,105840,450000352191
5490,45612136,200006,8640,1,8640,450000352213
5499,45632122,1A1501,105840,1,105840,450000353051
5509,45652045,1B2201,28080,1,28080,2090000013971
5519,45722006,1B2201,28080,1,28080,450000353036
5526,45722139,1B2201,28080,1,28080,450000352673
5541,45732016,1B2201,28080,1,28080,450000352373
5549,45732052,1B2201,28080,1,28080,450000352121
5558,45812055,1B2201,28080,1,28080,450000351421
5565,45812089,200006,8640,1,8640,1940000027061
5567,45832002,1B2201,28080,1,28080,450000351071
5586,46812021,200006,8640,1,8640,630000725571
5594,47312044,1A1501,105840,1,105840,470000084472
5604,47722026,200006,8640,1,8640,470000084701
5614,53112141,200071,16200,1,16200,1430000224952
5620,53112422,1B2201,28080,1,28080,320000508071
5658,53122787,1A1501,105840,1,105840,530000895072
5672,53122788,1A1501,105840,1,105840,530000895562
5677,53122788,1B2201,28080,1,28080,530000895567
5686,53122789,1A1501,105840,1,105840,530000895982
5699,53122790,200071,16200,1,16200,530000896882
5706,53132178,200006,8640,1,8640,380000323631
5714,53132225,1A1501,105840,1,105840,530000900691
5727,53132226,1A1601,82080,1,82080,530000902581
5740,53152704,1B2201,28080,1,28080,530000898241
5755,53152732,1A1501,105840,1,105840,530000897301
5756,53152732,1B2201,28080,1,28080,530000897302
5768,53152734,1A1501,105840,1,105840,530000902321
5770,53152734,1B2201,28080,1,28080,530000902323
5780,53212178,200006,8640,1,8640,530000896001
5782,53212478,200006,8640,1,8640,20001631711
5789,53212593,200071,16200,1,16200,530000897421
5804,53212653,1A1601,82080,1,82080,530000902311
5808,53212654,200071,16200,1,16200,530000902971
5820,53222267,200071,16200,1,16200,530000895481
5825,53232238,1B2201,28080,1,28080,530000899203
5826,53232238,1B2201,28080,1,28080,530000899204
5844,53312041,200006,8640,1,8640,320000507292
5845,53312181,200006,8640,1,8640,380000321931
5850,53312310,200006,8640,1,8640,630000723402
5856,53312574,1A1601,82080,1,82080,530000901011
5860,53322379,1A1501,105840,1,105840,530000901851
5862,53322379,1B2201,28080,1,28080,530000901853
5871,53332341,1A1501,105840,1,105840,530000896052
5876,53332341,1B2201,28080,1,28080,530000896057
5881,53332342,1A1601,82080,1,82080,530000900761
5911,53342103,1A1501,105840,1,105840,530000900921
5915,53412622,1B2201,28080,1,28080,530000901041
5927,53412745,200006,8640,1,8640,530000897091
5929,53412746,200071,16200,1,16200,530000897471
5948,53452149,200006,8640,1,8640,530000900541
5953,53452156,200071,16200,1,16200,530000898941
5962,53512176,200006,8640,1,8640,530000903221
5968,53512425,1B2201,28080,1,28080,530000898415
5974,53512486,200071,16200,1,16200,530000900561
5992,53522148,200071,16200,1,16200,530000897002
5996,53552026,1B2201,28080,1,28080,320000506822
6012,53612357,1B2201,28080,1,28080,530000902513
6019,53622007,1B2201,28080,1,28080,530000901052
6035,53632245,200006,8640,1,8640,20001635311
6036,53632266,1B2201,28080,1,28080,530000901481
6043,53632315,200071,16200,1,16200,530000901911
6050,53712130,200006,8640,1,8640,360000666801
6054,53712251,200071,16200,1,16200,530000896981
6056,53712304,200006,8640,1,8640,1360000068671
6063,53712391,200071,16200,1,16200,530000897072
6067,53712392,1A1501,105840,1,105840,530000898451
6072,53712392,1B2201,28080,1,28080,530000898456
6083,53712394,1A1501,105840,1,105840,530000902911
6084,53712394,1B2201,28080,1,28080,530000902912
6090,53722194,200006,8640,1,8640,20001628122
6101,53722326,1A1601,82080,1,82080,530000897151
6108,53722329,1A1601,82080,1,82080,530000899302
6115,53722329,1B2201,28080,1,28080,530000900341
6122,53732032,1B2201,28080,1,28080,530000898491
6137,53752184,1A1501,105840,1,105840,530000898421
6138,53752184,1B2201,28080,1,28080,530000898422
6165,53812455,1A1501,105840,1,105840,530000901171
6174,53852232,1B2201,28080,1,28080,530000899331
6180,53852246,1A1501,105840,1,105840,530000899051
6189,53912194,200071,16200,1,16200,530000895301
6205,54332041,200006,8640,1,8640,540000162654
6208,54332042,1A1601,82080,1,82080,540000162851
6210,54332042,1B2201,28080,1,28080,540000162853
6218,54512173,1B2201,28080,1,28080,540000162461
6227,54522036,1B2201,28080,1,28080,2400000004082
6234,54712083,200006,8640,1,8640,540000163041
6246,55112156,200006,8640,1,8640,550000200201
6249,55122044,200006,8640,1,8640,550000201651
6259,55152257,1A1501,105840,1,105840,550000201671
6264,55232033,200006,8640,1,8640,1430000224661
6266,55232040,200006,8640,1,8640,530000897101
6273,55312217,200071,16200,1,16200,550000200701
6276,55322064,1B2201,28080,1,28080,2050000006231
6287,55432049,200071,16200,1,16200,550000201121
6293,55432051,1A1501,105840,1,105840,550000200732
6304,55452049,1B2201,28080,1,28080,550000201643
6315,55652048,200071,16200,1,16200,550000200861
6319,55712094,200071,16200,1,16200,550000201791
6324,55722088,1B2201,28080,1,28080,550000201552
6331,55852091,200071,16200,1,16200,550000200901
6355,56312029,1B2201,28080,1,28080,560000099662
6364,56652019,200006,8640,1,8640,560000099091
6370,57112020,1B2201,28080,1,28080,570000079021
6374,57112063,1B2201,28080,1,28080,1910000017661
6388,57212072,200071,16200,1,16200,570000078971
6389,57212072,200006,8640,1,8640,570000078972
6395,57232050,1B2201,28080,1,28080,570000079244
6404,57312179,1B2201,28080,1,28080,570000079011
6424,57512046,200006,8640,1,8640,570000078951
6428,57632030,1B2201,28080,1,28080,570000079001
6434,57732028,200006,8640,1,8640,570000079271
6436,57752011,1B2201,28080,1,28080,570000079251
6441,57912038,200006,8640,1,8640,570000079121
6452,58222018,1B2201,28080,1,28080,630000726963
6472,60112115,200071,16200,1,16200,600000132341
6475,60122106,200006,8640,1,8640,600000133011
6490,60122185,1A1501,105840,1,105840,600000132522
6504,60132048,1A1501,105840,1,105840,600000131931
6507,60132048,1B2201,28080,1,28080,600000131934
6516,60142001,200071,16200,1,16200,600000131761
6525,60152134,1A1501,105840,1,105840,600000132651
6527,60212122,200071,16200,1,16200,600000132591
6531,60212122,1A1601,82080,1,82080,600000132631
6541,60252093,200006,8640,1,8640,600000132061
6546,60252094,1A1501,105840,1,105840,600000132482
6566,60332065,1A1501,105840,1,105840,600000131892
6591,60412165,200071,16200,1,16200,600000132411
6599,60552015,200071,16200,1,16200,600000132621
6602,60552015,200006,8640,1,8640,600000132911
6605,60552018,200071,16200,1,16200,600000131652
6608,60552020,200071,16200,1,16200,600000132681
6615,60612068,200006,8640,1,8640,600000132081
6620,60612068,200071,16200,1,16200,600000132321
6623,60612068,200071,16200,1,16200,600000132781
6635,60722042,200071,16200,1,16200,600000131611
6642,60752032,1A1501,105840,1,105840,600000132762
6649,60752034,1A1501,105840,1,105840,600000133232
6651,60812024,200071,16200,1,16200,600000132451
6652,60812097,1A1601,82080,1,82080,600000132491
6659,60812099,200071,16200,1,16200,600000132732
6663,60852048,200006,8640,1,8640,600000132171
6670,61152080,1A1601,82080,1,82080,610000064921
6677,61212076,1A1601,82080,1,82080,880000050821
6690,61322042,200071,16200,1,16200,610000065051
6717,62152154,200071,16200,1,16200,620000133041
6725,62252053,1B2201,28080,1,28080,620000134806
6752,62652022,1A1501,105840,1,105840,620000132901
6760,62722065,200006,8640,1,8640,620000134151
6762,63112102,200006,8640,1,8640,1940000026911
6765,63112223,1B2201,28080,1,28080,630000727092
6770,63112247,200006,8640,1,8640,1430000222851
6771,63112247,200071,16200,1,16200,1430000222852
6790,63112314,200071,16200,1,16200,890000083721
6794,63122547,200006,8640,0,0,630000723191
6796,63122547,1B2201,28080,1,28080,630000723193
6833,63122604,1A1501,105840,1,105840,630000722982
6847,63122607,200071,16200,1,16200,630000724361
6848,63122607,200006,8640,1,8640,630000724362
6870,63122612,1A1601,82080,1,82080,630000728701
6875,63132181,1A1601,82080,1,82080,890000084642
6886,63132224,1B2201,28080,1,28080,630000731584
6903,63152165,200071,16200,1,16200,630000730321
6916,63152575,200006,8640,1,8640,630000723081
6922,63152610,1B2201,28080,1,28080,630000729164
6934,63152619,1A1501,105840,1,105840,630000730702
6946,63212447,1B2201,28080,1,28080,630000726905
6961,63212481,1A1501,105840,1,105840,630000727512
6989,63222303,1A1501,105840,1,105840,630000723512
6990,63222303,1B2201,28080,1,28080,630000723513
6994,63232038,200006,8640,1,8640,630000723352
7003,63232202,1A1601,82080,1,82080,630000725471
7010,63232207,200006,8640,1,8640,630000724951
7019,63252198,200071,16200,1,16200,630000727871
7021,63252272,1B2201,28080,1,28080,630000732061
7025,63252299,200006,8640,1,8640,1090000496801
7034,63252324,1A1501,105840,1,105840,630000724432
7036,63252324,1B2201,28080,1,28080,630000724434
7059,63312349,200006,8640,1,8640,630000722781
7074,63322307,1A1501,105840,1,105840,630000726031
7078,63322307,1B2201,28080,1,28080,630000726035
7089,63332120,200006,8640,1,8640,630000731251
7096,63332178,200071,16200,1,16200,630000723071
7099,63332182,200071,16200,1,16200,630000724551
7105,63342050,200006,8640,1,8640,630000730721
7109,63412255,200071,16200,1,16200,630000728621
7122,63412633,1B2201,28080,1,28080,630000724972
7135,63412691,1B2201,28080,1,28080,630000730663
7154,63412702,1A1501,105840,1,105840,630000724792
7156,63422017,1B2201,28080,1,28080,20001632221
7163,63422034,1B2201,28080,1,28080,630000726344
7176,63452127,200071,16200,1,16200,630000723471
7183,63452171,1A1501,105840,1,105840,630000728321
7184,63452171,1B2201,28080,1,28080,630000728322
7194,63512288,1B2201,28080,1,28080,630000728443
7201,63512395,200006,8640,1,8640,630000727191
7224,63512512,1A1601,82080,1,82080,630000726191
7232,63512513,200071,16200,1,16200,630000724521
7260,63522226,1A1501,105840,1,105840,630000726682
7262,63522226,1B2201,28080,1,28080,630000726684
7271,63522227,1A1501,105840,1,105840,630000727311
7290,63522229,1A1501,105840,1,105840,630000730771
7292,63532008,200071,16200,1,16200,630000727021
7294,63542012,200006,8640,1,8640,630000727582
7298,63612201,200006,8640,1,8640,630000730351
7309,63612376,200006,8640,1,8640,630000723412
7313,63612378,1A1501,105840,1,105840,630000726102
7331,63622215,200006,8640,1,8640,630000725211
7352,63622224,1A1501,105840,1,105840,630000724562
7359,63632314,1B2201,28080,1,28080,630000726421
7383,63652067,200006,8640,1,8640,630000731931
7386,63652083,200006,8640,1,8640,630000730631
7390,63652098,200071,16200,1,16200,630000729911
7395,63712255,200006,8640,1,8640,560000099851
7415,63712442,200006,8640,1,8640,630000725991
7420,63722034,200006,8640,1,8640,630000724481
7438,63722315,1A1601,82080,1,82080,630000724692
7451,63722316,1A1501,105840,1,105840,630000724132
7463,63722317,200006,8640,1,8640,630000731271
7475,63722318,200071,16200,1,16200,630000730361
7482,63812201,1B2201,28080,1,28080,630000731131
7508,63812498,1A1601,82080,1,82080,630000723002
7526,63852215,200006,8640,1,8640,630000727301
7528,63852215,200006,8640,1,8640,630000731361
7542,63912112,200071,16200,1,16200,630000724101
7545,63912112,1A1501,105840,1,105840,630000726431
7570,65152007,1B2201,28080,1,28080,650000070385
7573,65212056,200006,8640,1,8640,650000070151
7583,65312078,200071,16200,1,16200,650000070801
7593,65412067,1A1601,82080,1,82080,650000070311
7602,65412068,200006,8640,1,8640,650000070511
7606,65522011,200006,8640,1,8640,160000636421
7612,66112129,1B2201,28080,1,28080,660000217243
7618,66122158,1A1501,105840,1,105840,660000217191
7638,66152136,1B2201,28080,1,28080,660000218193
7642,66152174,200006,8640,1,8640,660000216972
7669,66252068,1B2201,28080,1,28080,660000216911
7679,66252123,200071,16200,1,16200,660000216571
7700,66322098,1B2201,28080,1,28080,660000218621
7711,66322100,1B2201,28080,1,28080,660000217783
7741,66612084,1B2201,28080,1,28080,660000218161
7747,66622060,1B2201,28080,1,28080,660000217734
7761,66652041,1B2201,28080,1,28080,660000216931
7772,66722081,1B2201,28080,1,28080,660000217983
7794,66812111,200006,8640,1,8640,660000217521
7799,66812115,200006,8640,1,8640,660000217563
7806,67122051,200006,8640,1,8640,670000087263
7807,67152064,200006,8640,1,8640,670000087671
7818,68004140,1B2201,28080,1,28080,680000436262
7822,68004360,200071,16200,1,16200,680000436742
7824,68004900,200071,16200,1,16200,380000322821
7834,68005553,1A1601,82080,1,82080,680000435411
7854,68005619,1A1501,105840,1,105840,680000435551
7929,68005671,1A1601,82080,1,82080,680000436491
7945,68005673,1A1501,105840,1,105840,680000435612
7969,68005698,1A1501,105840,1,105840,680000436272
7977,68005707,200071,16200,1,16200,680000436591
7980,68005709,1A1501,105840,1,105840,680000436531
7981,68005709,1B2201,28080,1,28080,680000436532
8002,69322014,1B2201,28080,1,28080,1370000029482
8005,69412115,200006,8640,1,8640,30000234461
8013,69612026,1B2201,28080,1,28080,160000638191
8018,69722036,200006,8640,1,8640,30000235911
8019,69812067,200071,16200,1,16200,390000124111
8024,69812096,200006,8640,1,8640,1370000029431
8025,69830002,1B2201,28080,1,28080,1370000029801
8031,70112038,200006,8640,1,8640,280000298571
8051,70122049,200006,8640,1,8640,20001634241
8064,70132011,200071,16200,1,16200,700000340724
8174,71122165,200071,16200,1,16200,710000189362
8188,71152150,1A1501,105840,1,105840,710000191167
8189,71152150,1B2201,28080,1,28080,710000191168
8197,71152152,1A1601,82080,1,82080,710000189681
8222,71212157,200006,8640,1,8640,710000190961
8225,71252084,1A1501,105840,1,105840,710000188701
8238,71252085,1A1501,105840,1,105840,710000190101
8248,71252085,1B2201,28080,1,28080,710000190111
8252,71312077,1A1501,105840,1,105840,710000189011
8270,71322070,200006,8640,1,8640,710000190361
8276,71412052,1B2201,28080,1,28080,710000189054
8283,71412063,200071,16200,1,16200,710000189951
8285,71412105,1B2201,28080,1,28080,900000103151
8296,71512125,200006,8640,1,8640,710000189741
8299,71552031,200006,8640,1,8640,710000190041
8311,71612077,1A1501,105840,1,105840,710000190401
8329,71622054,200006,8640,1,8640,710000190621
8337,71712065,1B2201,28080,1,28080,710000190581
8352,71732030,1A1501,105840,1,105840,710000189321
8361,71732030,1B2201,28080,1,28080,710000189330
8372,71752023,1A1501,105840,1,105840,710000191222
8381,71852026,1A1501,105840,1,105840,710000189941
8393,71852026,1B2201,28080,1,28080,710000189953
8395,71852027,200006,8640,1,8640,710000190901
8398,72112042,200006,8640,1,8640,380000322791
8400,72112051,200071,16200,1,16200,720000098561
8426,72212090,1A1501,105840,1,105840,720000099252
8427,72212090,1B2201,28080,1,28080,720000099253
8435,72252069,1A1501,105840,1,105840,720000099131
8437,72252069,1B2201,28080,1,28080,720000099133
8440,72332060,1B2201,28080,1,28080,720000098952
8445,72512054,200006,8640,1,8640,720000098231
8472,73122114,200006,8640,1,8640,730000108601
8477,73152103,200006,8640,1,8640,730000109641
8482,73222043,200006,8640,1,8640,730000108801
8484,73252068,200006,8640,1,8640,730000108092
8485,73252068,200071,16200,1,16200,730000108093
8488,73252068,200071,16200,1,16200,730000109391
8499,73412113,200071,16200,1,16200,730000109132
8503,73552024,200071,16200,1,16200,730000108682
8506,73712025,200006,8640,1,8640,730000108641
8508,73752016,200006,8640,1,8640,1430000222831
8509,73852020,200006,8640,1,8640,730000109081
8511,73852035,200006,8640,1,8640,730000109271
8513,75112061,200006,8640,1,8640,70000144701
8531,75222033,1A1501,105840,1,105840,750000086251
8544,75252039,200006,8640,1,8640,2220000016321
8548,75322009,200006,8640,1,8640,750000086571
8564,75732021,200006,8640,1,8640,750000086851
8568,75852037,200006,8640,1,8640,560000099571
8569,75852039,200006,8640,1,8640,2220000015161
8572,76112050,1A1501,105840,1,105840,760000121692
8594,76312056,200006,8640,1,8640,760000121781
8597,76522038,200006,8640,1,8640,1090000496881
8618,78112010,1B2201,28080,1,28080,780000193321
8624,78112074,1A1601,82080,1,82080,780000193181
8632,78122095,1B2201,28080,1,28080,140000854011
8641,78132049,200006,8640,1,8640,780000193102
8667,78332048,200006,8640,1,8640,780000193133
8680,78412164,200006,8640,1,8640,780000192352
8682,78512074,1B2201,28080,1,28080,780000193951
8693,78612086,200071,16200,1,16200,780000193922
8713,78632067,200071,16200,1,16200,780000192622
8719,78812051,200071,16200,1,16200,780000193861
8722,80212066,200006,8640,1,8640,680000436661
8729,81112052,1B2201,28080,1,28080,1770000186461
8742,82112021,200006,8640,1,8640,2350000008261
8754,82312100,200006,8640,1,8640,820000261601
8766,82522030,200006,8640,1,8640,820000263481
8770,82552016,1A1501,105840,1,105840,820000264622
8772,82552016,1B2201,28080,1,28080,820000264624
8774,82622033,200071,16200,1,16200,820000264861
8778,82912004,200006,8640,1,8640,820000262821
8791,83132026,1A1501,105840,1,105840,830000116692
8813,83212100,1B2201,28080,1,28080,830000116426
8814,83222072,1A1501,105840,1,105840,830000116121
8830,83322078,1A1501,105840,1,105840,830000117262
8832,83322078,1B2201,28080,1,28080,830000117264
8864,83912021,200071,16200,1,16200,830000116631
8874,84122071,1A1501,105840,1,105840,840000115302
8877,84122071,1B2201,28080,1,28080,840000115305
8889,84132013,1B2201,28080,1,28080,840000114165
8941,84252052,1B2201,28080,1,28080,840000115894
8949,84322048,200006,8640,1,8640,840000115951
8965,84440003,1B2201,28080,1,28080,840000114099
8978,84440008,1A1501,105840,1,105840,840000115791
8980,84440008,1B2201,28080,1,28080,840000115793
8991,84512056,1B2201,28080,1,28080,840000113081
9017,84730007,200006,8640,1,8640,840000114481
9030,84812062,1A1501,105840,1,105840,840000115432
9031,84812062,1B2201,28080,1,28080,840000115433
9035,84912009,1B2201,28080,1,28080,840000114831
9043,85110020,1B2201,28080,1,28080,850000606894
9047,85110050,1A1501,105840,1,105840,850000605992
9049,85110050,1B2201,28080,1,28080,850000605994
9081,85220054,1A1601,82080,1,82080,850000608071
9084,85220054,1B2201,28080,1,28080,850000608074
9089,85250064,1A1501,105840,1,105840,850000608621
9091,85250064,1B2201,28080,1,28080,850000608623
9109,85440011,200006,8640,1,8640,630000726291
9111,85450010,200006,8640,1,8640,850000606941
9118,85520032,1B2201,28080,1,28080,850000603291
9140,85620058,1A1501,105840,1,105840,850000609232
9142,85620058,1B2201,28080,1,28080,850000609234
9150,85630001,1B2201,28080,1,28080,850000607991
9179,85730023,1A1501,105840,1,105840,850000607002
9181,85730023,1B2201,28080,1,28080,850000607004
9205,85850048,1B2201,28080,1,28080,850000608892
9219,85910018,1B2201,28080,1,28080,840000115991
9227,86110048,1A1501,105840,1,105840,860000103061
9229,86110048,1B2201,28080,1,28080,860000103063
9232,86120007,1B2201,28080,1,28080,860000101982
9255,86120099,200006,8640,1,8640,860000101991
9257,86120099,1B2201,28080,1,28080,860000101993
9273,86210007,200006,8640,1,8640,860000102971
9284,86250024,1B2201,28080,1,28080,860000101301
9292,86250029,200006,8640,1,8640,860000102201
9294,86310004,200006,8640,1,8640,860000103131
9304,86330001,1B2201,28080,1,28080,860000102171
9309,86330013,1B2201,28080,1,28080,860000102321
9320,86450017,200071,16200,1,16200,860000102901
9345,86510062,200071,16200,1,16200,860000101351
9349,86510062,1A1601,82080,1,82080,860000102381
9352,86510063,1A1501,105840,1,105840,860000102402
9353,86510063,1B2201,28080,1,28080,860000102403
9404,86710058,200006,8640,1,8640,860000102681
9414,86710067,1A1501,105840,-1,-105840,860000101941
9417,86710067,1A1501,105840,1,105840,860000101951
9428,86810015,200006,8640,1,8640,860000102291
9436,86810065,200006,8640,1,8640,860000101681
9437,86810065,200071,16200,1,16200,860000101682
9450,86810110,1A1501,105840,1,105840,860000102062
9463,86810111,1A1501,105840,1,105840,860000103152
9465,86810111,1B2201,28080,1,28080,860000103154
9471,86850052,200006,8640,1,8640,860000102111
9489,87212140,200071,16200,1,16200,870000093612
9495,87322072,200071,16200,1,16200,870000093291
9501,87412075,1B2201,28080,1,28080,1490000095702
9503,87412105,1B2201,28080,1,28080,870000093461
9507,87412135,200006,8640,1,8640,870000093301
9509,87452035,200006,8640,1,8640,870000093801
9513,87512045,200006,8640,1,8640,870000093621
9514,87522039,1A1601,82080,1,82080,870000093331
9524,87612065,200006,8640,1,8640,870000093201
9526,87722045,200006,8640,1,8640,1490000097591
9528,88112034,1A1501,105840,1,105840,880000050772
9530,88112034,1B2201,28080,1,28080,880000050774
9532,88152022,200006,8640,1,8640,1430000220551
9545,88212044,200071,16200,1,16200,880000050351
9550,88220018,1A1501,105840,1,105840,880000050841
9552,88220018,1B2201,28080,1,28080,880000050843
9573,88912004,200006,8640,1,8640,880000050891
9581,89150054,1B2201,28080,1,28080,890000085161
9596,89320043,200006,8640,1,8640,890000084871
9599,89410084,200006,8640,1,8640,630000725041
9611,89430029,1A1601,82080,1,82080,890000083932
9622,89510064,1A1501,105840,1,105840,890000084531
9629,89510064,200006,8640,1,8640,890000085314
9652,89710065,1A1601,82080,1,82080,890000085222
9654,89710065,1B2201,28080,1,28080,890000085224
9655,89720038,200006,8640,1,8640,890000083841
9668,90120123,1B2201,28080,1,28080,900000103144
9670,90120125,1A1501,105840,1,105840,900000101742
9684,90120126,1A1501,105840,1,105840,900000102221
9685,90120126,1B2201,28080,1,28080,900000102222
9699,90150095,200006,8640,1,8640,900000102371
9706,90210136,1B2201,28080,1,28080,900000101881
9708,90210136,1A1501,105840,1,105840,900000101883
9712,90250064,200071,16200,1,16200,900000102681
9716,90320037,200006,8640,1,8640,900000102672
9729,90510060,1B2201,28080,1,28080,900000102744
9741,90620036,1A1501,105840,1,105840,900000103373
9742,90620036,1B2201,28080,1,28080,900000103374
9761,92252035,200006,8640,1,8640,920000067462
9777,92512062,1B2201,28080,1,28080,630000726973
9792,93122216,1A1501,105840,1,105840,930000121191
9795,93122216,1B2201,28080,1,28080,930000121194
9806,93222093,1A1501,105840,1,105840,2380000000241
9808,93222093,1B2201,28080,1,28080,2380000000243
9829,93322063,1B2201,28080,1,28080,570000078884
9835,93412186,200071,16200,1,16200,2110000022461
9845,93512144,1A1501,105840,1,105840,930000120782
9863,93612111,1A1501,105840,1,105840,930000121422
9865,93612111,1B2201,28080,1,28080,930000121424
9880,93712105,1B2201,28080,1,28080,930000121082
9895,93752047,1B2201,28080,1,28080,1770000187902
9903,94130027,1A1501,105840,1,105840,940000083081
9919,94152055,1B2201,28080,1,28080,940000083616
9926,94152061,1A1501,105840,1,105840,940000081893
9927,94152061,1B2201,28080,1,28080,940000081894
9944,94232019,1A1501,105840,1,105840,940000083192
9946,94232019,1B2201,28080,1,28080,940000083194
9966,94412054,1B2201,28080,1,28080,940000083455
9978,94632014,1B2201,28080,1,28080,940000082443
10017,96120027,200006,8640,1,8640,960000071131
10024,96120049,1B2201,28080,1,28080,960000071661
10028,96120074,1A1601,82080,1,82080,960000070901
10051,96220026,1B2201,28080,1,28080,960000072363
10068,96310066,200006,8640,1,8640,960000071591
10072,96310067,200006,8640,1,8640,960000071821
10079,96410010,200071,16200,1,16200,960000071521
10088,96410072,1A1601,82080,1,82080,960000072142
10100,96620017,200071,16200,1,16200,960000072081
10112,96720001,1B2201,28080,1,28080,960000071285
10120,96850032,200071,16200,1,16200,960000071941
10123,97110005,200006,8640,1,8640,380000322021
10126,97130002,200006,8640,1,8640,1940000025991
10129,97750003,200006,8640,1,8640,1940000026511
10130,98152009,200006,8640,1,8640,1430000221491
10139,98152045,1A1501,105840,1,105840,980000034662
10151,99110063,1B2201,28080,1,28080,990000147322
10157,99110064,1B2201,28080,1,28080,990000149523
10190,99220026,200006,8640,1,8640,990000148761
10205,99310146,200006,8640,1,8640,990000148721
10212,99330084,200006,8640,1,8640,990000148661
10228,99610047,200006,8640,1,8640,990000148551
10231,99610050,1A1501,105840,1,105840,990000148282
10232,99610050,1B2201,28080,1,28080,990000148283
10250,99630046,1B2201,28080,1,28080,990000148812
10256,99650011,1A1501,105840,1,105840,990000147772
10257,99650011,1B2201,28080,1,28080,990000147773
10275,99750036,200071,16200,1,16200,990000148691
10283,99910008,200006,8640,1,8640,990000147251
10290,101110050,1A1601,82080,1,82080,20001631871
10296,101120011,1B2201,28080,1,28080,1010000055951
10303,101120078,200006,8640,1,8640,1010000056302
10309,101150075,200071,16200,1,16200,1430000219331
10315,101250054,200071,16200,1,16200,100001129501
10323,101310047,200071,16200,1,16200,650000070303
10332,101410031,200006,8640,1,8640,1010000056181
10340,101540004,200006,8640,1,8640,1010000055611
10342,101630021,200006,8640,1,8640,1010000056031
10439,104710127,200006,8640,1,8640,1040000427201
10441,104710127,200071,16200,1,16200,1040000427203
10443,104730024,1B2201,28080,1,28080,1430000222721
10459,108150037,200006,8640,1,8640,1080000033191
10464,108310018,200006,8640,1,8640,1080000033081
10467,108410069,1A1601,82080,1,82080,730000108031
10481,108650006,200006,8640,1,8640,1080000033021
10490,109110062,1B2201,28080,1,28080,1090000497524
10500,109310083,200071,16200,1,16200,1090000498522
10506,109310083,200071,16200,1,16200,1090000501331
10521,109620063,200071,16200,1,16200,1090000499451
10524,110120047,200006,8640,1,8640,1100000050441
10526,110120047,200071,16200,1,16200,1100000050561
10545,110810028,200006,8640,1,8640,1100000050461
10554,111130008,200006,8640,1,8640,1110000055261
10566,111130014,1A1501,105840,1,105840,1110000054312
10574,111130014,1B2201,28080,1,28080,1110000054320
10580,111230018,1A1501,105840,1,105840,1110000054071
10583,111230018,1B2201,28080,1,28080,1110000054074
10592,111310042,1A1501,105840,1,105840,320000506841
10594,111310042,1B2201,28080,1,28080,320000506843
10621,111630014,1A1501,105840,1,105840,1110000055111
10626,111710020,1A1601,82080,1,82080,1110000054062
10641,112150022,200006,8640,1,8640,1120000059171
10653,112330013,200006,8640,1,8640,1120000058831
10655,112340004,200006,8640,1,8640,1120000057711
10672,113110026,200071,16200,1,16200,1130000059102
10676,113120002,1B2201,28080,1,28080,1990000010651
10704,113630020,200006,8640,1,8640,1130000058951
10711,116110005,1B2201,28080,1,28080,1160000006061
10726,117110002,200071,16200,1,16200,1700000056961
10727,117150050,200006,8640,1,8640,1170000050821
10736,117450011,200006,8640,1,8640,600000132581
10741,118630008,200071,16200,1,16200,1180000016711
10752,119120046,1B2201,28080,1,28080,780000193782
10771,119150173,1A1501,105840,1,105840,1190000249862
10773,119150173,1B2201,28080,1,28080,1190000249864
10784,119150177,1A1501,105840,1,105840,1190000250902
10809,119250076,1A1601,82080,1,82080,1190000249642
10812,119250076,1B2201,28080,1,28080,1190000249645
10824,119310097,200071,16200,1,16200,1190000249691
10828,119330101,200071,16200,1,16200,1190000250391
10855,119410112,200006,8640,1,8640,1190000252081
10856,119410112,200006,8640,0,0,1190000252871
10861,119410113,1A1501,105840,1,105840,1190000251782
10865,119410113,1B2201,28080,1,28080,1190000251786
10881,119450036,1A1601,82080,1,82080,1190000251032
10885,119450036,1B2201,28080,1,28080,1190000251036
10936,120110101,1B2201,28080,1,28080,560000099765
10942,120110124,200071,16200,1,16200,1200000288701
10945,120120201,1B2201,28080,1,28080,530000900751
10951,120120207,1A1501,105840,1,105840,1200000288931
10952,120120207,1B2201,28080,1,28080,1200000288932
10964,120150075,200071,16200,1,16200,380000322091
10966,120150104,1B2201,28080,1,28080,2240000011482
10972,120150120,200071,16200,1,16200,20001638111
10977,120150192,1A1501,105840,1,105840,1200000287491
10983,120150192,1B2201,28080,1,28080,1200000287497
10988,120150193,1A1501,105840,1,105840,1200000288711
10993,120150193,1B2201,28080,1,28080,1200000288716
11008,120220074,200071,16200,1,16200,1430000224241
11018,120220078,1B2201,28080,1,28080,530000901222
11021,120230051,1B2201,28080,1,28080,700000341191
11030,120250136,1A1501,105840,1,105840,1200000288471
11046,120320089,1B2201,28080,1,28080,1200000288672
11065,120410123,1B2201,28080,1,28080,1200000288593
11073,120410160,1B2201,28080,1,28080,1040000424971
11078,120410185,1B2201,28080,1,28080,530000898731
11105,120510031,1B2201,28080,1,28080,1200000288337
11112,120510065,200006,8640,1,8640,650000070681
11122,120510129,1B2201,28080,1,28080,1200000288872
11127,120630022,1B2201,28080,1,28080,30000235942
11135,120720065,200071,16200,1,16200,530000896811
11137,120720087,1A1501,105840,1,105840,1120000058211
11140,120720087,1B2201,28080,1,28080,1120000058214
11148,120730016,1B2201,28080,1,28080,530000900891
11161,120810052,1B2201,28080,2,56160,1200000288902
11174,120810120,1A1501,105840,1,105840,1200000287752
11175,120810120,1B2201,28080,1,28080,1200000287753
11185,120910050,1A1501,105840,1,105840,1200000288081
11200,121220018,200006,8640,1,8640,120000239681
11205,121410050,1B2201,28080,1,28080,1210000030801
11217,122250074,200071,16200,1,16200,1220000042532
11218,122250074,200006,8640,1,8640,1220000042533
11224,122410058,200071,16200,1,16200,1220000042351
11227,122410058,200006,8640,1,8640,1220000042641
11234,122410059,1A1501,105840,1,105840,1220000042421
11248,122620011,1B2201,28080,1,28080,1220000042971
11266,124250075,1A1501,105840,1,105840,1240000077882
11298,124410105,1A1501,105840,1,105840,1240000077992
11299,124410105,1B2201,28080,1,28080,1240000077993
11312,124430012,200071,16200,1,16200,1240000078101
11317,124620033,1A1501,105840,1,105840,1240000078162
11323,124630071,1B2201,28080,1,28080,1240000077982
11333,124730015,200071,16200,2,32400,1240000078242
11345,124810100,1A1601,82080,1,82080,1240000078472
11351,125630015,1A1601,82080,1,82080,1250000042052
11360,125810032,200071,16200,1,16200,1250000042561
11368,126330010,200006,8640,1,8640,1260000012221
11375,126610011,1A1501,105840,1,105840,1260000012262
11376,126610011,1B2201,28080,1,28080,1260000012263
11391,126730001,1B2201,28080,1,28080,1260000012363
11397,127150042,200071,16200,1,16200,1040000432181
11408,127450002,1B2201,28080,1,28080,550000201842
11413,128110003,200006,8640,1,8640,1280000031661
11418,128120046,200006,8640,1,8640,1280000031151
11425,128120052,1A1601,82080,1,82080,1280000031161
11439,128230011,200006,8640,1,8640,1280000031201
11445,128250005,200006,8640,1,8640,1280000031121
11448,128250028,200006,8640,1,8640,1280000031391
11459,128810026,1B2201,28080,1,28080,1280000031453
11468,129310032,200006,8640,1,8640,1290000052721
11470,129310035,200071,16200,1,16200,1290000051981
11493,129410023,1B2201,28080,1,28080,1290000052316
11506,129550007,200006,8640,1,8640,1290000052271
11518,131230012,200071,16200,1,16200,1310000051962
11527,131310029,1B2201,28080,1,28080,60000736701
11544,131710020,200006,8640,1,8640,1310000052481
11559,131720019,1B2201,28080,1,28080,1310000052248
11560,131720019,1A1501,105840,1,105840,1310000052249
11562,131910002,200006,8640,1,8640,1310000051951
11566,132120012,1B2201,28080,1,28080,450000351521
11575,132220014,1B2201,28080,1,28080,1320000039315
11587,132810001,200006,8640,1,8640,700000340171
11593,133330019,1A1501,105840,1,105840,1330000051902
11603,133430024,1A1501,105840,1,105840,1330000052611
11612,133520007,1A1501,105840,1,105840,630000723032
11624,133630056,1A1501,105840,1,105840,1330000052852
11627,133650010,200006,8640,1,8640,1330000053001
11629,133710052,200071,16200,1,16200,930000121431
11638,134110024,1B2201,28080,1,28080,1340000090361
11659,134310064,1A1601,82080,1,82080,1340000091182
11661,134310064,1B2201,28080,1,28080,1340000091184
11692,134650030,200006,8640,1,8640,1340000091721
11711,135120117,200006,8640,1,8640,630000728963
11719,135130074,1A1501,105840,1,105840,1350000177432
11730,135130076,1A1501,105840,1,105840,1350000180752
11741,135320016,200006,8640,1,8640,1350000176491
11755,135410149,1A1501,105840,1,105840,1350000180831
11759,135450035,200071,16200,1,16200,1350000176161
11760,135450035,200006,8640,1,8640,1350000176162
11778,135550016,200006,8640,1,8640,1350000177561
11781,135630059,200006,8640,1,8640,1350000176091
11785,135710066,200071,16200,1,16200,1350000176181
11801,135810048,200006,8640,1,8640,1350000176921
11810,136110027,200006,8640,1,8640,1360000067321
11824,136150034,1B2201,28080,1,28080,1360000068141
11831,136150059,1A1501,105840,1,105840,1360000067612
11845,136220034,200071,16200,1,16200,1360000067841
11851,136230026,200071,16200,1,16200,1360000068202
11860,136310076,200071,16200,1,16200,1360000067872
11866,136510053,1A1501,105840,1,105840,1360000067332
11868,136510053,1B2201,28080,1,28080,1360000067334
11894,136630029,1B2201,28080,1,28080,1360000067675
11923,137150045,200006,8640,1,8640,1370000029541
11927,137220017,200071,16200,1,16200,1370000030131
11935,137250036,1B2201,28080,1,28080,1370000030061
11940,137250038,200071,16200,1,16200,1370000029881
11942,137330019,200006,8640,1,8640,1370000030181
11945,137410021,1B2201,28080,1,28080,1370000029602
11952,137520008,200006,8640,1,8640,1370000029922
11963,137610021,200006,8640,1,8640,1370000030111
11970,137750002,1B2201,28080,1,28080,390000124905
11991,138110010,200071,16200,1,16200,1380000018921
12000,138120029,200071,16200,1,16200,1380000018791
12004,138150033,200071,16200,1,16200,1380000018941
12012,138250016,200071,16200,1,16200,1380000018651
12022,138410028,1A1501,105840,1,105840,1380000018992
12027,138610017,1A1501,105840,1,105840,1380000019001
12028,138610017,1B2201,28080,1,28080,1380000019002
12032,138610021,1A1501,105840,1,105840,1380000018422
12044,138620004,1A1601,82080,1,82080,1380000019012
12052,138810007,1B2201,28080,1,28080,550000201871
12076,139250024,1B2201,28080,1,28080,280000298201
12077,139250024,1B2201,28080,1,28080,280000298202
12085,139440006,200006,8640,1,8640,930000120641
12093,139620020,1A1501,105840,1,105840,1390000034892
12094,139620020,1B2201,28080,1,28080,1390000034893
12122,140150033,200006,8640,1,8640,1400000052661
12166,140250032,1A1501,105840,1,105840,1400000052161
12178,140410064,200006,8640,1,8640,1400000053341
12193,140720023,1A1501,105840,1,105840,1400000052102
12212,141110017,1B2201,28080,1,28080,1410000034343
12238,141630023,1A1501,105840,1,105840,1410000034232
12249,141730004,200006,8640,1,8640,1410000034151
12254,143110135,200071,16200,1,16200,1430000222111
12257,143110147,200006,8640,1,8640,1430000223311
12264,143110180,1A1501,105840,1,105840,1430000224211
12271,143110181,1A1601,82080,1,82080,1430000225621
12284,143120151,200006,8640,1,8640,1430000226721
12292,143120235,200006,8640,1,8640,1430000219971
12293,143120240,1B2201,28080,1,28080,1430000221171
12321,143120275,200071,16200,1,16200,1430000221121
12329,143120276,1A1601,82080,1,82080,1430000223651
12350,143150179,200071,16200,1,16200,1430000224171
12356,143150182,200071,16200,1,16200,1430000221101
12358,143150238,1B2201,28080,1,28080,1430000223291
12364,143150274,1A1501,105840,1,105840,1430000220591
12365,143150274,1B2201,28080,1,28080,1430000220592
12374,143150277,1A1601,82080,1,82080,1430000222791
12381,143150278,200006,8640,1,8640,1430000222581
12385,143150280,200006,8640,1,8640,1430000224131
12407,143210213,200071,16200,1,16200,1430000223721
12422,143210234,1A1501,105840,1,105840,1430000221192
12433,143210235,200071,16200,1,16200,1430000222782
12445,143210239,200071,16200,1,16200,1430000224453
12449,143220032,200006,8640,1,8640,1430000223661
12450,143220032,200071,16200,1,16200,1430000223662
12452,143220070,1A1501,105840,1,105840,1370000030041
12460,143220080,200006,8640,1,8640,1430000224931
12463,143220081,200006,8640,1,8640,1430000225882
12476,143250169,200006,8640,1,8640,1430000223791
12479,143250171,1A1601,82080,1,82080,1430000225032
12484,143250172,200006,8640,1,8640,1430000224791
12487,143310050,200006,8640,1,8640,1430000219291
12489,143310172,200006,8640,1,8640,380000323261
12493,143310228,200006,8640,1,8640,1430000220461
12495,143310229,200006,8640,1,8640,1430000221361
12497,143310230,200006,8640,1,8640,1430000222261
12500,143310231,1A1601,82080,1,82080,1430000223781
12509,143310233,1A1501,105840,1,105840,1430000224251
12526,143310235,1A1601,82080,1,82080,1430000224812
12528,143310236,200071,16200,1,16200,1430000227171
12537,143320076,1B2201,28080,1,28080,1940000025901
12556,143320131,200006,8640,1,8640,1430000221551
12566,143320132,200006,8640,1,8640,1430000223391
12571,143320134,1A1501,105840,1,105840,1430000223692
12584,143330056,200006,8640,1,8640,1430000226831
12587,143330104,200006,8640,1,8640,1430000219801
12591,143330106,1B2201,28080,1,28080,1430000221392
12593,143330120,1A1501,105840,1,105840,1430000219191
12602,143330123,200071,16200,1,16200,1430000227131
12608,143350018,1A1601,82080,1,82080,1430000220231
12615,143350019,200071,16200,1,16200,1430000224501
12618,143410126,200006,8640,1,8640,1430000226401
12624,143410132,1B2201,28080,1,28080,1430000221951
12644,143410257,200006,8640,1,8640,1430000219961
12649,143410260,1A1601,82080,1,82080,1430000222741
12662,143420015,200006,8640,1,8640,1430000226221
12683,143510162,1A1601,82080,1,82080,1430000220862
12691,143510164,1A1501,105840,1,105840,1430000224402
12706,143520020,200006,8640,1,8640,2050000006171
12721,143550038,1A1501,105840,1,105840,1430000219482
12732,143610119,1B2201,28080,1,28080,1430000225811
12737,143610124,1B2201,28080,1,28080,1430000222361
12741,143610133,200071,16200,1,16200,1430000221941
12744,143610136,1A1601,82080,1,82080,1430000219821
12757,143610138,1A1501,105840,1,105840,1430000222011
12778,143630108,200006,8640,1,8640,1430000224691
12792,143650055,200071,16200,1,16200,1430000224701
12795,143650056,200071,16200,1,16200,1430000224731
12822,143710157,200006,8640,1,8640,1430000222391
12832,143720111,1B2201,28080,1,28080,1430000223702
12839,143720123,200006,8640,1,8640,1430000221881
12843,143720125,1A1501,105840,1,105840,1430000222992
12846,143720126,1A1501,105840,1,105840,1430000224161
12858,143720127,1A1501,105840,1,105840,1430000226281
12866,143730033,1A1501,105840,1,105840,1430000222082
12876,143750067,200006,8640,1,8640,1430000221421
12877,143750068,1A1501,105840,1,105840,1430000224361
12882,143810133,200071,16200,1,16200,280000299631
12885,143810150,200006,8640,1,8640,1430000222291
12887,143810154,1B2201,28080,1,28080,1430000224782
12898,143810190,200071,16200,1,16200,1430000219601
12906,143810195,200006,8640,1,8640,1430000222321
12909,143810197,200006,8640,1,8640,1430000225771
12926,143850084,1A1601,82080,1,82080,1430000224001
12948,144410024,1A1501,105840,1,105840,1540000047241
12949,144410024,1B2201,28080,1,28080,1540000047242
12954,144720022,200006,8640,1,8640,1440000029731
12959,145220005,200006,8640,1,8640,1450000427561
12969,145450064,1A1601,82080,1,82080,1450000430312
13018,146210057,1A1601,82080,1,82080,1460000044741
13034,146610012,200006,8640,1,8640,1800000022271
13051,146810002,200071,16200,1,16200,1460000044621
13053,147220010,200071,16200,1,16200,1910000017171
13066,148110001,1B2201,28080,1,28080,1480000042693
13076,148310018,200071,16200,1,16200,1480000042941
13100,148630026,1A1501,105840,1,105840,1480000042732
13102,148630026,1B2201,28080,1,28080,1480000042734
13121,148850022,1A1501,105840,1,105840,1480000043412
13122,148850022,1B2201,28080,1,28080,1480000043413
13125,149110028,200006,8640,1,8640,1490000097431
13131,149120095,200071,16200,1,16200,1490000097471
13142,149120117,1B2201,28080,1,28080,1490000096464
13188,149310084,200071,16200,1,16200,1490000096281
13202,149510057,200006,8640,1,8640,1490000097371
13206,149510102,200071,16200,1,16200,1490000096331
13209,149510102,200071,16200,1,16200,1490000097171
13211,149510104,1A1601,82080,1,82080,1490000097311
13215,149520043,1A1601,82080,1,82080,1490000096002
13223,149610021,1B2201,28080,1,28080,1490000097093
13249,149910022,200006,8640,1,8640,1430000223011
13266,150150057,1A1501,105840,1,105840,1500000047992
13268,150150057,1B2201,28080,1,28080,1500000047994
13283,150250014,1B2201,28080,1,28080,1500000048364
13303,150710049,200006,8640,1,8640,1500000047931
13317,151230004,200006,8640,1,8640,1940000027191
13319,151810003,200006,8640,1,8640,1940000026921
13327,153140012,200006,8640,1,8640,1530000055771
13329,153220016,200006,8640,1,8640,1530000056731
13362,153610057,200006,8640,1,8640,1530000055451
13366,153630032,1A1601,82080,1,82080,1530000055911
13371,153730022,1B2201,28080,1,28080,1530000056021
13376,153850030,200006,8640,1,8640,1530000055941
13407,154210001,200071,16200,1,16200,1540000046551
13413,154230040,1A1501,105840,1,105840,1540000046561
13439,154410071,1A1601,82080,1,82080,1540000046382
13453,154430013,1A1501,105840,1,105840,1540000046402
13464,154510033,200006,8640,1,8640,1540000047481
13488,154750014,1B2201,28080,1,28080,1540000047232
13491,154810028,200071,16200,1,16200,1540000046951
13499,155210024,1B2201,28080,1,28080,1550000070033
13503,155210041,200006,8640,1,8640,1550000069941
13572,157150042,1B2201,28080,1,28080,1570000034065
13575,157210041,1A1601,82080,1,82080,1570000034021
13578,157230016,1B2201,28080,1,28080,1570000034131
13585,157510041,200006,8640,1,8640,1570000033881
13596,157720027,200006,8640,1,8640,1570000033931
13598,157750002,200006,8640,1,8640,1570000034071
13600,158120022,200006,8640,1,8640,1580000023431
13603,158810021,200071,16200,1,16200,1580000023261
13607,159120013,200071,16200,1,16200,1770000186311
13610,159120022,200006,8640,1,8640,1550000070491
13627,160110009,200071,16200,1,16200,1600000034431
13636,160520013,1A1501,105840,1,105840,1600000034481
13638,160520013,1B2201,28080,1,28080,1600000034483
13644,160710002,1B2201,28080,1,28080,1600000034241
13656,160810005,1B2201,28080,1,28080,1600000034221
13663,160810026,200071,16200,1,16200,1600000033821
13669,161550003,200006,8640,1,8640,2090000015451
13670,161550003,200071,16200,1,16200,2090000015452
13672,162110065,200006,8640,2,17280,1620000239561
13676,162110065,1B2201,28080,1,28080,1620000239565
13680,162110083,200006,8640,1,8640,1620000242052
13682,162120050,200006,8640,1,8640,110000408421
13683,162120110,200006,8640,1,8640,1770000187521
13695,162120242,1A1501,105840,1,105840,1620000243592
13697,162120243,1A1501,105840,1,105840,1620000244521
13699,162120244,200006,8640,1,8640,1620000245181
13711,162150075,1B2201,28080,1,28080,350000638501
13722,162150090,1B2201,28080,1,28080,1620000236906
13728,162150235,1A1601,82080,1,82080,1620000238081
13738,162150236,200071,16200,1,16200,1620000238152
13740,162150236,1A1501,105840,1,105840,1620000240241
13750,162150237,200006,8640,1,8640,1620000238661
13753,162150238,1A1601,82080,1,82080,1620000242881
13761,162150239,1A1501,105840,1,105840,1620000243202
13784,162210193,1A1501,105840,1,105840,1620000240261
13798,162210194,1A1501,105840,1,105840,1620000241382
13803,162210194,1B2201,28080,1,28080,1620000241387
13812,162210196,1A1501,105840,1,105840,1620000245212
13813,162210196,1B2201,28080,1,28080,1620000245213
13823,162230053,200006,8640,1,8640,1620000236651
13828,162230078,200006,8640,1,8640,1620000243311
13837,162310129,1A1601,82080,1,82080,1620000238852
13847,162310130,200006,8640,1,8640,1620000243541
13851,162320063,200006,8640,1,8640,1620000237931
13861,162330048,1A1501,105840,1,105840,1620000238832
13882,162410160,200071,16200,1,16200,1620000238161
13888,162410225,200006,8640,1,8640,1620000243411
13904,162450064,200006,8640,1,8640,1620000238351
13915,162510062,200006,8640,2,17280,1620000236401
13918,162510156,200006,8640,1,8640,1620000240271
13930,162610134,1A1501,105840,1,105840,1620000240812
13933,162610134,1B2201,28080,1,28080,1620000240815
13942,162620032,1B2201,28080,1,28080,1620000238111
13956,162630161,1A1501,105840,1,105840,1620000239191
13975,162720048,200006,8640,1,8640,1620000244771
13988,162750052,1B2201,28080,1,28080,1730000028681
13994,162810047,200071,16200,1,16200,1430000221431
14002,162810194,1A1501,105840,1,105840,1620000240351
14003,162810194,1B2201,28080,1,28080,1620000240352
14014,162810196,1A1501,105840,1,105840,1620000242311
14026,162810197,200006,8640,1,8640,1620000244391
14031,162850088,1A1501,105840,1,105840,1620000242862
14032,162850088,1B2201,28080,1,28080,1620000242863
14043,162910051,1A1601,82080,1,82080,1620000243081
14057,163230011,1A1501,105840,1,105840,1630000037341
14073,163420002,1B2201,28080,1,28080,1630000037301
14087,166250008,200006,8640,1,8640,1660000028961
14094,166710055,1A1501,105840,1,105840,1660000029052
14105,167120046,1A1501,105840,1,105840,2580000001412
14106,167120046,1B2201,28080,1,28080,2580000001413
14119,167720003,200071,16200,1,16200,2480000000431
14121,168110007,200071,16200,1,16200,1680000017361
14127,168120030,1A1501,105840,1,105840,1120000058632
14137,168220009,1A1501,105840,1,105840,1680000017442
14153,168250010,200071,16200,1,16200,1680000017334
14159,168610011,200071,16200,1,16200,1680000017211
14162,168710014,200006,8640,1,8640,1680000017291
14169,168720013,200006,8640,1,8640,1680000017412
14180,168850007,200071,16200,1,16200,1680000017501
14183,170110029,200071,16200,1,16200,1700000056882
14190,170120001,1B2201,28080,1,28080,1700000056601
14212,170150074,200006,8640,1,8640,1700000056721
14216,170150075,1A1501,105840,1,105840,1700000056812
14218,170150076,1A1601,82080,1,82080,1700000056861
14227,170220025,1B2201,28080,1,28080,1700000056072
14234,170230021,1B2201,28080,1,28080,1700000056211
14268,170310053,200071,16200,1,16200,1700000056084
14272,170320060,1A1601,82080,1,82080,1700000056621
14277,170410056,200006,8640,1,8640,600000131851
14278,170410056,200071,16200,1,16200,600000131852
14281,170410056,1A1501,105840,1,105840,600000132531
14300,170420002,200006,8640,1,8640,1700000055431
14311,170510028,1B2201,28080,1,28080,1700000056542
14316,170510036,1B2201,28080,1,28080,1700000056391
14321,170610003,200006,8640,1,8640,1700000055461
14331,170710044,200071,16200,1,16200,1700000057051
14333,170720027,1B2201,28080,1,28080,1700000055542
14347,170810036,1B2201,28080,1,28080,1700000056904
14357,170850022,1B2201,28080,1,28080,1700000056171
14364,171210013,200006,8640,1,8640,2520000000041
14374,173110026,1B2201,28080,1,28080,1730000028333
14380,173120054,200006,8640,1,8640,1730000028381
14389,173710035,1B2201,28080,1,28080,1730000028491
14394,173720029,1A1601,82080,1,82080,1730000028582
14395,173720029,1B2201,28080,1,28080,1730000028583
14406,173850017,200071,16200,1,16200,1730000028561
14415,174110019,200071,16200,1,16200,710000188611
14438,174210005,1B2201,28080,1,28080,1740000034708
14439,174250001,200071,16200,1,16200,1740000034981
14444,174330006,1B2201,28080,1,28080,1740000035413
14456,174550007,1B2201,28080,1,28080,1740000034716
14457,174650008,1B2201,28080,1,28080,1740000035291
14462,174710024,1B2201,28080,1,28080,1740000035571
14467,174810020,200006,8640,1,8640,1280000031631
14469,174810020,200071,16200,1,16200,1280000031633
14499,175810008,200006,8640,1,8640,1750000019571
14506,175850012,200071,16200,1,16200,1750000019913
14519,176810019,1A1601,82080,1,82080,1760000015962
14525,176910010,1A1501,105840,1,105840,1760000016142
14527,176910010,1B2201,28080,1,28080,1760000016144
14539,177110038,1B2201,28080,1,28080,1770000191091
14546,177120058,200006,8640,1,8640,2360000005401
14549,177120064,1B2201,28080,1,28080,1770000189402
14579,177130067,1B2201,28080,1,28080,1770000188653
14605,177210032,200006,8640,1,8640,1770000187193
14610,177210150,200006,8640,1,8640,1770000190531
14611,177210150,200071,16200,1,16200,1770000190532
14619,177210157,200006,8640,1,8640,1770000188131
14621,177210157,200071,16200,1,16200,1770000188891
14626,177220073,200071,16200,1,16200,1770000186381
14631,177220074,200071,16200,1,16200,1770000189871
14640,177250042,1B2201,28080,1,28080,1770000184753
14655,177310052,200006,8640,1,8640,1770000188081
14690,177330042,1A1501,105840,1,105840,1770000186012
14714,177410121,1B2201,28080,1,28080,630000730001
14722,177412091,200006,8640,1,8640,1770000186701
14730,177430030,1B2201,28080,1,28080,1770000188722
14736,177520073,1A1501,105840,1,105840,1770000187551
14749,177550017,1B2201,28080,1,28080,1770000185781
14761,177630034,200006,8640,1,8640,1770000186941
14769,177630097,1A1501,105840,1,105840,1770000189122
14771,177630097,1B2201,28080,1,28080,1770000189124
14779,177710085,1A1501,105840,1,105840,1770000187811
14780,177710085,1B2201,28080,1,28080,1770000187812
14792,177750034,1B2201,28080,1,28080,1770000191121
14800,177810092,200006,8640,1,8640,1770000189621
14804,177810100,200006,8640,1,8640,1770000185362
14808,177810100,1B2201,28080,1,28080,1770000185366
14837,177810141,200071,16200,1,16200,1770000185032
14838,177810141,200006,8640,1,8640,1770000185033
14867,177810146,1A1501,105840,1,105840,1770000185001
14870,177830010,1B2201,28080,1,28080,1770000189272
14884,177850056,1B2201,28080,1,28080,1770000190564
14892,177850065,1A1501,105840,1,105840,1770000189742
14896,178150025,1A1501,105840,1,105840,1780000016172
14898,178150025,1B2201,28080,1,28080,1780000016174
14912,178310009,1B2201,28080,1,28080,1780000016131
14918,178320016,1A1501,105840,1,105840,1780000016062
14934,178710036,1A1501,105840,1,105840,1780000016002
14936,178710036,1B2201,28080,1,28080,1780000016004
14951,179120030,200071,16200,1,16200,1790000019641
14961,179250020,200006,8640,1,8640,1790000019011
14967,179310023,1A1501,105840,1,105840,1790000019171
14968,179310023,1B2201,28080,1,28080,1790000019172
14982,179310024,200071,16200,1,16200,1790000019273
14991,179650011,1A1501,105840,1,105840,1790000019131
14998,179650011,1B2201,28080,1,28080,1790000019138
15025,180220007,200006,8640,1,8640,550000202451
15028,180320027,200071,16200,1,16200,1800000022741
15031,180320027,200071,16200,1,16200,1800000023131
15036,180330022,1A1501,105840,1,105840,1800000022902
15037,180330022,1B2201,28080,1,28080,1800000022903
15048,180340007,200006,8640,1,8640,1800000022931
15049,180340009,200006,8640,1,8640,1800000022711
15053,180620015,200071,16200,1,16200,1800000022691
15058,180620015,200071,16200,1,16200,1800000022841
15063,180620015,200006,8640,1,8640,1800000022961
15067,180630009,200006,8640,1,8640,1800000022821
15073,180850011,200006,8640,1,8640,1800000022331
15085,181250017,1A1501,105840,1,105840,1810000041631
15087,181250017,1B2201,28080,1,28080,1810000041633
15110,181610023,1A1501,105840,1,105840,1810000042502
15120,181710006,200006,8640,1,8640,2170000003851
15127,181850016,1B2201,28080,1,28080,1810000042201
15136,183110028,1A1501,105840,1,105840,1830000023782
15177,183510015,200006,8640,1,8640,1830000023191
15189,183620008,1A1601,82080,1,82080,1830000023481
15195,184610011,1B2201,28080,1,28080,1380000018851
15209,185130004,200006,8640,1,8640,1850000011591
15216,185510002,1B2201,28080,1,28080,1850000011762
15227,185710009,200006,8640,1,8640,1850000011461
15230,185710010,200006,8640,1,8640,1850000011491
15234,185710011,1A1601,82080,1,82080,1850000011522
15241,185810008,1A1501,105840,1,105840,1850000011372
15268,186520006,1B2201,28080,1,28080,1860000006771
15291,188120041,200071,16200,1,16200,1880000023702
15294,188120042,1A1501,105840,1,105840,1880000023792
15296,188120042,1B2201,28080,1,28080,1880000023794
15301,188150019,1B2201,28080,1,28080,1880000024031
15333,188540003,200006,8640,1,8640,1880000023331
15341,188610021,1A1601,82080,1,82080,1880000024041
15349,188710010,200006,8640,1,8640,1880000023461
15360,188810002,1B2201,28080,1,28080,1880000023523
15373,188810013,1B2201,28080,1,28080,1880000023747
15383,188810025,200006,8640,1,8640,1880000023801
15386,189120010,200006,8640,1,8640,1890000028121
15395,189120045,200006,8640,1,8640,1890000028441
15398,189120046,200071,16200,1,16200,1890000028412
15411,189210037,1A1601,82080,1,82080,1890000027992
15413,189210037,1B2201,28080,1,28080,1890000027994
15444,190230012,1A1501,105840,1,105840,1900000015102
15467,190320009,1A1601,82080,1,82080,1900000015681
15479,190610007,1B2201,28080,1,28080,1900000014995
15484,190610008,1B2201,28080,1,28080,1900000015314
15497,190750006,1B2201,28080,1,28080,1900000015365
15501,191110021,1A1501,105840,1,105840,1910000017481
15503,191110021,1B2201,28080,1,28080,1910000017483
15513,191120015,1B2201,28080,1,28080,1910000017673
15530,191150014,1B2201,28080,1,28080,1910000017984
15536,191150017,1B2201,28080,1,28080,1910000017972
15543,191210023,1A1501,105840,1,105840,1910000017881
15545,191210023,1B2201,28080,1,28080,1910000017883
15548,191230010,1A1501,105840,1,105840,1910000017501
15551,191230010,1B2201,28080,1,28080,1910000017504
15568,191320015,1B2201,28080,1,28080,1910000017688
15581,191410031,1A1501,105840,1,105840,1910000017991
15593,191650008,1A1501,105840,1,105840,1910000018121
15598,192210016,1A1501,105840,1,105840,1920000022411
15600,192210016,1B2201,28080,1,28080,1920000022413
15603,192220012,1A1601,82080,1,82080,1920000022102
15618,192320023,200071,16200,1,16200,1920000022302
15643,192610006,1B2201,28080,1,28080,1920000022431
15645,192710007,200071,16200,1,16200,1920000022441
15651,192710024,200006,8640,1,8640,1920000021471
15676,194110020,200071,16200,1,16200,1940000026471
15689,194120041,1A1501,105840,1,105840,1940000026071
15698,194130003,1B2201,28080,1,28080,550000200501
15703,194140006,1A1501,105840,1,105840,1940000027221
15708,194140006,1B2201,28080,1,28080,1940000027226
15710,194250025,200006,8640,1,8640,1940000026551
15735,194330017,1B2201,28080,1,28080,1940000026571
15737,194330025,1A1601,82080,1,82080,1940000026771
15761,194410042,1A1601,82080,1,82080,1940000027232
15769,194440007,1A1501,105840,1,105840,1940000026412
15795,194610007,1B2201,28080,1,28080,1940000026171
15805,194610019,1A1501,105840,1,105840,1940000027691
15811,194810007,1B2201,28080,1,28080,1940000027051
15815,194810023,1A1501,105840,1,105840,1940000026621
15820,194830002,200006,8640,1,8640,1940000025891
15826,194850015,200006,8640,1,8640,1940000026461
15830,196320004,200006,8640,1,8640,1210000030601
15845,198150068,1A1501,105840,1,105840,1980000038101
15848,198150068,1B2201,28080,1,28080,1980000038104
15864,198230020,200006,8640,1,8640,1980000037881
15885,198310038,1A1601,82080,1,82080,1980000037802
15891,198330008,1A1601,82080,1,82080,1980000038831
15897,198410088,200071,16200,1,16200,1980000037741
15901,198410088,200071,16200,1,16200,1980000038171
15903,198450007,200006,8640,1,8640,1980000038761
15920,198610037,1A1501,105840,1,105840,1980000037921
15922,198610037,1B2201,28080,1,28080,1980000037923
15933,198610038,200071,16200,1,16200,1980000038781
15936,198650005,200071,16200,1,16200,1980000037481
15942,198710034,200071,16200,1,16200,1980000037511
15945,198720021,1B2201,28080,1,28080,1980000037761
15971,199550001,200006,8640,1,8640,1990000010971
15987,200120037,200006,8640,1,8640,2000000019221
15998,200210032,200006,8640,1,8640,2000000018861
16010,200410060,1A1601,82080,1,82080,2000000019451
16014,200450003,1B2201,28080,1,28080,2000000019402
16015,200510023,200006,8640,1,8640,2000000019281
16027,200720012,200006,8640,1,8640,1990000010771
16035,201120024,200071,16200,1,16200,2010000017552
16047,201220011,1A1501,105840,1,105840,2010000017522
16049,201220011,1B2201,28080,1,28080,2010000017524
16052,201310009,200071,16200,1,16200,30000235321
16062,201320004,1B2201,28080,1,28080,2010000017391
16081,201610002,200071,16200,1,16200,340000051701
16097,202120014,1B2201,28080,1,28080,2020000013581
16109,202220007,1B2201,28080,1,28080,2020000013781
16118,202250018,200006,8640,1,8640,2020000013671
16120,202310008,1B2201,28080,1,28080,2020000013251
16147,202610007,200071,16200,1,16200,2020000014111
16168,202720014,1A1501,105840,1,105840,2020000014042
16169,202720014,1B2201,28080,1,28080,2020000014043
16195,203150016,200006,8640,1,8640,2030000017471
16198,203150024,1B2201,28080,1,28080,630000730681
16205,203150033,200071,16200,1,16200,2030000017811
16214,203440006,1A1501,105840,1,105840,340000051982
16219,203440006,200071,16200,1,16200,2030000016961
16240,204120018,1B2201,28080,1,28080,2340000002964
16250,204220004,200071,16200,1,16200,2040000009381
16254,204310013,200006,8640,1,8640,2040000009572
16262,204510005,1B2201,28080,1,28080,2040000009501
16279,205120009,200006,8640,1,8640,2050000006521
16281,205250005,200071,16200,1,16200,2050000006331
16301,205810004,1B2201,28080,1,28080,2050000006012
16306,205850002,1A1501,105840,1,105840,2050000006441
16310,207110007,1B2201,28080,1,28080,2070000014991
16318,207310008,200071,16200,1,16200,2070000015141
16331,207620002,200071,16200,1,16200,2070000014671
16332,207650006,1A1501,105840,1,105840,2070000014731
16348,207810026,1A1501,105840,1,105840,2070000014701
16376,208710008,200006,8640,1,8640,2080000015211
16379,209110013,200071,16200,1,16200,2090000014681
16383,209110014,200071,16200,1,16200,2090000014842
16386,209130002,200006,8640,1,8640,1940000027331
16396,209150022,200006,8640,1,8640,2090000013981
16404,209210017,1A1501,105840,1,105840,2090000013991
16407,209210017,1B2201,28080,1,28080,2090000013994
16413,209220006,1B2201,28080,1,28080,2090000014981
16419,209220011,200071,16200,1,16200,2090000013951
16423,209220011,200071,16200,1,16200,2090000015381
16425,209230004,1A1501,105840,1,105840,2090000013962
16427,209230004,1B2201,28080,1,28080,2090000013964
16451,209320016,1B2201,28080,1,28080,2090000014575
16474,209410024,200071,16200,1,16200,1430000224371
16476,209410025,200071,16200,1,16200,2090000015121
16501,209630004,1B2201,28080,1,28080,2090000014394
16506,209630011,1B2201,28080,1,28080,2090000013693
16520,209720008,1B2201,28080,1,28080,2090000013935
16529,209720009,1B2201,28080,1,28080,2090000015264
16532,209750007,200006,8640,1,8640,2090000014191
16538,209810001,1B2201,28080,1,28080,2090000013875
16548,209810019,1A1501,105840,1,105840,2090000014151
16551,209810019,1B2201,28080,1,28080,2090000014154
16559,209810020,200006,8640,1,8640,2090000014781
16567,209850007,1A1601,82080,1,82080,2090000014772
16571,209850008,1A1501,105840,1,105840,2090000014892
16573,209850008,1B2201,28080,1,28080,2090000014894
16576,210210002,1B2201,28080,1,28080,2100000010222
16584,210210022,200006,8640,1,8640,2100000010342
16594,210650007,1A1501,105840,1,105840,2100000010112
16596,210650007,1B2201,28080,1,28080,2100000010114
16610,210720023,1A1601,82080,1,82080,2100000010512
16620,211120034,200006,8640,1,8640,2110000022301
16627,211120039,1A1501,105840,1,105840,2110000022721
16639,211210014,1B2201,28080,1,28080,2110000021481
16645,211210035,1A1501,105840,1,105840,2110000021921
16656,211230009,1A1601,82080,1,82080,2110000022151
16667,211310023,1A1501,105840,1,105840,2110000021622
16708,211620015,200006,8640,1,8640,2110000022382
16713,211710017,1A1501,105840,1,105840,2110000021632
16726,211810001,200071,16200,1,16200,2110000022541
16729,211810016,200006,8640,1,8640,2110000022441
16734,212110019,1A1601,82080,1,82080,2120000018982
16744,212120046,1A1501,105840,1,105840,2120000019432
16750,212130004,200006,8640,1,8640,2120000019282
16755,212150033,200006,8640,1,8640,2120000019401
16768,212350003,200071,16200,1,16200,2120000019652
16790,213150003,1B2201,28080,1,28080,2130000011854
16794,213210019,1A1501,105840,1,105840,2130000012402
16795,213210019,1B2201,28080,1,28080,2130000012403
16800,213230006,1A1501,105840,1,105840,2130000011502
16802,213230006,1B2201,28080,1,28080,2130000011504
16818,213450008,1A1601,82080,1,82080,2130000011652
16842,213520004,1A1501,105840,1,105840,2130000012232
16844,213520004,1B2201,28080,1,28080,2130000012234
16846,213610010,200071,16200,1,16200,2130000011541
16851,213610010,200071,16200,1,16200,2130000012471
16857,213620008,1B2201,28080,1,28080,2130000011913
16880,213710009,200006,8640,1,8640,2130000012181
16884,213730003,200071,16200,1,16200,2130000011722
16887,213730003,1A1501,105840,1,105840,2130000012011
16888,213730003,1B2201,28080,1,28080,2130000012012
16907,213750003,1A1601,82080,1,82080,2130000011572
16947,214210007,1A1601,82080,1,82080,2140000004532
16949,214310007,1A1601,82080,1,82080,2140000004331
16960,214510002,1B2201,28080,1,28080,2140000004581
16969,214510005,1A1501,105840,1,105840,2140000004702
16987,215220012,200006,8640,1,8640,2310000004081
17013,215720001,1B2201,28080,1,28080,2150000009902
17020,215810004,1B2201,28080,1,28080,2150000010171
17031,216150015,1A1501,105840,1,105840,2160000005962
17043,216250004,1A1501,105840,1,105840,2160000006041
17045,216250004,1B2201,28080,1,28080,2160000006043
17058,216510008,1A1501,105840,1,105840,2160000005702
17069,216750003,1A1601,82080,1,82080,2160000005982
17113,217510005,1A1501,105840,1,105840,2170000003291
17137,217710007,200006,8640,1,8640,2170000003741
17150,218430002,200006,8640,1,8640,630000727571
17155,218550003,1B2201,28080,1,28080,2180000012082
17158,218720006,200006,8640,1,8640,2180000011741
17166,219110018,1A1501,105840,1,105840,2190000016411
17170,219110018,1B2201,28080,1,28080,2190000016415
17179,219120037,200006,8640,1,8640,2190000016591
17182,219130005,1B2201,28080,1,28080,2190000017062
17196,219310012,1A1501,105840,1,105840,2190000017111
17200,219310012,1B2201,28080,1,28080,2190000017115
17201,219320017,200006,8640,1,8640,2190000017291
17218,219620008,1A1501,105840,1,105840,2190000015861
17238,219850001,200006,8640,1,8640,2190000016491
17242,220110015,1B2201,28080,1,28080,2200000020692
17251,220210025,1B2201,28080,1,28080,2200000020493
17312,220610011,200071,16200,1,16200,2200000020991
17323,220710019,1A1501,105840,1,105840,2200000019812
17324,220710019,1B2201,28080,1,28080,2200000019813
17388,221150008,1A1501,105840,1,105840,2210000004942
17401,221210009,1A1501,105840,1,105840,2210000005381
17405,221210009,1B2201,28080,1,28080,2210000005385
17412,221250003,1B2201,28080,1,28080,2210000005143
17416,221310006,1A1501,105840,1,105840,2210000004971
17420,221310006,1B2201,28080,1,28080,2210000004975
17431,221320016,200006,8640,1,8640,2210000005101
17449,221510004,1A1501,105840,1,105840,2210000005001
17453,221510004,1B2201,28080,1,28080,2210000005005
17457,221620004,1A1501,105840,1,105840,2210000005151
17461,221620004,1B2201,28080,1,28080,2210000005155
17471,221710005,1B2201,28080,1,28080,2210000004905
17477,221720005,1A1501,105840,1,105840,2210000005272
17479,221720005,1B2201,28080,1,28080,2210000005274
17491,221810006,1B2201,28080,1,28080,2210000004985
17498,221810007,1B2201,28080,1,28080,2210000004745
17522,222320009,200071,16200,1,16200,2220000014831
17525,222430004,200071,16200,1,16200,2220000016221
17531,222450002,1A1501,105840,1,105840,2220000015671
17537,222540003,1B2201,28080,1,28080,2220000016091
17544,222630007,1A1501,105840,1,105840,2220000014721
17546,222630007,1B2201,28080,1,28080,2220000014723
17569,222730003,200071,16200,1,16200,2220000015853
17570,222730003,200006,8640,1,8640,2220000015854
17584,222850005,1A1501,105840,1,105840,2220000015061
17586,222850005,1B2201,28080,1,28080,2220000015063
17597,224120015,1A1501,105840,1,105840,2240000010702
17599,224120015,1B2201,28080,1,28080,2240000010704
17618,224220005,1B2201,28080,1,28080,2240000011203
17643,224430001,1B2201,28080,1,28080,2240000010957
17653,224510020,1A1501,105840,1,105840,2240000010922
17654,224510020,1B2201,28080,1,28080,2240000010923
17676,224710007,1B2201,28080,1,28080,2240000011334
17680,224710009,1A1501,105840,1,105840,2240000010722
17682,224710009,1B2201,28080,1,28080,2240000010724
17700,224730005,1A1501,105840,1,105840,2240000011232
17701,224730005,1B2201,28080,1,28080,2240000011233
17711,224810014,1B2201,28080,1,28080,2240000011102
17724,225110027,1A1601,82080,1,82080,2250000027402
17744,225130007,1B2201,28080,1,28080,2250000027872
17753,225150038,1A1501,105840,1,105840,2250000026841
17788,225310079,1A1501,105840,1,105840,2250000027951
17789,225310079,1B2201,28080,1,28080,2250000027952
17794,225410026,1B2201,28080,1,28080,2250000028002
17810,225530002,1A1501,105840,1,105840,2250000027011
17823,225710005,1B2201,28080,1,28080,2250000026581
17834,225720008,1A1601,82080,1,82080,2250000026693
17858,229520002,1B2201,28080,1,28080,2290000007073
17865,229610007,1A1501,105840,1,105840,2290000007221
17878,230330004,200006,8640,1,8640,2300000002431
17886,230650001,200006,8640,1,8640,2300000002385
17903,231250006,1A1501,105840,1,105840,2310000003961
17905,231250006,1B2201,28080,1,28080,2310000003963
17918,231410006,1A1501,105840,1,105840,2310000004072
17921,231410006,1B2201,28080,1,28080,2310000004075
17942,234130002,1A1501,105840,1,105840,2340000002912
17944,234150004,1A1501,105840,1,105840,2340000002921
17951,234210007,1B2201,28080,1,28080,2340000002105
17996,234620003,200006,8640,1,8640,2340000002522
18013,234710001,1A1501,105840,1,105840,2340000002532
18026,235150013,200006,8640,1,8640,2350000008471
18030,235210006,1B2201,28080,1,28080,2350000008151
18035,235210018,200006,8640,1,8640,2350000008001
18054,235350001,1A1501,105840,1,105840,2350000008182
18055,235350001,1B2201,28080,1,28080,2350000008183
18059,235520004,1A1501,105840,1,105840,2350000008632
18074,235710001,1B2201,28080,1,28080,2350000008494
18082,235810006,200006,8640,1,8640,2350000008011
18093,235810021,200006,8640,1,8640,2350000008301
18103,236230002,1B2201,28080,1,28080,2360000004682
18107,236230006,200071,16200,1,16200,2360000004791
18118,236330005,1A1501,105840,1,105840,2360000005072
18120,236330005,1B2201,28080,1,28080,2360000005074
18131,236510012,1A1501,105840,1,105840,2360000005382
18137,236630012,200006,8640,1,8640,2360000005061
18144,236850003,1A1501,105840,1,105840,2360000004742
18167,238220001,200006,8640,1,8640,2380000000321
18185,238720001,1A1501,105840,1,105840,2380000000251
18194,238910001,200071,16200,1,16200,2380000000351
18229,240410006,1A1601,82080,1,82080,2400000004282
18254,241120010,1B2201,28080,1,28080,2410000007352
18297,241510006,1A1501,105840,1,105840,2410000006561
18299,241510006,1B2201,28080,1,28080,2410000006563
18316,241630008,1A1501,105840,1,105840,2410000007261
18318,241630008,1B2201,28080,1,28080,2410000007263
18346,248230001,1A1501,105840,1,105840,2480000000102
18350,248230001,1B2201,28080,1,28080,2480000000106
18359,248310001,200071,16200,1,16200,2480000000341
18366,248610001,1A1501,105840,1,105840,2480000000221
18369,248610001,1B2201,28080,1,28080,2480000000224
18380,252810001,200071,16200,1,16200,2520000000051
18391,258510001,1A1501,105840,1,105840,2580000001372
18410,T00256629,200071,16200,1,16200,160000640651
18416,T00258109,200006,8640,1,8640,610000064401
18418,T00258573,200006,8640,1,8640,2090000014791
18424,T00259794,200006,8640,1,8640,720000099371
18426,T00259825,200071,16200,1,16200,1440000029632
18430,T00259924,200071,16200,1,16200,530000903172
18432,T00259953,200006,8640,1,8640,320000507631
18436,T00260188,200006,8640,1,8640,2110000023211
18438,T00260410,200071,16200,1,16200,90000787751
18441,T00260445,200006,8640,1,8640,990000149111
18459,T00261416,200006,8640,1,8640,30000236521
18463,T00261529,200006,8640,1,8640,30000236531
18466,T00261552,200071,16200,1,16200,1430000227431
18470,T00261566,200071,16200,1,16200,1700000057141
