,顧客ID,滞在時間
0,000121059,511.0
1,000321123,0.0
2,000331001,348.0
3,000431039,14.0
4,000512107,496.0
5,000612072,33.0
6,000651028,3.0
7,000651042,73.0
8,000711087,269.0
9,000721111,195.0
10,000741001,0.0
11,000751046,317.0
12,000812016,13.0
13,001110167,0.0
14,001120290,0.0
15,001120350,476.0
16,001150376,5.0
17,001150435,172198.0
18,001310100,0.0
19,001321014,92.0
20,001511020,0.0
21,001730012,37.0
22,001811022,63.0
23,002110094,413.0
24,002110175,0.0
25,002112136,33.0
26,002112528,356.0
27,002112548,186.0
28,002112659,210.0
29,002112660,0.0
30,002112676,732.0
31,002120096,269.0
32,002120206,137.0
33,002121269,0.0
34,002121295,129.0
35,002122338,573.0
36,002122348,75.0
37,002122370,1346.0
38,002122607,16.0
39,002122651,44.0
40,002122737,210.0
41,002122857,155.0
42,002122874,99.0
43,002122990,0.0
44,002123168,60.0
45,002123189,1317.0
46,002123192,0.0
47,002123228,79.0
48,002123244,44.0
49,002123261,152.0
50,002123272,0.0
51,002123295,107.0
52,002123297,116.0
53,002123298,123.0
54,002123300,216.0
55,002132352,255.0
56,002132353,247.0
57,002140012,0.0
58,002142134,0.0
59,002142152,81.0
60,002152059,0.0
61,002152765,19.0
62,002152833,82.0
63,002152849,311.0
64,002152923,23.0
65,002152955,86645.0
66,002153002,4.0
67,002153051,3.0
68,002153095,49.0
69,002153138,0.0
70,002153142,56.0
71,002153166,0.0
72,002153173,20.0
73,002153174,558.0
74,002153175,134.0
75,002153176,220.0
76,002153177,51.0
77,002212263,47.0
78,002212366,355.0
79,002212894,367.0
80,002212967,276.0
81,002212971,0.0
82,002212973,269.0
83,002212976,193.0
84,002212978,511.0
85,002212979,1999.0
86,002212980,96.0
87,002212981,329.0
88,002220105,1942.0
89,002222176,75.0
90,002222195,317.0
91,002222307,275.0
92,002222375,630.0
93,002222388,0.0
94,002222401,0.0
95,002232351,68.0
96,002232369,498.0
97,002232383,5129.0
98,002232386,144.0
99,002232387,181.0
100,002232388,415.0
101,002242010,448.0
102,002251012,35.0
103,002251240,40.0
104,002252268,61.0
105,002252292,311.0
106,002252403,140.0
107,002252456,0.0
108,002252531,610.0
109,002252541,0.0
110,002252564,0.0
111,002252646,84.0
112,002252697,36.0
113,002252703,308.0
114,002252704,21.0
115,002252708,273.0
116,002252709,0.0
117,002311149,136.0
118,002312096,0.0
119,002312708,0.0
120,002312793,0.0
121,002312794,313.0
122,002312797,192.0
123,002312870,14.0
124,002312875,7.0
125,002312876,127.0
126,002312881,293.0
127,002312890,93.0
128,002312894,461.0
129,002312895,2191.0
130,002312897,502.0
131,002321013,0.0
132,002322187,522.0
133,002322335,0.0
134,002322538,0.0
135,002322551,0.0
136,002322599,40.0
137,002322604,8.0
138,002322609,17.0
139,002322615,81.0
140,002322616,383.0
141,002322621,0.0
142,002322625,568.0
143,002322627,207.0
144,002332270,660.0
145,002332313,473.0
146,002332460,23.0
147,002332530,87243.0
148,002342092,0.0
149,002342118,299.0
150,002352031,31.0
151,002411247,227.0
152,002411289,114.0
153,002412443,22.0
154,002412649,48.0
155,002412885,82.0
156,002412928,0.0
157,002412940,0.0
158,002413004,32.0
159,002413059,18.0
160,002413091,87322.0
161,002413092,35.0
162,002413105,45.0
163,002413108,0.0
164,002413119,0.0
165,002413131,19.0
166,002413135,0.0
167,002422108,0.0
168,002432011,519.0
169,002432182,75.0
170,002432208,2843.0
171,002451112,0.0
172,002452268,21.0
173,002512412,346291.0
174,002512488,0.0
175,002512657,25.0
176,002512719,295.0
177,002512736,11.0
178,002512737,551.0
179,002522238,55.0
180,002522243,0.0
181,002522244,117.0
182,002522245,334.0
183,002552115,1306.0
184,002552161,0.0
185,002610121,0.0
186,002612073,79.0
187,002612346,0.0
188,002612541,332.0
189,002612555,0.0
190,002612568,254.0
191,002612583,0.0
192,002612606,207.0
193,002612607,714.0
194,002622078,24.0
195,002630057,755.0
196,002631145,25.0
197,002631152,21.0
198,002632193,34.0
199,002632206,31.0
200,002632237,0.0
201,002632263,0.0
202,002632279,114.0
203,002632507,401.0
204,002632517,75.0
205,002632518,2.0
206,002632519,148.0
207,002652165,0.0
208,002652252,130.0
209,002711224,330.0
210,002712524,468.0
211,002712575,0.0
212,002722007,120.0
213,002722349,0.0
214,002722379,319.0
215,002722424,7.0
216,002722451,37.0
217,002722485,35.0
218,002752182,126.0
219,002752219,30.0
220,002752281,161.0
221,002812133,100.0
222,002812166,17.0
223,002812277,0.0
224,002812718,2366.0
225,002812725,87888.0
226,002812729,255.0
227,002812738,83.0
228,002812739,482.0
229,002812740,378.0
230,002852125,0.0
231,002852169,160.0
232,002852345,0.0
233,002852364,4.0
234,002852368,84.0
235,002852369,86728.0
236,002912118,0.0
237,002912264,179.0
238,002912282,0.0
239,002912316,519533.0
240,003112049,143.0
241,003122063,246.0
242,003122077,0.0
243,003122083,0.0
244,003122090,53.0
245,003210149,0.0
246,003222027,183.0
247,003222028,543.0
248,003332053,177.0
249,003342015,385.0
250,003412085,23.0
251,003452002,64.0
252,003452010,39.0
253,003512047,165.0
254,003632034,679.0
255,003712033,170.0
256,003722051,912.0
257,003812035,228.0
258,003812036,715.0
259,004122066,26.0
260,005111146,0.0
261,005141032,93.0
262,005222012,725.0
263,005332132,83.0
264,005342037,469.0
265,005411031,10.0
266,005412116,104.0
267,005412221,0.0
268,005511131,75.0
269,005522020,0.0
270,005522050,723.0
271,005652029,28.0
272,005711086,174.0
273,005752067,196.0
274,006112072,321.0
275,006112114,156.0
276,006112388,518533.0
277,006112396,368.0
278,006112433,35.0
279,006112434,549.0
280,006112435,166.0
281,006112436,341.0
282,006121155,184.0
283,006122048,174913.0
284,006122292,291.0
285,006122540,193.0
286,006122632,0.0
287,006122698,278.0
288,006122735,346068.0
289,006122736,40.0
290,006122762,0.0
291,006122763,727.0
292,006122772,22.0
293,006122773,333.0
294,006132191,61.0
295,006132195,259.0
296,006141027,232.0
297,006142101,244.0
298,006152160,49.0
299,006152189,387.0
300,006152195,0.0
301,006152218,97.0
302,006152221,296.0
303,006152301,100.0
304,006152313,0.0
305,006152332,276.0
306,006152517,182.0
307,006152550,223.0
308,006152598,44.0
309,006152634,0.0
310,006152645,200.0
311,006152647,16.0
312,006152658,112.0
313,006152667,76.0
314,006152668,274.0
315,006152669,731.0
316,006152670,2524.0
317,006152671,1279.0
318,006212125,15.0
319,006212360,206.0
320,006212398,11.0
321,006212467,91.0
322,006212477,0.0
323,006212495,287.0
324,006212514,0.0
325,006212541,0.0
326,006212579,0.0
327,006212589,99.0
328,006212590,120.0
329,006222235,0.0
330,006222236,261.0
331,006232219,0.0
332,006232230,17.0
333,006232244,107.0
334,006232260,6.0
335,006232262,1161.0
336,006232263,49.0
337,006252219,0.0
338,006252378,47.0
339,006252382,229.0
340,006252391,9.0
341,006312039,11.0
342,006312116,4.0
343,006312500,16.0
344,006312535,145.0
345,006312559,30.0
346,006312570,82.0
347,006322157,639.0
348,006322190,432207.0
349,006322269,289.0
350,006322270,844.0
351,006322334,577.0
352,006322338,590.0
353,006331012,27.0
354,006332200,126.0
355,006332288,61.0
356,006332295,0.0
357,006342072,420.0
358,006342084,42.0
359,006342087,0.0
360,006412148,0.0
361,006412190,398.0
362,006412327,140.0
363,006412555,227.0
364,006412644,0.0
365,006412666,123.0
366,006412670,27.0
367,006412675,305.0
368,006412677,626.0
369,006412678,388.0
370,006422007,214.0
371,006422044,702.0
372,006432044,135.0
373,006432132,182.0
374,006452035,87504.0
375,006452136,88.0
376,006452139,87066.0
377,006512336,42.0
378,006512348,7.0
379,006512415,579.0
380,006522053,399.0
381,006542018,246.0
382,006552073,86609.0
383,006612107,343.0
384,006612335,9.0
385,006612343,284.0
386,006612346,268.0
387,006612356,386.0
388,006621006,83.0
389,006622158,513.0
390,006622170,0.0
391,006622194,835.0
392,006631018,402.0
393,006632263,0.0
394,006632266,0.0
395,006632270,40.0
396,006632274,92.0
397,006632289,151.0
398,006632291,0.0
399,006632294,108.0
400,006632296,21.0
401,006632298,450.0
402,006632299,688.0
403,006652135,86668.0
404,006652146,0.0
405,006652156,1207.0
406,006712061,11.0
407,006712073,18.0
408,006712234,19.0
409,006722126,25.0
410,006722275,535.0
411,006732092,17.0
412,006732117,100.0
413,006752151,174.0
414,006752152,147.0
415,006811119,383.0
416,006812142,176.0
417,006812210,0.0
418,006812330,134.0
419,006812417,145.0
420,006812423,0.0
421,006812436,129.0
422,006812442,483.0
423,006812445,220.0
424,006852180,55.0
425,006852232,955.0
426,006912130,198.0
427,006912175,109.0
428,006922021,367.0
429,006991031,154.0
430,007122101,441.0
431,007132022,233.0
432,007152034,57.0
433,007152105,319.0
434,007152106,1184.0
435,007152107,1122.0
436,007212075,553.0
437,007212076,365.0
438,007232028,130.0
439,007232030,277.0
440,007252061,437.0
441,007252062,442.0
442,007312039,54.0
443,007332035,7.0
444,007332040,866593.0
445,007512075,123.0
446,007622027,0.0
447,007632028,1165.0
448,007722036,521.0
449,007752020,33.0
450,007812052,752.0
451,007812053,180.0
452,007812054,173560.0
453,007852032,31.0
454,007912024,272.0
455,008511077,292.0
456,009111022,177.0
457,009112082,33.0
458,009112196,238.0
459,009121106,561.0
460,009122300,637.0
461,009122305,589.0
462,009122352,7.0
463,009122365,149.0
464,009132090,73.0
465,009152041,268.0
466,009152287,158.0
467,009152288,429.0
468,009212167,417.0
469,009212205,57.0
470,009212273,1480.0
471,009232092,8.0
472,009251021,309.0
473,009252084,0.0
474,009252149,27.0
475,009252182,89.0
476,009252183,199.0
477,009312200,152.0
478,009332109,0.0
479,009332119,145.0
480,009412264,0.0
481,009432031,357.0
482,009442018,16.0
483,009451010,143.0
484,009452046,0.0
485,009522045,0.0
486,009551003,15.0
487,009552041,0.0
488,009622078,428.0
489,009712162,585.0
490,009722100,1545.0
491,009722108,209.0
492,009752074,24.0
493,009912085,0.0
494,009912089,121.0
495,009922014,402.0
496,010112176,163.0
497,010122267,20.0
498,010122291,596.0
499,010212214,0.0
500,010221108,3.0
501,010312194,2.0
502,010312223,0.0
503,010321078,0.0
504,010342016,0.0
505,010412119,1037.0
506,010412247,37.0
507,010412248,0.0
508,010412249,0.0
509,010612104,0.0
510,010711001,192.0
511,010712115,41.0
512,010722089,0.0
513,010852087,457.0
514,010912073,86923.0
515,011112194,199.0
516,011122167,220.0
517,011122280,423.0
518,011122345,15.0
519,011122349,82.0
520,011122352,109.0
521,011122359,319.0
522,011122360,757.0
523,011152198,445.0
524,011152276,64.0
525,011212243,64.0
526,011212247,346.0
527,011212255,248.0
528,011212259,581.0
529,011222077,223.0
530,011232095,0.0
531,011232096,44.0
532,011252075,177.0
533,011252154,0.0
534,011312019,0.0
535,011312218,155.0
536,011322034,174.0
537,011322099,41.0
538,011322116,1065.0
539,011332112,52.0
540,011332113,0.0
541,011332114,426.0
542,011332115,0.0
543,011412215,38.0
544,011412281,0.0
545,011412285,1.0
546,011412288,433.0
547,011432056,13.0
548,011512011,103.0
549,011512028,222.0
550,011512193,0.0
551,011512196,89.0
552,011612101,833.0
553,011612131,0.0
554,011612133,0.0
555,011612135,87188.0
556,011632146,0.0
557,011632147,0.0
558,011712051,1270.0
559,011712140,759.0
560,011712147,137.0
561,011732048,483.0
562,011812053,310.0
563,011812151,411.0
564,011812160,0.0
565,011852086,72.0
566,011922006,400.0
567,012151053,0.0
568,012152146,173077.0
569,012412144,0.0
570,012512077,68.0
571,012542009,403.0
572,012611018,7.0
573,012612073,0.0
574,012712077,403.0
575,012722053,417.0
576,012812110,0.0
577,012812128,95.0
578,014111048,0.0
579,014121052,0.0
580,014122257,0.0
581,014132111,17.0
582,014212302,1.0
583,014222079,33.0
584,014252067,302.0
585,014312153,64.0
586,014312160,0.0
587,014312165,42.0
588,014332142,735.0
589,014412382,1656.0
590,014412407,0.0
591,014512013,10.0
592,014512016,2.0
593,014512269,0.0
594,014512274,251.0
595,014512275,93.0
596,014611024,438.0
597,014611033,0.0
598,014722010,284.0
599,014722085,0.0
600,014722182,0.0
601,014751002,134.0
602,014812035,0.0
603,014912126,205.0
604,015111000,26.0
605,015121015,138.0
606,015122206,0.0
607,015122213,0.0
608,015122275,329.0
609,015132058,82.0
610,015142028,664.0
611,015142041,10.0
612,015152214,261.0
613,015212185,0.0
614,015212190,21.0
615,015212197,0.0
616,015212217,99.0
617,015222116,0.0
618,015232086,262.0
619,015251006,0.0
620,015252184,59.0
621,015312010,91.0
622,015312194,0.0
623,015332099,94.0
624,015332107,283.0
625,015411006,839.0
626,015412008,0.0
627,015412156,274.0
628,015512187,88.0
629,015512201,0.0
630,015522058,1285.0
631,015552029,766.0
632,015611002,15.0
633,015612119,0.0
634,015612149,605.0
635,015632122,0.0
636,015652035,172942.0
637,015652040,174.0
638,015711008,240.0
639,015712160,87091.0
640,015722121,0.0
641,015752060,268.0
642,015811014,196.0
643,015812161,0.0
644,015812163,365.0
645,015812167,0.0
646,015852079,231.0
647,015912041,79.0
648,016111032,0.0
649,016122232,414.0
650,016122376,873.0
651,016122474,222.0
652,016122475,412.0
653,016132106,122.0
654,016142045,0.0
655,016142067,65.0
656,016152345,32.0
657,016152368,5.0
658,016152401,393.0
659,016152450,9.0
660,016152456,337.0
661,016212159,135.0
662,016212325,29.0
663,016212368,43.0
664,016212370,6.0
665,016312033,41.0
666,016312380,55.0
667,016322081,123.0
668,016322141,0.0
669,016322200,6.0
670,016322211,820.0
671,016322212,0.0
672,016322214,1016.0
673,016342059,34.0
674,016422032,7.0
675,016512230,54.0
676,016512300,183.0
677,016552052,671.0
678,016612146,0.0
679,016612231,27.0
680,016612247,539.0
681,016612248,776.0
682,016622143,76.0
683,016622158,0.0
684,016632184,132.0
685,016712187,0.0
686,016732067,150.0
687,016752075,0.0
688,016812278,0.0
689,016812295,181.0
690,016852103,0.0
691,016852125,47.0
692,016852145,0.0
693,017152141,53.0
694,017152147,378.0
695,017212090,580.0
696,017252082,172839.0
697,017312088,32.0
698,017322059,34.0
699,017412147,2130.0
700,018151051,0.0
701,018251019,16.0
702,018312041,87.0
703,018622037,0.0
704,018722023,0.0
705,018751007,8.0
706,019312031,0.0
707,019712003,0.0
708,019812133,1116.0
709,020412105,1176.0
710,021152060,1409.0
711,021212128,39.0
712,021311026,122.0
713,021321017,1944.0
714,021412174,179.0
715,021712045,147.0
716,021812134,218.0
717,022311017,107.0
718,022412060,344.0
719,023132020,105.0
720,023132090,257.0
721,023212301,59.0
722,023212334,0.0
723,023222148,18.0
724,023252112,213.0
725,023312222,487.0
726,023322187,0.0
727,023412415,25.0
728,023412430,0.0
729,023432056,284.0
730,023512234,6.0
731,023512313,0.0
732,023612006,102.0
733,023622103,134.0
734,023622129,109.0
735,023622152,0.0
736,023652069,700.0
737,023711020,578.0
738,023712128,442.0
739,023712276,0.0
740,023752077,99.0
741,023812262,1326.0
742,024652010,9.0
743,025122303,0.0
744,025152055,250.0
745,025152116,923.0
746,025152189,0.0
747,025152203,26.0
748,025152370,19.0
749,025152380,9.0
750,025212253,0.0
751,025222119,124.0
752,025232060,30.0
753,025252167,0.0
754,025322055,2259.0
755,025412057,280.0
756,025412198,0.0
757,025412315,11.0
758,025432075,0.0
759,025442046,232.0
760,025522046,188.0
761,025632109,168.0
762,025752024,0.0
763,025812169,0.0
764,025852013,0.0
765,025852016,0.0
766,025912124,369.0
767,026452052,37.0
768,026512135,138.0
769,026512154,30.0
770,026552042,625.0
771,026552045,17.0
772,026632016,3018.0
773,026652043,412.0
774,027122107,881.0
775,028112051,259343.0
776,028132089,151.0
777,028152057,31.0
778,028152263,410.0
779,028152265,2077.0
780,028152279,139.0
781,028152281,781.0
782,028212203,424.0
783,028232020,0.0
784,028232022,0.0
785,028232058,0.0
786,028252051,30.0
787,028252094,767.0
788,028312174,0.0
789,028312184,87.0
790,028332027,0.0
791,028332057,9.0
792,028352018,445.0
793,028352019,117.0
794,028412257,1134.0
795,028431000,8.0
796,028612090,0.0
797,028632107,116.0
798,028652012,1008.0
799,028812154,0.0
800,028852078,118.0
801,028852080,0.0
802,028922009,460.0
803,029112292,443.0
804,029122245,251.0
805,029122294,133.0
806,029142041,119.0
807,029212070,53.0
808,029212137,234.0
809,029212264,264.0
810,029222100,31.0
811,029232087,16.0
812,029239584,779.0
813,029252168,0.0
814,029252191,549.0
815,029312131,0.0
816,029322150,173072.0
817,029332139,308.0
818,029352007,539.0
819,029515211,110.0
820,029542009,913.0
821,029612143,2.0
822,029622062,521.0
823,029712133,33.0
824,029712151,122.0
825,029722214,35.0
826,029732067,125.0
827,029852057,340.0
828,031112017,0.0
829,031112028,392.0
830,031412041,634.0
831,032112209,483.0
832,032122317,183.0
833,032122318,30.0
834,032132076,646.0
835,032152221,620.0
836,032152225,4.0
837,032152299,84.0
838,032152306,44.0
839,032212138,261.0
840,032212265,124.0
841,032212284,289.0
842,032212296,161.0
843,032222115,117.0
844,032222117,534.0
845,032222118,1.0
846,032252190,74.0
847,032252194,43.0
848,032252196,368.0
849,032312138,125.0
850,032312259,127.0
851,032312278,136.0
852,032312284,38.0
853,032322143,96.0
854,032332151,408.0
855,032352026,57.0
856,032412105,443.0
857,032412226,490.0
858,032412242,0.0
859,032412325,82.0
860,032432017,221.0
861,032512106,0.0
862,032512241,0.0
863,032512246,162.0
864,032552024,749.0
865,032552032,0.0
866,032612033,290.0
867,032612126,86506.0
868,032612147,12.0
869,032632114,135.0
870,032632146,131.0
871,032632148,0.0
872,032652006,16.0
873,032712036,184.0
874,032712124,0.0
875,032712139,980.0
876,032712160,20.0
877,032722124,43.0
878,032812119,431.0
879,032812204,52.0
880,032832010,44.0
881,032852118,90.0
882,032912086,364.0
883,032912087,78.0
884,032912088,70.0
885,034122072,715.0
886,034122073,66.0
887,034152064,82.0
888,034252028,607.0
889,034312048,1505.0
890,034552005,375.0
891,034552010,373.0
892,034812074,202.0
893,034912020,235.0
894,035112192,21.0
895,035112197,55.0
896,035122357,29.0
897,035122411,53.0
898,035122433,112.0
899,035132161,15.0
900,035152126,187.0
901,035152322,792.0
902,035152349,0.0
903,035152354,203.0
904,035212101,433.0
905,035212215,0.0
906,035212283,43.0
907,035212289,0.0
908,035212295,13.0
909,035212312,85.0
910,035222088,71.0
911,035222096,231.0
912,035222125,262.0
913,035252192,0.0
914,035252212,57.0
915,035252216,1553.0
916,035312208,0.0
917,035312213,244.0
918,035312214,19.0
919,035322206,22.0
920,035322210,5.0
921,035322214,259649.0
922,035332010,62.0
923,035412336,375.0
924,035412355,130.0
925,035412372,38.0
926,035412376,161.0
927,035432083,0.0
928,035452094,0.0
929,035512315,574.0
930,035512316,87464.0
931,035522092,1129.0
932,035612250,266.0
933,035612253,52.0
934,035612265,175.0
935,035612268,366.0
936,035622137,277.0
937,035632184,0.0
938,035632236,271.0
939,035652054,231.0
940,035652059,16.0
941,035712151,190.0
942,035712287,106.0
943,035712289,84.0
944,035712290,627.0
945,035722007,725.0
946,035722173,42.0
947,035722176,0.0
948,035722191,271.0
949,035812289,215.0
950,035812304,92.0
951,035812309,496.0
952,035852095,0.0
953,035852170,1403.0
954,035852183,17.0
955,035852185,207.0
956,036112245,0.0
957,036112247,283.0
958,036122398,42.0
959,036122450,39.0
960,036122479,18.0
961,036122570,0.0
962,036122580,7.0
963,036132131,632.0
964,036142042,87632.0
965,036152472,0.0
966,036212048,321.0
967,036212128,4.0
968,036222170,394.0
969,036232144,8.0
970,036232173,173146.0
971,036312347,443.0
972,036322038,293.0
973,036322150,225.0
974,036322168,0.0
975,036332219,123.0
976,036352026,74.0
977,036412369,197.0
978,036442008,15.0
979,036512216,33.0
980,036512302,0.0
981,036522052,9.0
982,036542033,17.0
983,036612120,212.0
984,036622083,5.0
985,036622088,29.0
986,036622105,223.0
987,036632109,0.0
988,036632132,91.0
989,036632142,1116.0
990,036632149,0.0
991,036712181,0.0
992,036712187,45.0
993,036722153,301.0
994,036732014,0.0
995,036732049,0.0
996,036812210,15.0
997,036812266,47.0
998,036812276,35.0
999,036852148,30.0
1000,036852155,0.0
1001,036912118,360.0
1002,037112229,546.0
1003,037122094,206.0
1004,037122252,525.0
1005,037122481,170.0
1006,037122494,860.0
1007,037122495,329.0
1008,037122496,4.0
1009,037132166,66.0
1010,037142047,131.0
1011,037142074,914.0
1012,037152043,320.0
1013,037152362,86704.0
1014,037152389,0.0
1015,037152394,215.0
1016,037152395,289.0
1017,037212287,294.0
1018,037212326,125.0
1019,037212371,151.0
1020,037212379,50.0
1021,037212380,515.0
1022,037212381,635.0
1023,037212382,657.0
1024,037222064,160.0
1025,037222119,605.0
1026,037232174,171.0
1027,037232180,883.0
1028,037240003,322.0
1029,037252024,546.0
1030,037252202,29.0
1031,037252219,0.0
1032,037252220,0.0
1033,037252221,63.0
1034,037252222,339.0
1035,037252223,84.0
1036,037252225,116.0
1037,037312102,0.0
1038,037312261,0.0
1039,037312263,762.0
1040,037312264,249.0
1041,037312268,449.0
1042,037322098,5.0
1043,037322130,0.0
1044,037322187,89.0
1045,037322234,308.0
1046,037332076,8.0
1047,037332110,194.0
1048,037342032,66.0
1049,037412336,132.0
1050,037412472,0.0
1051,037452111,39.0
1052,037452116,1616.0
1053,037512077,0.0
1054,037512356,34.0
1055,037512363,13.0
1056,037512364,47.0
1057,037512366,569.0
1058,037522060,172996.0
1059,037612201,659.0
1060,037612289,232.0
1061,037612291,7.0
1062,037622085,220.0
1063,037622197,980.0
1064,037632264,44.0
1065,037632283,14.0
1066,037632285,346259.0
1067,037632286,327.0
1068,037652083,81.0
1069,037712115,96.0
1070,037712348,0.0
1071,037712364,31.0
1072,037722036,664.0
1073,037722162,162.0
1074,037722193,140.0
1075,037722223,113.0
1076,037752113,48.0
1077,037812334,26.0
1078,037812338,87.0
1079,037812339,399.0
1080,037812340,449.0
1081,037812342,222.0
1082,037852178,12.0
1083,037852184,0.0
1084,037852188,0.0
1085,037852190,732.0
1086,037912094,237.0
1087,037922014,66.0
1088,038112165,108.0
1089,038112292,1322.0
1090,038122056,176116.0
1091,038122447,62.0
1092,038122464,206.0
1093,038122465,148.0
1094,038152182,294.0
1095,038152257,36.0
1096,038152458,126.0
1097,038152459,241.0
1098,038152460,126.0
1099,038152462,849.0
1100,038152463,61.0
1101,038212162,210.0
1102,038212225,27.0
1103,038212241,0.0
1104,038212353,66.0
1105,038212355,28.0
1106,038212356,262.0
1107,038222156,298.0
1108,038222165,115.0
1109,038222166,165.0
1110,038232074,442.0
1111,038232131,448.0
1112,038312306,178.0
1113,038312332,173512.0
1114,038312333,158.0
1115,038312334,12.0
1116,038322057,688.0
1117,038322198,149.0
1118,038322218,59.0
1119,038332200,1728.0
1120,038332202,560.0
1121,038342029,486.0
1122,038412429,524.0
1123,038412440,28.0
1124,038412441,359.0
1125,038412442,410.0
1126,038422032,682.0
1127,038512293,117.0
1128,038522047,126.0
1129,038552055,67.0
1130,038612102,0.0
1131,038612200,1186.0
1132,038612237,16.0
1133,038632142,605862.0
1134,038632186,265.0
1135,038632190,175.0
1136,038642006,66.0
1137,038652081,166.0
1138,038712150,0.0
1139,038722183,1290.0
1140,038732072,23.0
1141,038732074,769.0
1142,038812024,171.0
1143,038812272,124.0
1144,038812276,0.0
1145,038812289,395.0
1146,038912096,270.0
1147,038912098,1606.0
1148,038912099,0.0
1149,039112075,31.0
1150,039122064,0.0
1151,039122146,45.0
1152,039152023,0.0
1153,039152121,19.0
1154,039152125,0.0
1155,039152139,54.0
1156,039212097,0.0
1157,039212111,0.0
1158,039232037,62.0
1159,039252079,172932.0
1160,039252081,65.0
1161,039312062,1177.0
1162,039312101,134.0
1163,039412094,405.0
1164,039432023,188.0
1165,039432036,718.0
1166,039512061,0.0
1167,039612071,3.0
1168,039622005,374.0
1169,039622037,512.0
1170,039722049,101.0
1171,040122266,166.0
1172,040132109,41.0
1173,040132111,239.0
1174,040152277,67.0
1175,040212049,24.0
1176,040222047,10.0
1177,040232048,172923.0
1178,040322125,0.0
1179,040512187,1142.0
1180,040512189,146.0
1181,040612125,0.0
1182,040622068,284.0
1183,040712153,1.0
1184,040722016,0.0
1185,040852086,0.0
1186,041222016,0.0
1187,041432012,32.0
1188,042122036,208.0
1189,042332012,41.0
1190,042432025,81.0
1191,042452011,2.0
1192,042812075,194.0
1193,043132010,60.0
1194,043132034,0.0
1195,043142019,787.0
1196,043152122,0.0
1197,043152137,18.0
1198,043212095,267.0
1199,043212102,633.0
1200,043312089,129.0
1201,043332042,329.0
1202,043332052,191.0
1203,043432021,312.0
1204,043512008,344.0
1205,043512057,1128.0
1206,043512097,595.0
1207,043522030,207.0
1208,043612059,224.0
1209,043622028,255.0
1210,043632041,136.0
1211,043632057,757.0
1212,043912028,0.0
1213,044122116,0.0
1214,044222005,16.0
1215,044232094,195.0
1216,044252063,5.0
1217,044252070,139.0
1218,044252071,174.0
1219,044252072,439.0
1220,044312069,429.0
1221,044312090,87.0
1222,044412076,3.0
1223,044522035,1191.0
1224,044552022,157.0
1225,044632065,19.0
1226,044732009,159.0
1227,044752036,0.0
1228,044812085,0.0
1229,044912041,74.0
1230,045112010,48.0
1231,045112043,0.0
1232,045112179,0.0
1233,045112185,748.0
1234,045112186,75.0
1235,045112187,251.0
1236,045122095,508.0
1237,045122226,0.0
1238,045122321,112.0
1239,045132018,158.0
1240,045152111,39.0
1241,045152253,65.0
1242,045152269,336.0
1243,045152270,533.0
1244,045152297,3.0
1245,045152298,39.0
1246,045212078,19.0
1247,045212133,29.0
1248,045222017,0.0
1249,045222075,0.0
1250,045222107,412.0
1251,045232085,98.0
1252,045252172,62.0
1253,045252179,17.0
1254,045312051,0.0
1255,045312058,13.0
1256,045312184,168.0
1257,045312245,249.0
1258,045322022,686.0
1259,045322136,7.0
1260,045322142,0.0
1261,045412012,0.0
1262,045412179,329.0
1263,045412219,0.0
1264,045412260,53.0
1265,045412273,1634.0
1266,045452057,0.0
1267,045452062,126.0
1268,045452063,23.0
1269,045452064,135.0
1270,045512079,9.0
1271,045512086,142.0
1272,045612049,477.0
1273,045612126,0.0
1274,045612132,0.0
1275,045612136,0.0
1276,045632119,32.0
1277,045632122,420.0
1278,045652045,100.0
1279,045722006,153.0
1280,045722021,0.0
1281,045722139,788.0
1282,045722150,16.0
1283,045732016,0.0
1284,045732052,121.0
1285,045752080,0.0
1286,045812055,151.0
1287,045812089,122.0
1288,045832002,60.0
1289,045852088,130.0
1290,045912065,151.0
1291,046812021,0.0
1292,047152081,26.0
1293,047312044,291.0
1294,047412079,287.0
1295,047722026,606.0
1296,047812016,0.0
1297,050852023,0.0
1298,053112141,346.0
1299,053112219,0.0
1300,053112422,31.0
1301,053112452,139.0
1302,053122629,0.0
1303,053122650,7.0
1304,053122752,41.0
1305,053122754,0.0
1306,053122782,53.0
1307,053122783,0.0
1308,053122787,142.0
1309,053122788,157.0
1310,053122789,93.0
1311,053122790,556.0
1312,053122791,86507.0
1313,053132178,707.0
1314,053132202,0.0
1315,053132223,35.0
1316,053132224,189.0
1317,053132225,158.0
1318,053132226,249.0
1319,053142017,166.0
1320,053152082,0.0
1321,053152225,0.0
1322,053152327,148.0
1323,053152438,31.0
1324,053152649,250.0
1325,053152704,18.0
1326,053152729,0.0
1327,053152732,338.0
1328,053152734,498.0
1329,053212139,0.0
1330,053212178,17.0
1331,053212478,2466.0
1332,053212533,0.0
1333,053212585,7.0
1334,053212593,157.0
1335,053212608,28.0
1336,053212614,115.0
1337,053212645,4.0
1338,053212653,723.0
1339,053212654,356.0
1340,053222091,0.0
1341,053222188,0.0
1342,053222267,299.0
1343,053232103,373.0
1344,053232238,18.0
1345,053252463,0.0
1346,053252467,16.0
1347,053252474,0.0
1348,053312011,24.0
1349,053312041,293.0
1350,053312181,47.0
1351,053312310,329.0
1352,053312572,218.0
1353,053312574,248.0
1354,053322379,54.0
1355,053332197,144.0
1356,053332335,53.0
1357,053332336,0.0
1358,053332341,291.0
1359,053332342,1054.0
1360,053342050,0.0
1361,053342090,272.0
1362,053342102,463.0
1363,053342103,298.0
1364,053412558,184.0
1365,053412622,272.0
1366,053412729,1.0
1367,053412736,134.0
1368,053412745,268.0
1369,053412746,654.0
1370,053412747,327.0
1371,053412748,1240.0
1372,053432164,0.0
1373,053432174,107.0
1374,053452149,9.0
1375,053452156,37.0
1376,053452158,1014.0
1377,053512176,21.0
1378,053512425,0.0
1379,053512483,19.0
1380,053512484,48.0
1381,053512486,402.0
1382,053522075,0.0
1383,053522078,65.0
1384,053522142,63.0
1385,053522148,55.0
1386,053552026,910.0
1387,053552082,60.0
1388,053552102,75.0
1389,053612355,58.0
1390,053612356,0.0
1391,053612357,0.0
1392,053612360,33.0
1393,053622007,93.0
1394,053622212,259331.0
1395,053622213,261.0
1396,053622216,619.0
1397,053632245,0.0
1398,053632266,246.0
1399,053632308,801.0
1400,053632315,473.0
1401,053652170,37.0
1402,053712130,60.0
1403,053712251,102.0
1404,053712304,195.0
1405,053712332,452.0
1406,053712382,18.0
1407,053712391,403.0
1408,053712392,384.0
1409,053712394,284.0
1410,053722100,427.0
1411,053722194,1.0
1412,053722229,0.0
1413,053722326,379.0
1414,053722329,53.0
1415,053732032,17.0
1416,053732089,150.0
1417,053732099,114.0
1418,053752184,198.0
1419,053812318,389.0
1420,053812382,88.0
1421,053812400,189.0
1422,053812408,426.0
1423,053812411,0.0
1424,053812452,6.0
1425,053812455,120.0
1426,053852232,0.0
1427,053852246,54.0
1428,053912194,59.0
1429,054112072,0.0
1430,054132060,14.0
1431,054332041,0.0
1432,054332042,299.0
1433,054432026,765.0
1434,054512173,309.0
1435,054512183,99.0
1436,054522036,0.0
1437,054612142,39.0
1438,054712083,231.0
1439,054722100,0.0
1440,054752059,179.0
1441,054852089,18.0
1442,055112156,0.0
1443,055122044,297.0
1444,055122111,0.0
1445,055122260,203.0
1446,055132027,63.0
1447,055152257,523.0
1448,055212195,41.0
1449,055232033,156.0
1450,055232040,259847.0
1451,055242002,0.0
1452,055312217,1082.0
1453,055322064,0.0
1454,055412229,0.0
1455,055412246,211.0
1456,055432049,59.0
1457,055432051,19.0
1458,055452049,169.0
1459,055512064,0.0
1460,055532010,426.0
1461,055552026,346.0
1462,055612133,0.0
1463,055632114,9.0
1464,055652048,193.0
1465,055712094,213.0
1466,055722088,157.0
1467,055752030,0.0
1468,055852091,338.0
1469,056122103,156.0
1470,056152086,117.0
1471,056212023,0.0
1472,056212065,80.0
1473,056212069,15.0
1474,056312029,13.0
1475,056350005,191.0
1476,056612022,230.0
1477,056652019,159.0
1478,056712009,0.0
1479,056712037,71.0
1480,056830002,1069.0
1481,057112020,383.0
1482,057112063,2156.0
1483,057122124,27.0
1484,057132025,38.0
1485,057212057,328.0
1486,057212072,88.0
1487,057232050,48.0
1488,057312163,682.0
1489,057312179,259.0
1490,057312184,92.0
1491,057322076,364.0
1492,057332034,82.0
1493,057412100,177.0
1494,057512046,36.0
1495,057612055,1702.0
1496,057632030,473.0
1497,057732028,0.0
1498,057752011,232.0
1499,057912038,280.0
1500,058152033,0.0
1501,058222018,45.0
1502,058232008,92.0
1503,058322017,0.0
1504,058632027,353.0
1505,058812014,0.0
1506,058852019,154.0
1507,060112062,694.0
1508,060112115,87584.0
1509,060122106,139.0
1510,060122157,114.0
1511,060122162,0.0
1512,060122173,82.0
1513,060122181,0.0
1514,060122184,71.0
1515,060122185,240.0
1516,060132041,0.0
1517,060132048,30.0
1518,060142001,38.0
1519,060152039,3.0
1520,060152133,221.0
1521,060152134,249.0
1522,060212122,0.0
1523,060222039,316.0
1524,060232045,26.0
1525,060252093,107.0
1526,060252094,50.0
1527,060312119,290.0
1528,060312121,362.0
1529,060312122,1174.0
1530,060332065,807.0
1531,060342028,571.0
1532,060412068,0.0
1533,060412111,53.0
1534,060412156,0.0
1535,060412165,271.0
1536,060512091,737.0
1537,060552015,1182.0
1538,060552018,0.0
1539,060552020,403.0
1540,060612067,14.0
1541,060612068,497.0
1542,060622014,19.0
1543,060622043,118.0
1544,060632049,24.0
1545,060722010,457.0
1546,060722042,0.0
1547,060752018,0.0
1548,060752032,1244.0
1549,060752033,156.0
1550,060752034,96.0
1551,060812024,8.0
1552,060812097,1089.0
1553,060812099,72.0
1554,060852048,459.0
1555,061122089,304.0
1556,061122093,29.0
1557,061152080,149.0
1558,061212076,123.0
1559,061212078,0.0
1560,061312055,290.0
1561,061322040,316.0
1562,061322042,1338.0
1563,061512027,86.0
1564,061652032,0.0
1565,061722026,1359.0
1566,061812053,220.0
1567,062122138,0.0
1568,062122141,39.0
1569,062152050,0.0
1570,062152154,0.0
1571,062252053,36.0
1572,062312080,157.0
1573,062322051,160.0
1574,062322058,17.0
1575,062412149,0.0
1576,062412157,486.0
1577,062612085,0.0
1578,062622021,108.0
1579,062622095,267.0
1580,062652022,746.0
1581,062712003,0.0
1582,062722065,0.0
1583,063112102,98.0
1584,063112144,187.0
1585,063112223,189.0
1586,063112247,48.0
1587,063112249,23.0
1588,063112286,166.0
1589,063112313,172.0
1590,063112314,1310.0
1591,063122037,0.0
1592,063122547,5.0
1593,063122550,50.0
1594,063122570,115.0
1595,063122585,904.0
1596,063122588,126.0
1597,063122598,217.0
1598,063122602,222.0
1599,063122604,547.0
1600,063122607,25.0
1601,063122608,96.0
1602,063122609,6.0
1603,063122610,72.0
1604,063122612,258.0
1605,063132181,8.0
1606,063132224,0.0
1607,063142022,66.0
1608,063152033,0.0
1609,063152165,72.0
1610,063152420,305.0
1611,063152478,34.0
1612,063152533,619.0
1613,063152575,86450.0
1614,063152577,45.0
1615,063152610,320.0
1616,063152614,27.0
1617,063152619,58.0
1618,063152620,232.0
1619,063212426,255.0
1620,063212447,55.0
1621,063212465,288.0
1622,063212475,0.0
1623,063212479,173016.0
1624,063212481,88.0
1625,063222176,0.0
1626,063222293,98.0
1627,063222302,88.0
1628,063222303,249.0
1629,063232038,10.0
1630,063232067,223.0
1631,063232103,0.0
1632,063232202,0.0
1633,063232207,177.0
1634,063252198,117.0
1635,063252272,0.0
1636,063252274,156.0
1637,063252299,161.0
1638,063252309,116.0
1639,063252323,82.0
1640,063252324,361.0
1641,063312213,0.0
1642,063312320,411.0
1643,063312324,16.0
1644,063312346,522.0
1645,063312349,0.0
1646,063322120,20.0
1647,063322156,0.0
1648,063322297,16.0
1649,063322307,194.0
1650,063332120,173827.0
1651,063332146,110.0
1652,063332178,203.0
1653,063332182,341.0
1654,063342050,273.0
1655,063412199,146.0
1656,063412255,24.0
1657,063412481,131.0
1658,063412560,32.0
1659,063412633,12.0
1660,063412674,0.0
1661,063412691,204.0
1662,063412697,27.0
1663,063412701,145.0
1664,063412702,109.0
1665,063422017,22.0
1666,063422034,0.0
1667,063432130,98.0
1668,063432134,0.0
1669,063452127,116.0
1670,063452157,12.0
1671,063452171,431.0
1672,063512062,2074332.0
1673,063512288,52.0
1674,063512389,19.0
1675,063512395,77.0
1676,063512426,80.0
1677,063512464,212.0
1678,063512469,189.0
1679,063512493,51.0
1680,063512501,116.0
1681,063512511,0.0
1682,063512512,0.0
1683,063512513,9.0
1684,063522099,172873.0
1685,063522222,496.0
1686,063522224,329.0
1687,063522225,51.0
1688,063522226,349.0
1689,063522227,195.0
1690,063522228,173.0
1691,063522229,1170.0
1692,063532008,583.0
1693,063542012,56.0
1694,063612154,32.0
1695,063612201,451.0
1696,063612350,0.0
1697,063612366,60.0
1698,063612369,126.0
1699,063612374,41.0
1700,063612376,84.0
1701,063612378,199.0
1702,063622129,29.0
1703,063622191,14.0
1704,063622215,5.0
1705,063622219,2.0
1706,063622220,943.0
1707,063622222,0.0
1708,063622224,0.0
1709,063622230,370.0
1710,063632099,0.0
1711,063632272,209.0
1712,063632314,129.0
1713,063632330,11.0
1714,063632334,115.0
1715,063632343,69.0
1716,063632347,0.0
1717,063632358,87.0
1718,063652067,235.0
1719,063652071,463.0
1720,063652083,21.0
1721,063652098,112.0
1722,063712255,154.0
1723,063712407,140.0
1724,063712419,690.0
1725,063712428,0.0
1726,063712432,1.0
1727,063712436,40.0
1728,063712442,193.0
1729,063712444,19.0
1730,063722034,0.0
1731,063722132,26.0
1732,063722255,46.0
1733,063722298,141.0
1734,063722314,68.0
1735,063722315,122.0
1736,063722316,0.0
1737,063722317,253.0
1738,063722318,668.0
1739,063752164,56.0
1740,063752166,150.0
1741,063812201,306.0
1742,063812442,324.0
1743,063812456,26.0
1744,063812488,30.0
1745,063812490,0.0
1746,063812491,14.0
1747,063812493,467.0
1748,063812497,64.0
1749,063812498,331.0
1750,063812501,416.0
1751,063852033,267.0
1752,063852215,174.0
1753,063852229,0.0
1754,063852249,0.0
1755,063912112,30.0
1756,064452006,119.0
1757,065152007,81.0
1758,065212056,333.0
1759,065312078,342.0
1760,065332031,150.0
1761,065412067,759.0
1762,065412068,234.0
1763,065522011,0.0
1764,065712036,0.0
1765,065852024,7.0
1766,066112129,189.0
1767,066122134,379.0
1768,066122158,35.0
1769,066122191,0.0
1770,066122196,261.0
1771,066152136,0.0
1772,066152174,33.0
1773,066152200,0.0
1774,066152207,313.0
1775,066212108,346.0
1776,066212110,107.0
1777,066212111,12.0
1778,066212137,110.0
1779,066252068,102.0
1780,066252123,116.0
1781,066312118,0.0
1782,066322094,16.0
1783,066322098,190.0
1784,066322100,0.0
1785,066322102,146.0
1786,066322106,364.0
1787,066332052,646.0
1788,066412093,133.0
1789,066512114,427.0
1790,066512130,138.0
1791,066612084,0.0
1792,066622060,96.0
1793,066632077,0.0
1794,066632101,0.0
1795,066652041,170.0
1796,066722081,8.0
1797,066722086,123.0
1798,066732024,0.0
1799,066752049,135.0
1800,066812111,67.0
1801,066812115,38.0
1802,066912072,0.0
1803,067122051,209.0
1804,067152064,0.0
1805,067412096,419.0
1806,068003737,1002.0
1807,068004140,355.0
1808,068004360,0.0
1809,068004900,405.0
1810,068005408,0.0
1811,068005502,75.0
1812,068005531,72.0
1813,068005553,15.0
1814,068005573,41.0
1815,068005584,0.0
1816,068005615,183.0
1817,068005619,0.0
1818,068005637,45.0
1819,068005643,0.0
1820,068005644,0.0
1821,068005654,555.0
1822,068005655,0.0
1823,068005666,0.0
1824,068005671,134.0
1825,068005672,152.0
1826,068005673,61.0
1827,068005684,269.0
1828,068005690,123.0
1829,068005698,0.0
1830,068005706,261.0
1831,068005707,293.0
1832,068005709,289.0
1833,068005712,60.0
1834,069222029,403.0
1835,069322010,49.0
1836,069322014,1339.0
1837,069412115,21.0
1838,069612026,119.0
1839,069722036,363.0
1840,069812067,150.0
1841,069812096,1062.0
1842,069830002,246.0
1843,070112038,206.0
1844,070112113,0.0
1845,070122032,0.0
1846,070122049,1882.0
1847,070122106,142.0
1848,070132011,0.0
1849,070152087,463.0
1850,070212156,60.0
1851,070232048,281.0
1852,070312121,0.0
1853,070312141,46.0
1854,070322031,0.0
1855,070332011,0.0
1856,070332037,308.0
1857,070332075,6.0
1858,070412183,0.0
1859,070512008,863.0
1860,070512067,3.0
1861,070612038,19.0
1862,070612092,96.0
1863,070712118,25.0
1864,070752041,32.0
1865,070812054,6.0
1866,071112010,0.0
1867,071122165,125.0
1868,071122167,103.0
1869,071152069,0.0
1870,071152150,69.0
1871,071152152,220.0
1872,071152153,0.0
1873,071212090,0.0
1874,071212153,0.0
1875,071212157,53.0
1876,071222042,252.0
1877,071252084,94.0
1878,071252085,528.0
1879,071312077,0.0
1880,071322070,105.0
1881,071412052,0.0
1882,071412063,10.0
1883,071412105,351.0
1884,071412109,9.0
1885,071412120,23.0
1886,071412127,202.0
1887,071512122,251.0
1888,071512125,253.0
1889,071552031,2560.0
1890,071612073,0.0
1891,071612077,225.0
1892,071612079,14.0
1893,071622052,0.0
1894,071622054,1527.0
1895,071652007,347.0
1896,071712030,1735.0
1897,071712065,0.0
1898,071722041,3.0
1899,071722063,461.0
1900,071732030,0.0
1901,071752023,481.0
1902,071812103,472.0
1903,071852026,0.0
1904,071852027,481.0
1905,072112042,46.0
1906,072112051,271.0
1907,072122120,2227.0
1908,072122134,334.0
1909,072122136,94.0
1910,072142027,21.0
1911,072142030,387.0
1912,072152009,39.0
1913,072152082,35.0
1914,072212011,57.0
1915,072212082,153.0
1916,072212085,37.0
1917,072212090,623.0
1918,072252061,86907.0
1919,072252068,507.0
1920,072252069,159.0
1921,072332060,484.0
1922,072412071,991.0
1923,072412091,27.0
1924,072512054,1.0
1925,072512055,169.0
1926,072522018,166.0
1927,072632020,0.0
1928,072732013,314.0
1929,072752020,0.0
1930,072752039,95.0
1931,072752042,170.0
1932,072912062,247.0
1933,073112078,412.0
1934,073122100,1297.0
1935,073122108,245.0
1936,073122111,0.0
1937,073122114,467.0
1938,073152102,705.0
1939,073152103,256.0
1940,073222010,0.0
1941,073222043,518558.0
1942,073252068,60.0
1943,073252069,217.0
1944,073352010,352.0
1945,073412113,199.0
1946,073552024,280.0
1947,073622007,0.0
1948,073712025,0.0
1949,073752016,0.0
1950,073852020,378.0
1951,073852035,0.0
1952,075112061,332.0
1953,075122114,0.0
1954,075122120,0.0
1955,075152061,0.0
1956,075152077,0.0
1957,075222033,12.0
1958,075222034,1283.0
1959,075252039,749.0
1960,075322009,27.0
1961,075322058,0.0
1962,075412060,0.0
1963,075442011,18.0
1964,075732021,0.0
1965,075852037,58.0
1966,075852039,761.0
1967,076112050,554.0
1968,076122102,1.0
1969,076132041,22.0
1970,076212048,63.0
1971,076222017,0.0
1972,076312056,41.0
1973,076522038,79.0
1974,076612028,573.0
1975,076612033,301.0
1976,076712020,278.0
1977,077142022,192.0
1978,077612006,0.0
1979,077722083,171.0
1980,078112010,137.0
1981,078112074,19.0
1982,078122095,0.0
1983,078122161,18.0
1984,078132049,501.0
1985,078132050,212.0
1986,078212150,0.0
1987,078222035,2093.0
1988,078322027,47.0
1989,078322056,11.0
1990,078332048,393.0
1991,078412107,0.0
1992,078412138,33.0
1993,078412164,0.0
1994,078512074,185.0
1995,078522050,0.0
1996,078612086,597.0
1997,078622043,22.0
1998,078622044,31.0
1999,078632067,99.0
2000,078732029,0.0
2001,078812051,214.0
2002,080212066,363.0
2003,080312062,0.0
2004,080712024,0.0
2005,081112052,3.0
2006,081252047,34.0
2007,081852007,1352.0
2008,082112021,254.0
2009,082142016,44.0
2010,082212096,191.0
2011,082312066,118.0
2012,082312100,7.0
2013,082412072,0.0
2014,082512078,0.0
2015,082522030,99.0
2016,082552016,472.0
2017,082622033,288.0
2018,082632035,184.0
2019,082912004,326.0
2020,082912024,20.0
2021,083112067,7.0
2022,083132026,231.0
2023,083152100,33.0
2024,083212100,19.0
2025,083222072,420.0
2026,083322075,5.0
2027,083322078,472.0
2028,083512120,128.0
2029,083512121,412.0
2030,083512125,29.0
2031,083612060,0.0
2032,083612077,566.0
2033,083612079,185.0
2034,083622039,39.0
2035,083712074,23.0
2036,083722017,187.0
2037,083722054,82.0
2038,083752047,35.0
2039,083812114,143.0
2040,083912021,38.0
2041,084122034,48.0
2042,084122071,1002.0
2043,084132013,35.0
2044,084132022,24.0
2045,084140008,0.0
2046,084152021,0.0
2047,084152043,26.0
2048,084152046,534.0
2049,084212031,0.0
2050,084212063,0.0
2051,084212064,386.0
2052,084252050,0.0
2053,084252052,0.0
2054,084252054,173378.0
2055,084322048,110.0
2056,084412070,22.0
2057,084440003,0.0
2058,084440007,0.0
2059,084440008,124.0
2060,084452022,13.0
2061,084512016,0.0
2062,084512056,54.0
2063,084512072,74.0
2064,084522040,0.0
2065,084612018,3.0
2066,084622027,227.0
2067,084632034,0.0
2068,084730007,0.0
2069,084752010,45.0
2070,084752014,0.0
2071,084812036,33.0
2072,084812062,2846.0
2073,084912009,0.0
2074,085110020,254.0
2075,085110050,519.0
2076,085120104,460.0
2077,085150086,16.0
2078,085150112,0.0
2079,085210032,155.0
2080,085210035,43.0
2081,085210113,51.0
2082,085220042,0.0
2083,085220054,0.0
2084,085230040,146.0
2085,085250063,506.0
2086,085250064,758.0
2087,085310042,0.0
2088,085310068,0.0
2089,085310073,121.0
2090,085330004,0.0
2091,085350008,22.0
2092,085430029,38.0
2093,085430030,52.0
2094,085440011,538.0
2095,085450010,59.0
2096,085520032,202.0
2097,085540002,0.0
2098,085610010,0.0
2099,085610067,47.0
2100,085620058,650.0
2101,085630001,71.0
2102,085630069,0.0
2103,085710065,72.0
2104,085710075,144.0
2105,085710082,18.0
2106,085710088,0.0
2107,085720022,0.0
2108,085730023,258.0
2109,085750046,81.0
2110,085810012,38.0
2111,085810020,2.0
2112,085810070,54.0
2113,085850040,22.0
2114,085850048,0.0
2115,085850050,0.0
2116,085910018,85.0
2117,086110048,56.0
2118,086120007,0.0
2119,086120018,4.0
2120,086120047,73.0
2121,086120092,51.0
2122,086120099,112.0
2123,086150047,0.0
2124,086210007,69.0
2125,086210063,0.0
2126,086230021,102.0
2127,086230025,0.0
2128,086250010,0.0
2129,086250024,152.0
2130,086250029,5.0
2131,086310004,33.0
2132,086310006,0.0
2133,086320018,0.0
2134,086330001,15.0
2135,086330013,5.0
2136,086410083,41.0
2137,086410107,84.0
2138,086410108,0.0
2139,086450017,342.0
2140,086510045,12.0
2141,086510050,0.0
2142,086510054,0.0
2143,086510059,9.0
2144,086510061,0.0
2145,086510062,42.0
2146,086510063,335.0
2147,086520016,0.0
2148,086610034,54.0
2149,086630007,0.0
2150,086630067,0.0
2151,086650012,172895.0
2152,086710025,46.0
2153,086710032,0.0
2154,086710058,0.0
2155,086710065,153.0
2156,086710066,77.0
2157,086710067,37.0
2158,086750012,118.0
2159,086810015,77.0
2160,086810024,0.0
2161,086810065,0.0
2162,086810097,0.0
2163,086810101,82.0
2164,086810110,539.0
2165,086810111,0.0
2166,086850038,0.0
2167,086850052,82.0
2168,086850054,44.0
2169,087212125,252.0
2170,087212140,655.0
2171,087322026,150.0
2172,087322072,94.0
2173,087342009,475.0
2174,087412075,0.0
2175,087412105,15.0
2176,087412135,0.0
2177,087452035,136.0
2178,087512045,369.0
2179,087522039,96.0
2180,087612065,27.0
2181,087722045,974.0
2182,088112034,160.0
2183,088152022,83.0
2184,088152055,0.0
2185,088152065,229.0
2186,088212044,76.0
2187,088220018,1581.0
2188,088350002,0.0
2189,088420003,691742.0
2190,088522005,259.0
2191,088612028,6.0
2192,088912004,93.0
2193,089110010,116.0
2194,089120084,409.0
2195,089150026,751.0
2196,089150054,261.0
2197,089230034,142.0
2198,089310040,0.0
2199,089320040,0.0
2200,089320043,707.0
2201,089410084,86517.0
2202,089410087,9.0
2203,089430029,29.0
2204,089510064,12.0
2205,089610017,0.0
2206,089610040,638.0
2207,089610049,239.0
2208,089620027,0.0
2209,089630035,405.0
2210,089710065,337.0
2211,089720038,0.0
2212,089850001,61.0
2213,090110050,565.0
2214,090120113,227.0
2215,090120123,0.0
2216,090120125,156.0
2217,090120126,24.0
2218,090150095,464.0
2219,090210015,19.0
2220,090210136,0.0
2221,090250064,34.0
2222,090320037,62.0
2223,090330027,4.0
2224,090330070,210.0
2225,090450015,0.0
2226,090450017,106.0
2227,090510060,0.0
2228,090550013,7.0
2229,090550021,83.0
2230,090620035,138.0
2231,090620036,172912.0
2232,090710058,128.0
2233,090720043,116.0
2234,090810055,403.0
2235,090810066,247.0
2236,092112046,0.0
2237,092152082,0.0
2238,092252035,115.0
2239,092350007,0.0
2240,092432002,429.0
2241,092452016,113.0
2242,092512062,0.0
2243,092622025,47.0
2244,092712067,0.0
2245,092722036,0.0
2246,093122194,0.0
2247,093122216,318.0
2248,093152150,161.0
2249,093222092,7.0
2250,093222093,226.0
2251,093222094,160.0
2252,093322063,232.0
2253,093412164,7.0
2254,093412186,248.0
2255,093412212,221.0
2256,093412218,3.0
2257,093412219,134.0
2258,093512144,80.0
2259,093522037,135.0
2260,093612081,42.0
2261,093612111,2.0
2262,093632121,0.0
2263,093632123,0.0
2264,093712038,104.0
2265,093712105,122.0
2266,093722093,0.0
2267,093732021,0.0
2268,093752047,54.0
2269,093852065,3.0
2270,094122063,20.0
2271,094130027,117.0
2272,094152055,0.0
2273,094152056,0.0
2274,094152061,0.0
2275,094212066,0.0
2276,094212075,716.0
2277,094232019,0.0
2278,094322040,348.0
2279,094350001,0.0
2280,094412054,0.0
2281,094452004,128.0
2282,094452017,0.0
2283,094512042,88.0
2284,094622027,107.0
2285,094632014,0.0
2286,094632032,0.0
2287,095220005,0.0
2288,095250008,0.0
2289,095510032,0.0
2290,095610068,823.0
2291,095610069,698.0
2292,095630001,0.0
2293,095650014,109.0
2294,095650015,0.0
2295,095720007,10.0
2296,095810028,35.0
2297,096120027,148.0
2298,096120042,8.0
2299,096120049,0.0
2300,096120074,0.0
2301,096130019,0.0
2302,096140007,425.0
2303,096150017,0.0
2304,096150039,78.0
2305,096150053,0.0
2306,096150054,89.0
2307,096210058,0.0
2308,096220026,1445.0
2309,096230025,674.0
2310,096310035,0.0
2311,096310064,132.0
2312,096310066,163.0
2313,096310067,481.0
2314,096320027,70.0
2315,096410010,41.0
2316,096410069,0.0
2317,096410071,46.0
2318,096410072,0.0
2319,096430001,210.0
2320,096510044,43.0
2321,096620004,0.0
2322,096620017,5.0
2323,096620022,874.0
2324,096710008,494.0
2325,096720001,278.0
2326,096720018,59.0
2327,096850028,10.0
2328,096850032,715.0
2329,097110005,287.0
2330,097130002,237.0
2331,097150007,765.0
2332,097750003,792.0
2333,098152009,10.0
2334,098152044,42.0
2335,098152045,519.0
2336,098812024,0.0
2337,099110063,27.0
2338,099110064,11.0
2339,099110065,124.0
2340,099120061,17.0
2341,099120177,32.0
2342,099120179,211.0
2343,099150055,25.0
2344,099220026,99.0
2345,099310006,4.0
2346,099310013,22.0
2347,099310143,0.0
2348,099310146,171.0
2349,099330062,9.0
2350,099330084,43.0
2351,099410018,28.0
2352,099410129,0.0
2353,099430024,126.0
2354,099610047,416.0
2355,099610050,22.0
2356,099620029,0.0
2357,099630021,0.0
2358,099630046,151.0
2359,099650003,10.0
2360,099650011,30.0
2361,099720005,60.0
2362,099720043,72.0
2363,099750004,0.0
2364,099750036,42.0
2365,099810006,88.0
2366,099910008,54.0
2367,100720012,221.0
2368,101110048,0.0
2369,101110050,276.0
2370,101120011,30.0
2371,101120078,48.0
2372,101150075,918.0
2373,101250049,0.0
2374,101250054,8.0
2375,101250057,597.0
2376,101310047,0.0
2377,101310070,0.0
2378,101320031,15.0
2379,101410031,102.0
2380,101510004,170.0
2381,101540004,0.0
2382,101630021,215.0
2383,102140004,0.0
2384,102210028,0.0
2385,102210068,0.0
2386,102250008,113.0
2387,102310030,0.0
2388,102330003,0.0
2389,102410055,0.0
2390,102410057,0.0
2391,102410058,0.0
2392,102410059,87509.0
2393,102440002,0.0
2394,102510017,0.0
2395,102510038,0.0
2396,102510063,0.0
2397,102550010,52.0
2398,102710030,0.0
2399,102720011,0.0
2400,102750020,24.0
2401,102810023,0.0
2402,102810049,712.0
2403,102850013,0.0
2404,104150286,86.0
2405,104410075,44.0
2406,104510039,144.0
2407,104710127,499.0
2408,104730024,247.0
2409,108140003,0.0
2410,108150001,18.0
2411,108150037,265.0
2412,108250022,46.0
2413,108310018,48.0
2414,108410069,5.0
2415,108610010,93.0
2416,108630017,13.0
2417,108650006,0.0
2418,108710020,56.0
2419,108810007,0.0
2420,109110062,0.0
2421,109130019,305.0
2422,109230052,52.0
2423,109310083,354.0
2424,109330041,445.0
2425,109410137,704.0
2426,109510135,52.0
2427,109620063,89.0
2428,109750050,121.0
2429,110120047,431.0
2430,110130008,0.0
2431,110220002,12.0
2432,110810028,103.0
2433,111110024,42.0
2434,111120006,0.0
2435,111120034,0.0
2436,111130008,26.0
2437,111130010,0.0
2438,111130013,0.0
2439,111130014,321.0
2440,111230002,0.0
2441,111230018,2.0
2442,111310042,747.0
2443,111340001,0.0
2444,111410012,37.0
2445,111410024,21.0
2446,111520008,0.0
2447,111630014,0.0
2448,111710009,0.0
2449,111710020,0.0
2450,111810011,86407.0
2451,111850013,0.0
2452,111910012,29.0
2453,112120038,1164.0
2454,112120062,70.0
2455,112150022,210.0
2456,112210001,16.0
2457,112220021,0.0
2458,112250024,318.0
2459,112330013,309.0
2460,112340004,0.0
2461,112410042,50.0
2462,112410054,0.0
2463,112710027,33.0
2464,113110026,276.0
2465,113120002,542.0
2466,113120039,0.0
2467,113250039,149.0
2468,113250040,184.0
2469,113410002,0.0
2470,113630018,271.0
2471,113630020,250.0
2472,116110005,0.0
2473,116210019,0.0
2474,116410015,0.0
2475,116610010,0.0
2476,116710007,0.0
2477,117110002,602.0
2478,117150050,63.0
2479,117220017,167.0
2480,117430015,229.0
2481,117450011,2678.0
2482,117510017,0.0
2483,118630008,78.0
2484,119110083,459.0
2485,119110090,0.0
2486,119120046,233.0
2487,119120058,20.0
2488,119120157,119.0
2489,119130042,6.0
2490,119140006,0.0
2491,119150150,174.0
2492,119150173,0.0
2493,119150177,1237.0
2494,119210109,0.0
2495,119230032,779279.0
2496,119230044,61.0
2497,119250075,301.0
2498,119250076,0.0
2499,119310094,540.0
2500,119310097,304.0
2501,119320022,0.0
2502,119320070,87.0
2503,119330101,17.0
2504,119330123,12.0
2505,119330124,342.0
2506,119330126,0.0
2507,119410104,16.0
2508,119410112,732.0
2509,119410113,221.0
2510,119430027,248.0
2511,119440010,155.0
2512,119450004,438.0
2513,119450023,50.0
2514,119450036,54.0
2515,119520009,0.0
2516,119520027,26.0
2517,119520030,17.0
2518,119710089,73.0
2519,119710094,8.0
2520,119720003,0.0
2521,119850005,0.0
2522,119850007,546.0
2523,119910034,315.0
2524,120110101,22.0
2525,120110120,0.0
2526,120110124,320.0
2527,120120201,0.0
2528,120120207,590.0
2529,120130062,595.0
2530,120150075,82.0
2531,120150104,425.0
2532,120150120,459.0
2533,120150189,0.0
2534,120150192,672.0
2535,120150193,43.0
2536,120210098,608.0
2537,120210132,0.0
2538,120210150,519604.0
2539,120210163,36.0
2540,120220074,20.0
2541,120220078,14.0
2542,120230051,1179.0
2543,120250136,525.0
2544,120310157,142.0
2545,120310162,0.0
2546,120320089,29.0
2547,120320098,0.0
2548,120330084,55.0
2549,120410116,0.0
2550,120410123,0.0
2551,120410151,2145.0
2552,120410160,4.0
2553,120410185,456.0
2554,120410200,69.0
2555,120410202,4.0
2556,120410206,453.0
2557,120430026,216.0
2558,120510031,0.0
2559,120510065,357.0
2560,120510129,4.0
2561,120520045,115.0
2562,120630022,247.0
2563,120710094,214.0
2564,120720016,0.0
2565,120720065,0.0
2566,120720087,135.0
2567,120730016,57.0
2568,120730037,24.0
2569,120750034,28.0
2570,120810052,0.0
2571,120810117,18.0
2572,120810120,173.0
2573,120910050,26.0
2574,121120044,0.0
2575,121130009,146.0
2576,121150040,11.0
2577,121210033,134.0
2578,121220016,200.0
2579,121220018,191.0
2580,121410048,0.0
2581,121410050,0.0
2582,121750015,10.0
2583,122120074,93.0
2584,122150012,718.0
2585,122250074,77.0
2586,122310020,32.0
2587,122410058,0.0
2588,122410059,0.0
2589,122610014,174.0
2590,122620011,46.0
2591,122620014,1473.0
2592,122640001,194.0
2593,123710005,90.0
2594,124210082,258.0
2595,124220038,28.0
2596,124250072,24.0
2597,124250075,0.0
2598,124310044,13.0
2599,124320039,152.0
2600,124320053,40.0
2601,124330015,0.0
2602,124340006,0.0
2603,124410105,0.0
2604,124410116,58.0
2605,124430012,85.0
2606,124520010,1642511.0
2607,124620033,806.0
2608,124630071,0.0
2609,124630073,0.0
2610,124650013,29.0
2611,124730015,0.0
2612,124810093,159.0
2613,124810100,0.0
2614,124810101,211.0
2615,125630015,129.0
2616,125650018,36.0
2617,125810032,195.0
2618,126150020,0.0
2619,126220006,318.0
2620,126320005,0.0
2621,126330010,558.0
2622,126510007,0.0
2623,126610009,91.0
2624,126610011,232.0
2625,126630013,151.0
2626,126720005,33.0
2627,126730001,6.0
2628,126810014,0.0
2629,126850010,0.0
2630,127150042,345.0
2631,127150049,0.0
2632,127150069,393.0
2633,127310033,17.0
2634,127320039,79.0
2635,127450002,185.0
2636,127510003,0.0
2637,128110003,140.0
2638,128120046,0.0
2639,128120050,66.0
2640,128120052,0.0
2641,128210026,0.0
2642,128230011,0.0
2643,128250005,26.0
2644,128250028,0.0
2645,128310013,201.0
2646,128610020,146.0
2647,128810026,86754.0
2648,129210051,89.0
2649,129310032,49.0
2650,129310035,169.0
2651,129320003,4.0
2652,129340007,494.0
2653,129350002,343.0
2654,129410023,0.0
2655,129410037,0.0
2656,129410056,510.0
2657,129550007,52.0
2658,131120010,0.0
2659,131150001,198.0
2660,131150008,223.0
2661,131230012,408.0
2662,131310029,257.0
2663,131410003,31.0
2664,131410013,1.0
2665,131410030,0.0
2666,131510007,0.0
2667,131710020,107.0
2668,131710026,0.0
2669,131720019,52.0
2670,131910002,0.0
2671,132110020,102.0
2672,132120012,552.0
2673,132220014,0.0
2674,132230022,0.0
2675,132320011,133.0
2676,132330014,37.0
2677,132410036,0.0
2678,132620013,30.0
2679,132620024,612.0
2680,132720014,394.0
2681,132810001,29.0
2682,132810031,0.0
2683,133330019,0.0
2684,133410093,221.0
2685,133430024,0.0
2686,133520007,317.0
2687,133520028,0.0
2688,133630056,170.0
2689,133650010,51.0
2690,133710052,2300.0
2691,133710053,0.0
2692,133710055,139.0
2693,133720019,102.0
2694,134110024,10.0
2695,134110028,258.0
2696,134110030,0.0
2697,134120001,18.0
2698,134120073,0.0
2699,134120074,569.0
2700,134310064,0.0
2701,134330013,4.0
2702,134410019,42.0
2703,134410035,12.0
2704,134450001,856.0
2705,134510032,603.0
2706,134510033,45.0
2707,134650030,72.0
2708,134720014,221.0
2709,135110036,0.0
2710,135110045,43.0
2711,135120117,354.0
2712,135130073,11.0
2713,135130074,359.0
2714,135130076,532.0
2715,135150128,8.0
2716,135210091,824.0
2717,135220046,80.0
2718,135320016,0.0
2719,135320069,531.0
2720,135320072,369.0
2721,135410111,0.0
2722,135410141,45.0
2723,135410149,54.0
2724,135440005,165.0
2725,135450035,0.0
2726,135520036,0.0
2727,135520050,32.0
2728,135520051,1.0
2729,135550003,0.0
2730,135550016,422.0
2731,135630059,10.0
2732,135710057,9.0
2733,135710066,279.0
2734,135710076,200.0
2735,135710091,85.0
2736,135720039,22.0
2737,135810048,715.0
2738,135810069,4.0
2739,135830007,0.0
2740,135910007,378.0
2741,136110026,0.0
2742,136110027,0.0
2743,136110028,158.0
2744,136120017,171.0
2745,136120050,99.0
2746,136120060,171.0
2747,136150034,0.0
2748,136150059,319.0
2749,136210060,30.0
2750,136220034,259374.0
2751,136230026,158.0
2752,136310069,17.0
2753,136310076,207.0
2754,136430026,595.0
2755,136510052,0.0
2756,136510053,0.0
2757,136610001,0.0
2758,136610050,734.0
2759,136630029,0.0
2760,136710054,80.0
2761,136710057,0.0
2762,136720043,0.0
2763,136720044,0.0
2764,136730014,20.0
2765,136910025,52.0
2766,137130011,932.0
2767,137150036,45.0
2768,137150045,248.0
2769,137210002,6.0
2770,137210019,185.0
2771,137220017,396.0
2772,137250036,351.0
2773,137250038,434.0
2774,137330019,6.0
2775,137410021,120.0
2776,137510035,77.0
2777,137520008,1464.0
2778,137610021,206.0
2779,137750002,376.0
2780,137810024,114.0
2781,137850010,1.0
2782,138110010,318.0
2783,138110018,784.0
2784,138110020,0.0
2785,138120027,0.0
2786,138120029,873.0
2787,138150033,0.0
2788,138230010,8.0
2789,138250015,21.0
2790,138250016,146.0
2791,138310026,266.0
2792,138410028,40.0
2793,138430006,336.0
2794,138610017,106.0
2795,138610021,93.0
2796,138620004,554.0
2797,138710011,133.0
2798,138810007,943.0
2799,138910005,750.0
2800,139120032,0.0
2801,139120044,656.0
2802,139210049,13.0
2803,139250024,425.0
2804,139440006,413.0
2805,139520024,214.0
2806,139520025,543.0
2807,139620020,0.0
2808,139730001,242.0
2809,139810033,542.0
2810,140110016,0.0
2811,140110026,100.0
2812,140110027,133.0
2813,140120061,65.0
2814,140150033,126.0
2815,140150049,43.0
2816,140210032,51.0
2817,140210037,0.0
2818,140210039,0.0
2819,140220031,2102.0
2820,140220032,192.0
2821,140230017,275.0
2822,140250032,0.0
2823,140410064,0.0
2824,140450010,0.0
2825,140510044,0.0
2826,140550013,34.0
2827,140710043,78.0
2828,140720021,0.0
2829,140720023,53.0
2830,140850014,0.0
2831,140910004,0.0
2832,141110017,245.0
2833,141120008,1543.0
2834,141150023,166.0
2835,141150051,124.0
2836,141410048,0.0
2837,141510032,0.0
2838,141610025,19.0
2839,141610026,54.0
2840,141630023,56.0
2841,141730004,0.0
2842,141910005,0.0
2843,143110135,326.0
2844,143110147,193.0
2845,143110180,1750.0
2846,143110181,259993.0
2847,143120005,579.0
2848,143120033,0.0
2849,143120072,16.0
2850,143120151,183.0
2851,143120214,0.0
2852,143120223,8683.0
2853,143120235,16.0
2854,143120240,0.0
2855,143120243,221.0
2856,143120261,8.0
2857,143120264,17.0
2858,143120265,365.0
2859,143120266,68.0
2860,143120270,197.0
2861,143120273,127.0
2862,143120275,1127.0
2863,143120276,2120.0
2864,143120277,41.0
2865,143120278,192.0
2866,143130046,0.0
2867,143140009,76.0
2868,143140033,341.0
2869,143150179,42.0
2870,143150182,34.0
2871,143150238,234.0
2872,143150259,72.0
2873,143150274,58.0
2874,143150277,742.0
2875,143150278,502.0
2876,143150280,301.0
2877,143150282,368.0
2878,143150283,1729.0
2879,143210122,136.0
2880,143210143,124.0
2881,143210174,29.0
2882,143210198,0.0
2883,143210213,60.0
2884,143210216,21.0
2885,143210218,182.0
2886,143210233,1463.0
2887,143210234,309.0
2888,143210235,7.0
2889,143210237,289.0
2890,143210239,98.0
2891,143220021,137.0
2892,143220032,130.0
2893,143220070,333.0
2894,143220076,415.0
2895,143220080,519.0
2896,143220081,618.0
2897,143230077,0.0
2898,143240003,157.0
2899,143250157,90.0
2900,143250164,248.0
2901,143250168,86830.0
2902,143250169,292.0
2903,143250171,1655.0
2904,143250172,4.0
2905,143310050,0.0
2906,143310172,412.0
2907,143310215,108.0
2908,143310222,83.0
2909,143310228,307.0
2910,143310229,268.0
2911,143310230,50.0
2912,143310231,0.0
2913,143310232,155.0
2914,143310233,255.0
2915,143310234,688.0
2916,143310235,491.0
2917,143310236,670.0
2918,143320040,810.0
2919,143320076,0.0
2920,143320092,49.0
2921,143320108,146.0
2922,143320123,94.0
2923,143320131,0.0
2924,143320132,0.0
2925,143320134,63.0
2926,143320136,309.0
2927,143330056,278.0
2928,143330104,197.0
2929,143330106,12.0
2930,143330120,214.0
2931,143330123,1175.0
2932,143340021,74.0
2933,143350018,5.0
2934,143350019,150.0
2935,143410126,243.0
2936,143410132,585.0
2937,143410179,320.0
2938,143410204,92.0
2939,143410230,172.0
2940,143410242,65.0
2941,143410255,64.0
2942,143410256,16.0
2943,143410257,287.0
2944,143410259,252.0
2945,143410260,354.0
2946,143410261,201.0
2947,143420015,195.0
2948,143430045,2.0
2949,143430047,12.0
2950,143440014,31.0
2951,143450021,229.0
2952,143450059,162.0
2953,143510150,25.0
2954,143510153,86.0
2955,143510162,196.0
2956,143510164,635.0
2957,143510166,305.0
2958,143520020,101.0
2959,143550015,12.0
2960,143550031,5.0
2961,143550036,407.0
2962,143550038,181.0
2963,143610119,143.0
2964,143610124,435.0
2965,143610133,1309.0
2966,143610136,1164.0
2967,143610138,922.0
2968,143620063,186.0
2969,143630032,201.0
2970,143630064,767.0
2971,143630103,0.0
2972,143630107,644.0
2973,143630108,133.0
2974,143650010,0.0
2975,143650039,289.0
2976,143650048,387.0
2977,143650050,48.0
2978,143650053,581.0
2979,143650055,314.0
2980,143650056,253.0
2981,143710104,32.0
2982,143710138,6.0
2983,143710151,0.0
2984,143710155,6.0
2985,143710156,65.0
2986,143710157,827.0
2987,143720065,33.0
2988,143720101,8.0
2989,143720108,23.0
2990,143720111,33.0
2991,143720118,186.0
2992,143720123,590.0
2993,143720125,184.0
2994,143720126,137.0
2995,143720127,194.0
2996,143730033,68.0
2997,143750055,7.0
2998,143750067,0.0
2999,143750068,1510.0
3000,143810133,715.0
3001,143810150,311.0
3002,143810154,433.0
3003,143810162,562.0
3004,143810176,0.0
3005,143810190,45.0
3006,143810193,333.0
3007,143810195,52.0
3008,143810197,222.0
3009,143810198,614.0
3010,143850032,15.0
3011,143850072,25.0
3012,143850074,651.0
3013,143850075,18.0
3014,143850079,104.0
3015,143850082,86573.0
3016,143850084,1143.0
3017,143850085,987.0
3018,143850086,143.0
3019,143910056,102.0
3020,144210026,0.0
3021,144250016,242.0
3022,144320018,20.0
3023,144410024,236.0
3024,144510024,440.0
3025,144720022,557.0
3026,144810020,0.0
3027,145130082,0.0
3028,145210001,2.0
3029,145220005,0.0
3030,145330019,0.0
3031,145410011,241.0
3032,145450064,0.0
3033,145510014,317.0
3034,145510205,0.0
3035,145630055,0.0
3036,145810097,36.0
3037,145810189,17.0
3038,146110024,0.0
3039,146110030,691830.0
3040,146110031,0.0
3041,146150020,36.0
3042,146150064,191.0
3043,146210057,0.0
3044,146230016,3.0
3045,146450002,18.0
3046,146510013,0.0
3047,146610012,398.0
3048,146630018,0.0
3049,146750015,176.0
3050,146810002,1.0
3051,147220010,0.0
3052,147620014,153.0
3053,148110001,0.0
3054,148110010,0.0
3055,148120030,105.0
3056,148310018,422.0
3057,148330006,0.0
3058,148510039,0.0
3059,148520016,1816.0
3060,148620015,339.0
3061,148630026,38.0
3062,148650002,3.0
3063,148650007,0.0
3064,148710023,0.0
3065,148850022,449.0
3066,149110028,165.0
3067,149120090,0.0
3068,149120095,218.0
3069,149120113,6.0
3070,149120116,0.0
3071,149120117,0.0
3072,149120124,19.0
3073,149120127,282.0
3074,149130042,50.0
3075,149150077,7.0
3076,149150126,0.0
3077,149150130,228.0
3078,149150131,569.0
3079,149210012,45.0
3080,149210102,1593.0
3081,149210103,178.0
3082,149230034,0.0
3083,149250058,11.0
3084,149310082,3.0
3085,149310084,0.0
3086,149320055,42.0
3087,149340001,42.0
3088,149410093,0.0
3089,149510057,169.0
3090,149510097,144.0
3091,149510102,0.0
3092,149510104,53.0
3093,149520043,341.0
3094,149610021,218.0
3095,149630082,245.0
3096,149650016,304.0
3097,149720060,0.0
3098,149730002,322.0
3099,149750039,0.0
3100,149810092,35.0
3101,149910022,875.0
3102,150120033,65.0
3103,150120036,16.0
3104,150150056,0.0
3105,150150057,317.0
3106,150210003,13.0
3107,150250014,0.0
3108,150310021,261.0
3109,150410029,0.0
3110,150610002,188.0
3111,150620011,0.0
3112,150710049,0.0
3113,150720026,0.0
3114,150810037,0.0
3115,151230004,165.0
3116,151410029,133.0
3117,151810003,217.0
3118,153110025,6.0
3119,153110045,40.0
3120,153120090,42.0
3121,153140012,0.0
3122,153220016,1720.0
3123,153310132,0.0
3124,153310133,0.0
3125,153320025,77.0
3126,153330014,2.0
3127,153340009,0.0
3128,153410061,2.0
3129,153610056,28.0
3130,153610057,0.0
3131,153630007,0.0
3132,153630032,0.0
3133,153650025,12.0
3134,153730022,0.0
3135,153850030,0.0
3136,153910056,108.0
3137,153910058,35.0
3138,153910059,64.0
3139,154120055,45.0
3140,154150067,222.0
3141,154150073,0.0
3142,154210001,75.0
3143,154230036,0.0
3144,154230040,0.0
3145,154250032,0.0
3146,154320020,23.0
3147,154410052,5.0
3148,154410060,0.0
3149,154410071,0.0
3150,154430012,0.0
3151,154430013,433.0
3152,154510033,13.0
3153,154520015,0.0
3154,154610041,76.0
3155,154630042,69.0
3156,154710038,282.0
3157,154710051,237.0
3158,154720028,112.0
3159,154750014,0.0
3160,154810028,0.0
3161,154810043,0.0
3162,154910011,0.0
3163,155210024,139.0
3164,155210041,284.0
3165,155230004,176.0
3166,155250038,0.0
3167,155250052,86608.0
3168,155310029,17.0
3169,155310038,27.0
3170,155450003,83.0
3171,155550010,44.0
3172,155610043,88828.0
3173,155630036,43.0
3174,155710006,1041.0
3175,155720020,373.0
3176,155720036,4.0
3177,155810033,0.0
3178,156110018,982.0
3179,156210033,402.0
3180,156230018,196.0
3181,156250014,248.0
3182,156310026,315.0
3183,156410039,73.0
3184,156630034,58.0
3185,156630035,9.0
3186,156850011,23.0
3187,157150042,430.0
3188,157210041,0.0
3189,157230016,332.0
3190,157320022,150.0
3191,157510041,0.0
3192,157610019,332.0
3193,157720027,9.0
3194,157750002,0.0
3195,158120022,7.0
3196,158630016,140.0
3197,158810021,502.0
3198,159120013,603.0
3199,159120022,593.0
3200,159120036,442.0
3201,159210030,136.0
3202,160110002,0.0
3203,160110009,1092.0
3204,160230013,55.0
3205,160410016,0.0
3206,160510019,925.0
3207,160520013,322.0
3208,160710002,0.0
3209,160710012,21.0
3210,160810005,0.0
3211,160810026,851.0
3212,161230009,220.0
3213,161430007,15.0
3214,161550003,31.0
3215,162110065,361.0
3216,162110083,206.0
3217,162120050,291.0
3218,162120110,1197.0
3219,162120197,61.0
3220,162120242,297.0
3221,162120243,761.0
3222,162120244,701.0
3223,162130078,49.0
3224,162150075,0.0
3225,162150090,357.0
3226,162150105,102.0
3227,162150199,44.0
3228,162150235,285.0
3229,162150236,301.0
3230,162150237,128.0
3231,162150238,900.0
3232,162150239,300.0
3233,162210145,0.0
3234,162210160,41.0
3235,162210192,87284.0
3236,162210193,67.0
3237,162210194,0.0
3238,162210196,221.0
3239,162220004,9.0
3240,162220084,0.0
3241,162230053,9.0
3242,162230077,192.0
3243,162230078,467.0
3244,162310107,553.0
3245,162310129,408.0
3246,162310130,200.0
3247,162320063,193.0
3248,162320108,0.0
3249,162330046,0.0
3250,162330048,307.0
3251,162330050,339.0
3252,162340025,409.0
3253,162410051,82.0
3254,162410134,0.0
3255,162410160,385.0
3256,162410191,167.0
3257,162410225,2.0
3258,162410247,349.0
3259,162450006,173.0
3260,162450042,33.0
3261,162450064,100.0
3262,162510061,12.0
3263,162510062,184.0
3264,162510156,177.0
3265,162520075,391.0
3266,162520078,182.0
3267,162610134,124.0
3268,162620032,267.0
3269,162620038,204.0
3270,162620059,155.0
3271,162630144,9.0
3272,162630161,80.0
3273,162710131,0.0
3274,162710135,85.0
3275,162720048,212.0
3276,162720089,31.0
3277,162720092,5.0
3278,162720096,644.0
3279,162720110,218.0
3280,162750004,655.0
3281,162750052,0.0
3282,162810047,1182.0
3283,162810194,343.0
3284,162810196,193.0
3285,162810197,515.0
3286,162850066,26.0
3287,162850086,270.0
3288,162850088,247.0
3289,162910051,28.0
3290,163120027,0.0
3291,163120030,0.0
3292,163120033,198.0
3293,163210031,130.0
3294,163230011,0.0
3295,163230012,39.0
3296,163330009,297.0
3297,163420002,0.0
3298,163610029,0.0
3299,166140009,33.0
3300,166210013,0.0
3301,166250008,187.0
3302,166510064,630.0
3303,166620037,45.0
3304,166710055,0.0
3305,166810031,3.0
3306,166830001,48.0
3307,167120046,207.0
3308,167720003,486.0
3309,168110007,182.0
3310,168120030,488.0
3311,168220009,1638.0
3312,168230001,28.0
3313,168250010,111.0
3314,168310010,146.0
3315,168610011,0.0
3316,168710014,567.0
3317,168720008,8.0
3318,168720013,1220.0
3319,168810016,455.0
3320,168810019,1075.0
3321,168810020,86874.0
3322,168850007,1013.0
3323,170110029,617.0
3324,170110042,126.0
3325,170110043,309.0
3326,170120001,178.0
3327,170120032,0.0
3328,170120057,122.0
3329,170120077,144.0
3330,170120078,1038.0
3331,170150073,180.0
3332,170150074,314.0
3333,170150075,44.0
3334,170150076,243.0
3335,170210070,0.0
3336,170220025,0.0
3337,170230005,0.0
3338,170230021,208.0
3339,170250006,0.0
3340,170250046,282.0
3341,170250050,567.0
3342,170310049,37.0
3343,170310051,0.0
3344,170310053,43.0
3345,170320054,46.0
3346,170320060,487.0
3347,170410056,21.0
3348,170410058,31.0
3349,170410064,550.0
3350,170420002,97.0
3351,170430017,0.0
3352,170450032,72.0
3353,170510028,353.0
3354,170510036,31.0
3355,170610003,274.0
3356,170610041,274.0
3357,170630027,151.0
3358,170630028,18.0
3359,170710044,35.0
3360,170720027,0.0
3361,170810036,0.0
3362,170850022,236.0
3363,170910013,17.0
3364,171210013,98.0
3365,172330022,640.0
3366,173110026,10.0
3367,173120054,0.0
3368,173510042,255.0
3369,173710035,45.0
3370,173720029,0.0
3371,173810045,36.0
3372,173850016,85.0
3373,173850017,736.0
3374,174110019,56.0
3375,174110026,16.0
3376,174110027,402.0
3377,174210005,0.0
3378,174250001,616.0
3379,174330006,14.0
3380,174510032,57.0
3381,174550007,0.0
3382,174650008,155.0
3383,174710024,0.0
3384,174810020,233.0
3385,175120021,24.0
3386,175150024,191.0
3387,175250007,0.0
3388,175410024,5.0
3389,175810008,0.0
3390,175850012,236.0
3391,176150022,102.0
3392,176250013,0.0
3393,176410014,33.0
3394,176550003,35.0
3395,176810017,277.0
3396,176810019,68.0
3397,176910010,66.0
3398,177110038,264.0
3399,177110070,154.0
3400,177120058,228.0
3401,177120064,17.0
3402,177120124,231.0
3403,177120146,0.0
3404,177120154,97.0
3405,177120157,167.0
3406,177130039,87.0
3407,177130050,96.0
3408,177130063,0.0
3409,177130067,143.0
3410,177150074,1.0
3411,177150103,222.0
3412,177150111,42.0
3413,177150129,54.0
3414,177150137,108.0
3415,177150145,145.0
3416,177150146,186.0
3417,177210032,0.0
3418,177210087,4.0
3419,177210150,2.0
3420,177210151,0.0
3421,177210155,79.0
3422,177210157,954.0
3423,177220057,42.0
3424,177220073,0.0
3425,177220074,688.0
3426,177230043,111.0
3427,177250041,0.0
3428,177250042,660.0
3429,177250093,102.0
3430,177250096,86952.0
3431,177310052,0.0
3432,177310069,0.0
3433,177310076,0.0
3434,177320027,180.0
3435,177320073,21.0
3436,177320074,13.0
3437,177330006,581.0
3438,177330036,60.0
3439,177330042,234.0
3440,177340004,60.0
3441,177410027,262.0
3442,177410036,913.0
3443,177410055,67.0
3444,177410111,0.0
3445,177410121,466.0
3446,177410129,74.0
3447,177412091,471.0
3448,177412097,472.0
3449,177412098,352.0
3450,177430030,33.0
3451,177520019,265.0
3452,177520073,306.0
3453,177550017,157.0
3454,177610039,37.0
3455,177610084,168.0
3456,177630034,0.0
3457,177630097,56.0
3458,177640001,377.0
3459,177710085,506.0
3460,177710089,0.0
3461,177730023,438.0
3462,177750034,380.0
3463,177810082,1056.0
3464,177810092,0.0
3465,177810100,65.0
3466,177810130,50.0
3467,177810132,45.0
3468,177810133,203.0
3469,177810135,26.0
3470,177810141,0.0
3471,177810142,176.0
3472,177810146,641.0
3473,177830010,472.0
3474,177850056,0.0
3475,177850057,0.0
3476,177850065,579.0
3477,178150025,87244.0
3478,178210028,35.0
3479,178250010,0.0
3480,178250012,20.0
3481,178310009,0.0
3482,178320016,497.0
3483,178510023,0.0
3484,178520009,21.0
3485,178710036,51.0
3486,178720029,112.0
3487,179120004,118.0
3488,179120030,187.0
3489,179150025,0.0
3490,179210034,453.0
3491,179220012,281.0
3492,179250020,1065.0
3493,179310016,9.0
3494,179310023,175.0
3495,179310024,117.0
3496,179330015,202.0
3497,179350005,1.0
3498,179510021,0.0
3499,179650011,2.0
3500,179710020,0.0
3501,179810021,0.0
3502,179810022,0.0
3503,180110005,0.0
3504,180120033,92.0
3505,180130007,0.0
3506,180210019,190.0
3507,180220007,534.0
3508,180310021,148.0
3509,180320027,738.0
3510,180330010,126.0
3511,180330022,1206.0
3512,180340007,120.0
3513,180340009,537.0
3514,180620015,251.0
3515,180630009,239.0
3516,180810020,0.0
3517,180850011,0.0
3518,181150044,0.0
3519,181210034,0.0
3520,181210038,367.0
3521,181250017,265.0
3522,181250020,0.0
3523,181320022,29.0
3524,181410005,53.0
3525,181410041,0.0
3526,181610021,42.0
3527,181610023,797.0
3528,181710006,677.0
3529,181810029,13.0
3530,181810031,0.0
3531,181850016,16.0
3532,181910001,48.0
3533,183110013,0.0
3534,183110028,57.0
3535,183210031,45.0
3536,183210034,37.0
3537,183310047,201.0
3538,183310050,58.0
3539,183330025,14.0
3540,183350003,0.0
3541,183410041,51.0
3542,183420008,14.0
3543,183510015,563.0
3544,183620004,3.0
3545,183620008,52.0
3546,184150024,266.0
3547,184610011,107.0
3548,185120027,384.0
3549,185130004,6.0
3550,185130006,18.0
3551,185510002,9.0
3552,185510014,0.0
3553,185710009,64.0
3554,185710010,637.0
3555,185710011,310.0
3556,185810008,69.0
3557,185850002,9.0
3558,186210002,17.0
3559,186510001,9.0
3560,186510004,502.0
3561,186520006,801.0
3562,188110003,0.0
3563,188110019,0.0
3564,188120018,0.0
3565,188120041,892.0
3566,188120042,1686.0
3567,188150019,0.0
3568,188150037,0.0
3569,188210013,0.0
3570,188210027,49.0
3571,188250012,3.0
3572,188320002,28.0
3573,188330017,306.0
3574,188410004,0.0
3575,188540003,0.0
3576,188610006,478.0
3577,188610020,379.0
3578,188610021,36.0
3579,188710001,15.0
3580,188710010,0.0
3581,188730006,0.0
3582,188810002,0.0
3583,188810013,0.0
3584,188810025,29.0
3585,189120010,99.0
3586,189120043,30.0
3587,189120045,34.0
3588,189120046,1250.0
3589,189120047,206.0
3590,189140005,0.0
3591,189210037,27.0
3592,189620007,0.0
3593,189720012,104.0
3594,189830002,36.0
3595,190150012,0.0
3596,190220005,68.0
3597,190220013,0.0
3598,190230012,0.0
3599,190310011,65.0
3600,190320009,986.0
3601,190510013,0.0
3602,190520003,0.0
3603,190610007,138.0
3604,190610008,2.0
3605,190610013,0.0
3606,190750006,168.0
3607,191110020,0.0
3608,191110021,0.0
3609,191110023,20.0
3610,191110024,277.0
3611,191120015,57.0
3612,191120018,200.0
3613,191120020,0.0
3614,191120021,0.0
3615,191150014,0.0
3616,191150017,0.0
3617,191210011,15.0
3618,191210017,175.0
3619,191210023,0.0
3620,191220002,458.0
3621,191230010,286.0
3622,191310042,19.0
3623,191320009,33.0
3624,191320015,3.0
3625,191340002,54.0
3626,191410022,20.0
3627,191410031,274.0
3628,191450002,0.0
3629,191620002,107.0
3630,191650007,163.0
3631,191650008,0.0
3632,192130007,75.0
3633,192150030,700.0
3634,192210016,10.0
3635,192220012,0.0
3636,192250010,268.0
3637,192250012,63.0
3638,192320023,232.0
3639,192350001,149.0
3640,192440003,50.0
3641,192510027,125.0
3642,192520007,0.0
3643,192550005,6.0
3644,192610006,0.0
3645,192710007,101.0
3646,192710024,0.0
3647,192720022,259955.0
3648,192810027,29.0
3649,192830001,10.0
3650,193630004,0.0
3651,194110019,0.0
3652,194110020,457.0
3653,194120012,181.0
3654,194120037,99.0
3655,194120039,0.0
3656,194120040,0.0
3657,194120041,154.0
3658,194130003,143.0
3659,194140006,1071.0
3660,194250025,141.0
3661,194310026,89.0
3662,194310027,41.0
3663,194320011,82.0
3664,194320016,87.0
3665,194320019,39.0
3666,194320021,20.0
3667,194330012,84.0
3668,194330017,26.0
3669,194330025,3.0
3670,194330026,111.0
3671,194340002,0.0
3672,194410032,13.0
3673,194410040,139.0
3674,194410042,404.0
3675,194430008,0.0
3676,194440007,83.0
3677,194450007,0.0
3678,194510017,356.0
3679,194510019,9.0
3680,194520009,234.0
3681,194610007,26.0
3682,194610017,133.0
3683,194610018,0.0
3684,194610019,929.0
3685,194630019,212.0
3686,194650002,113.0
3687,194810007,0.0
3688,194810023,171.0
3689,194830002,35.0
3690,194850011,0.0
3691,194850015,89.0
3692,196320004,215.0
3693,198120046,17.0
3694,198120054,87.0
3695,198150045,274.0
3696,198150059,196.0
3697,198150062,33.0
3698,198150068,0.0
3699,198210047,246.0
3700,198230020,85.0
3701,198230022,18.0
3702,198230024,19.0
3703,198310038,345.0
3704,198330008,40.0
3705,198410083,142.0
3706,198410084,369.0
3707,198410088,484.0
3708,198450007,0.0
3709,198510034,9.0
3710,198520005,6.0
3711,198520025,0.0
3712,198610037,0.0
3713,198610038,145.0
3714,198650005,443.0
3715,198710031,97.0
3716,198710034,29.0
3717,198720021,43.0
3718,198850028,85.0
3719,198850033,16.0
3720,199120006,0.0
3721,199120009,0.0
3722,199550001,149.0
3723,200110003,0.0
3724,200110016,398.0
3725,200120027,0.0
3726,200120033,0.0
3727,200120034,96.0
3728,200120037,10.0
3729,200130007,75.0
3730,200150003,25.0
3731,200210012,35.0
3732,200210032,258.0
3733,200220007,578.0
3734,200350003,195.0
3735,200410042,0.0
3736,200410057,88.0
3737,200410060,208.0
3738,200450003,4.0
3739,200510023,309.0
3740,200510030,0.0
3741,200610009,344.0
3742,200620005,0.0
3743,200720012,433.0
3744,200730005,1844.0
3745,200810024,161.0
3746,200850018,1.0
3747,201120024,272.0
3748,201210023,10.0
3749,201220001,0.0
3750,201220011,0.0
3751,201250016,0.0
3752,201310009,267.0
3753,201310024,0.0
3754,201320004,251.0
3755,201320017,92.0
3756,201430004,0.0
3757,201430007,119.0
3758,201610002,65.0
3759,201710020,0.0
3760,201730007,0.0
3761,201750005,78.0
3762,202110006,12.0
3763,202120014,0.0
3764,202210015,280.0
3765,202220005,0.0
3766,202220007,17.0
3767,202250007,0.0
3768,202250008,65.0
3769,202250018,84.0
3770,202310008,0.0
3771,202510010,0.0
3772,202520003,61.0
3773,202550002,0.0
3774,202610007,69.0
3775,202610010,13.0
3776,202620001,258.0
3777,202720013,19.0
3778,202720014,185.0
3779,202750008,121.0
3780,202810018,333.0
3781,202850008,0.0
3782,203120007,0.0
3783,203120010,86.0
3784,203130003,0.0
3785,203150012,0.0
3786,203150016,0.0
3787,203150024,970.0
3788,203150033,844.0
3789,203210019,0.0
3790,203410011,44.0
3791,203410034,105.0
3792,203440006,1319.0
3793,203510026,34.0
3794,203520010,4.0
3795,203620001,0.0
3796,203650008,0.0
3797,203730004,32.0
3798,203750005,7.0
3799,204120018,93.0
3800,204130003,304.0
3801,204150003,244.0
3802,204210024,582.0
3803,204220004,1408.0
3804,204310013,173387.0
3805,204440002,345.0
3806,204450003,256.0
3807,204510005,331.0
3808,204620006,1054.0
3809,204630006,307.0
3810,205120009,0.0
3811,205250005,51.0
3812,205330005,2.0
3813,205340002,0.0
3814,205410012,0.0
3815,205810004,0.0
3816,205850002,583.0
3817,207110007,99.0
3818,207120012,0.0
3819,207130008,0.0
3820,207310008,121.0
3821,207410026,252.0
3822,207430005,0.0
3823,207610009,274.0
3824,207620002,5.0
3825,207650006,218.0
3826,207710014,1.0
3827,207720011,9.0
3828,207810026,0.0
3829,207850008,0.0
3830,208410021,14.0
3831,208410022,369.0
3832,208710008,222.0
3833,209110013,248.0
3834,209110014,595.0
3835,209130002,360.0
3836,209130007,42.0
3837,209130010,0.0
3838,209150015,83.0
3839,209150022,93.0
3840,209210014,631.0
3841,209210017,0.0
3842,209220006,225.0
3843,209220011,205.0
3844,209230004,424.0
3845,209250013,78.0
3846,209310010,22.0
3847,209320016,0.0
3848,209320018,7940.0
3849,209330009,0.0
3850,209410022,0.0
3851,209410023,0.0
3852,209410024,633.0
3853,209410025,0.0
3854,209520006,72.0
3855,209550003,51.0
3856,209610011,215.0
3857,209610014,537.0
3858,209610015,0.0
3859,209630004,9.0
3860,209630011,0.0
3861,209630013,0.0
3862,209720004,204.0
3863,209720008,0.0
3864,209720009,50.0
3865,209720011,0.0
3866,209750007,192.0
3867,209810001,0.0
3868,209810014,0.0
3869,209810018,376.0
3870,209810019,145.0
3871,209810020,387.0
3872,209850003,80.0
3873,209850007,2202.0
3874,209850008,207.0
3875,210210002,26.0
3876,210210022,28.0
3877,210230003,168.0
3878,210510009,406.0
3879,210650007,459.0
3880,210720015,0.0
3881,210720023,86614.0
3882,211120034,579.0
3883,211120038,961.0
3884,211120039,146.0
3885,211150032,13.0
3886,211210014,267.0
3887,211210035,0.0
3888,211230009,27.0
3889,211250012,87250.0
3890,211310021,0.0
3891,211310023,355.0
3892,211320015,0.0
3893,211320017,0.0
3894,211320018,421.0
3895,211410037,64.0
3896,211410046,0.0
3897,211410048,0.0
3898,211430005,6.0
3899,211510032,128.0
3900,211550006,32.0
3901,211610018,0.0
3902,211620015,360.0
3903,211630004,1038042.0
3904,211630029,91.0
3905,211710009,0.0
3906,211710017,274.0
3907,211750008,43.0
3908,211810001,919.0
3909,211810016,139.0
3910,211850011,0.0
3911,212110019,8.0
3912,212120027,58.0
3913,212120046,67.0
3914,212130004,121.0
3915,212150033,5.0
3916,212220004,0.0
3917,212310033,250.0
3918,212350003,308.0
3919,212410038,221.0
3920,212430002,107.0
3921,212610011,166.0
3922,212720006,53.0
3923,212810012,7.0
3924,212810018,160.0
3925,213150003,0.0
3926,213210019,0.0
3927,213230006,0.0
3928,213330001,567.0
3929,213410021,942.0
3930,213450008,0.0
3931,213510011,0.0
3932,213520003,72.0
3933,213520004,67.0
3934,213610010,353.0
3935,213620008,36.0
3936,213620010,0.0
3937,213630006,0.0
3938,213710003,18.0
3939,213710008,70.0
3940,213710009,0.0
3941,213730003,0.0
3942,213750002,76.0
3943,213750003,489.0
3944,213810011,0.0
3945,213850001,0.0
3946,213940001,48.0
3947,214110003,0.0
3948,214150012,0.0
3949,214210007,44.0
3950,214310007,274.0
3951,214410005,0.0
3952,214410017,851.0
3953,214510002,1061.0
3954,214510003,20.0
3955,214510004,0.0
3956,214510005,173077.0
3957,214750005,136.0
3958,215220012,107.0
3959,215310007,0.0
3960,215510001,487.0
3961,215510017,0.0
3962,215630014,0.0
3963,215720001,0.0
3964,215730001,42.0
3965,215810004,62.0
3966,215810010,16.0
3967,216150012,160.0
3968,216150015,193.0
3969,216230002,0.0
3970,216250004,415.0
3971,216330004,75.0
3972,216510008,0.0
3973,216750003,334.0
3974,216810003,9.0
3975,216810008,0.0
3976,216850003,31.0
3977,217120002,55.0
3978,217120003,41.0
3979,217220003,12.0
3980,217330003,71.0
3981,217510005,12.0
3982,217510008,139.0
3983,217610002,2.0
3984,217710007,40.0
3985,217810010,0.0
3986,217850001,824.0
3987,218120004,87003.0
3988,218220002,80.0
3989,218430002,87270.0
3990,218550003,157.0
3991,218720006,36.0
3992,218730003,41.0
3993,218810004,48.0
3994,219110018,0.0
3995,219120030,185.0
3996,219120037,0.0
3997,219130005,319.0
3998,219130007,577.0
3999,219230012,0.0
4000,219230015,61.0
4001,219250018,48.0
4002,219250020,0.0
4003,219250028,162.0
4004,219310012,375.0
4005,219320017,159.0
4006,219330005,0.0
4007,219330012,106.0
4008,219410002,246.0
4009,219410031,165.0
4010,219520002,0.0
4011,219550003,17.0
4012,219620008,36.0
4013,219710006,0.0
4014,219710007,40.0
4015,219750002,0.0
4016,219810013,45.0
4017,219850001,0.0
4018,220110015,0.0
4019,220120009,0.0
4020,220120020,2.0
4021,220150032,780.0
4022,220210025,0.0
4023,220210026,0.0
4024,220220007,0.0
4025,220230007,21.0
4026,220310029,19.0
4027,220320010,25.0
4028,220330018,72.0
4029,220440001,0.0
4030,220510009,0.0
4031,220510019,0.0
4032,220610011,0.0
4033,220710002,9.0
4034,220710019,1065.0
4035,220720008,18.0
4036,220730003,0.0
4037,220810013,0.0
4038,220810020,0.0
4039,220810022,1.0
4040,220910004,29.0
4041,221110006,70.0
4042,221120010,0.0
4043,221120012,0.0
4044,221120014,645.0
4045,221150005,0.0
4046,221150007,23.0
4047,221150008,37.0
4048,221210009,462.0
4049,221220001,4.0
4050,221230005,0.0
4051,221250003,0.0
4052,221310006,84.0
4053,221320005,0.0
4054,221320015,0.0
4055,221320016,380.0
4056,221330001,96.0
4057,221410010,0.0
4058,221450002,0.0
4059,221510001,31.0
4060,221510004,146.0
4061,221520002,0.0
4062,221620004,205.0
4063,221650001,0.0
4064,221710005,58.0
4065,221710006,86.0
4066,221720005,0.0
4067,221730002,223.0
4068,221810003,145.0
4069,221810006,6.0
4070,221810007,19.0
4071,221810008,30.0
4072,221850002,0.0
4073,222110009,24.0
4074,222210012,11.0
4075,222310012,423.0
4076,222320009,123.0
4077,222430004,401.0
4078,222440003,230.0
4079,222450002,711.0
4080,222540003,36.0
4081,222550001,6.0
4082,222630007,394.0
4083,222710006,30.0
4084,222730002,99.0
4085,222730003,1120.0
4086,222810010,29.0
4087,222810014,6.0
4088,222810015,23.0
4089,222850005,20.0
4090,224120015,25.0
4091,224130009,0.0
4092,224150016,0.0
4093,224220005,0.0
4094,224250006,33.0
4095,224310008,0.0
4096,224410015,0.0
4097,224430001,0.0
4098,224510018,140.0
4099,224510020,718.0
4100,224520003,0.0
4101,224610005,11.0
4102,224610006,26.0
4103,224710007,0.0
4104,224710009,0.0
4105,224720006,322.0
4106,224730005,91.0
4107,224750005,348.0
4108,224810014,6.0
4109,224850008,65.0
4110,225110025,0.0
4111,225110027,704.0
4112,225120035,2.0
4113,225120037,24.0
4114,225120056,36.0
4115,225130007,0.0
4116,225140004,0.0
4117,225150038,0.0
4118,225210013,0.0
4119,225230011,0.0
4120,225310005,50.0
4121,225310060,0.0
4122,225310077,64.0
4123,225310079,0.0
4124,225410026,37.0
4125,225450014,21.0
4126,225510014,44.0
4127,225530002,0.0
4128,225710005,0.0
4129,225720005,0.0
4130,225720008,0.0
4131,229250004,8.0
4132,229410011,7.0
4133,229520002,0.0
4134,229610007,185.0
4135,229910001,0.0
4136,230310002,600.0
4137,230330004,1040.0
4138,230410003,4.0
4139,230650001,267.0
4140,230710003,166.0
4141,231130005,327.0
4142,231140003,495.0
4143,231210007,8.0
4144,231250003,134.0
4145,231250006,34.0
4146,231410006,87217.0
4147,231550001,0.0
4148,231810008,1388.0
4149,234110007,0.0
4150,234130002,38.0
4151,234150004,110.0
4152,234210007,8.0
4153,234210011,97.0
4154,234230004,2.0
4155,234310004,87.0
4156,234320002,133.0
4157,234410001,0.0
4158,234510001,5.0
4159,234520002,35.0
4160,234610004,765.0
4161,234620003,0.0
4162,234630002,92.0
4163,234630003,0.0
4164,234650002,71.0
4165,234710001,0.0
4166,234720004,0.0
4167,235110008,44.0
4168,235120017,0.0
4169,235130001,4.0
4170,235150013,0.0
4171,235210005,0.0
4172,235210006,0.0
4173,235210018,0.0
4174,235310013,0.0
4175,235310017,78.0
4176,235330004,0.0
4177,235350001,19.0
4178,235520004,308.0
4179,235610009,18.0
4180,235610012,0.0
4181,235710001,0.0
4182,235750001,21.0
4183,235810006,0.0
4184,235810021,131.0
4185,236120017,0.0
4186,236150016,144.0
4187,236230002,0.0
4188,236230005,186.0
4189,236230006,422.0
4190,236250003,224.0
4191,236310003,683.0
4192,236310006,110.0
4193,236310010,0.0
4194,236330005,324.0
4195,236430001,198.0
4196,236440001,71.0
4197,236510012,1063.0
4198,236550001,17.0
4199,236630009,8.0
4200,236630012,589.0
4201,236720005,0.0
4202,236850003,73.0
4203,238150001,0.0
4204,238150002,135.0
4205,238210001,68.0
4206,238220001,0.0
4207,238250001,139.0
4208,238310001,18.0
4209,238350001,67.0
4210,238720001,16.0
4211,238730001,130.0
4212,238910001,0.0
4213,240110001,0.0
4214,240120007,116.0
4215,240150004,265.0
4216,240150005,975.0
4217,240220001,64.0
4218,240330001,56.0
4219,240410006,138.0
4220,240620005,0.0
4221,241110002,0.0
4222,241110004,0.0
4223,241120010,87.0
4224,241140002,0.0
4225,241150008,0.0
4226,241220002,327.0
4227,241310002,0.0
4228,241310006,0.0
4229,241330001,22.0
4230,241410013,0.0
4231,241510006,3.0
4232,241610001,0.0
4233,241630004,0.0
4234,241630007,0.0
4235,241630008,461.0
4236,241650002,0.0
4237,241720001,0.0
4238,241720007,37.0
4239,246320007,121.0
4240,248230001,0.0
4241,248230004,1149.0
4242,248310001,273.0
4243,248450002,0.0
4244,248610001,23.0
4245,252140001,329.0
4246,252320001,5.0
4247,252810001,195.0
4248,258250005,234.0
4249,258310002,181.0
4250,258510001,0.0
4251,T00217235,70.0
4252,T00248274,443.0
4253,T00251747,646.0
4254,T00256629,24.0
4255,T00257340,231.0
4256,T00257599,1510.0
4257,T00258109,0.0
4258,T00258573,285.0
4259,T00259090,1155.0
4260,T00259580,145.0
4261,T00259794,817.0
4262,T00259825,806.0
4263,T00259924,548.0
4264,T00259953,232.0
4265,T00260059,613.0
4266,T00260188,233.0
4267,T00260203,237.0
4268,T00260410,345766.0
4269,T00260445,247.0
4270,T00260658,0.0
4271,T00260801,323.0
4272,T00261017,259765.0
4273,T00261033,280.0
4274,T00261132,209.0
4275,T00261261,88411.0
4276,T00261266,690.0
4277,T00261303,277.0
4278,T00261331,243.0
4279,T00261337,266.0
4280,T00261416,150.0
4281,T00261421,330.0
4282,T00261529,3777.0
4283,T00261552,301.0
4284,T00261566,880.0
4285,T00261585,737.0
4286,T00261606,529.0
4287,T00261620,992.0
4288,T00261628,367.0
4289,T00261643,197.0
