,顧客ID,閲覧ページ総数
0,025322055,690
1,006122048,647
2,057112063,627
3,002123189,623
4,053212478,594
5,070122049,549
6,038122056,549
7,T00261529,547
8,026632016,470
9,036142042,450
10,002220105,444
11,155610043,443
12,021321017,443
13,192720022,434
14,007332040,425
15,120410151,419
16,021152060,416
17,035512316,401
18,084812062,397
19,143210233,382
20,061322042,378
21,038912098,376
22,124520010,375
23,028152265,367
24,168720013,363
25,177810082,360
26,069322014,359
27,078222035,359
28,063112314,354
29,035152322,350
30,071552031,349
31,T00257599,348
32,211120038,343
33,143150283,341
34,117450011,341
35,133710052,338
36,002122370,336
37,028412257,332
38,002432208,330
39,038332200,329
40,011712051,326
41,120210150,323
42,143320040,320
43,002552115,318
44,028652012,317
45,148520016,314
46,141120008,313
47,096220026,310
48,203150024,307
49,053412746,302
50,162120110,301
51,043142019,300
52,209320018,297
53,063332120,296
54,073122100,291
55,189120046,290
56,053552026,287
57,057612055,286
58,162750004,283
59,177210157,278
60,006232262,278
61,180320027,277
62,002212979,276
63,009722100,276
64,149210102,276
65,075852039,276
66,143120223,272
67,069812096,272
68,007812054,270
69,037232180,269
70,037452116,266
71,119230032,262
72,160510019,262
73,002630057,260
74,075222034,258
75,143110180,257
76,209850007,255
77,063522229,253
78,102410059,252
79,112250024,248
80,002322625,243
81,155710006,238
82,037122494,236
83,170120078,236
84,011612135,235
85,200730005,234
86,070512008,234
87,060112115,234
88,038632142,234
89,156110018,230
90,218430002,229
91,211810001,229
92,101250057,229
93,071712030,229
94,068003737,228
95,036632142,224
96,109410137,221
97,081852007,219
98,178150025,217
99,025152116,216
100,230330004,216
101,002413091,215
102,203440006,215
103,179250020,214
104,101150075,212
105,086810110,212
106,112120038,211
107,138910005,208
108,060812097,207
109,002332313,207
110,006422044,206
111,065412067,205
112,032712139,204
113,139810033,204
114,213410021,203
115,006322270,203
116,138620004,202
117,071622054,202
118,034312048,201
119,035252216,201
120,023652069,201
121,045322022,199
122,125810032,199
123,015712160,198
124,037612201,198
125,188120042,197
126,146110030,197
127,007632028,197
128,134450001,196
129,120210098,196
130,135810048,195
131,016122376,195
132,200720012,194
133,143710157,193
134,012722053,193
135,014412382,193
136,038612200,191
137,089150026,191
138,231810008,191
139,084122071,190
140,T00259825,190
141,006412190,190
142,138810007,190
143,006322157,190
144,063412481,189
145,143810133,189
146,060612068,189
147,063722318,187
148,023812262,186
149,017212090,184
150,039312062,184
151,T00258573,184
152,003812036,184
153,006152671,183
154,007812052,183
155,092432002,182
156,T00261585,182
157,011322116,181
158,006152670,181
159,132120012,180
160,120130062,180
161,168810019,179
162,137130011,178
163,060112062,178
164,213750003,177
165,045112185,177
166,056652019,177
167,002222375,177
168,143850084,176
169,055312217,176
170,043512097,176
171,063312346,175
172,119150177,175
173,138110010,175
174,076612028,175
175,037852190,174
176,143610124,174
177,T00261620,173
178,002252531,173
179,177410036,172
180,T00259090,171
181,045312245,171
182,026552042,171
183,061722026,171
184,135210091,170
185,055232040,170
186,111310042,169
187,211630004,169
188,190320009,169
189,122620014,168
190,032812119,168
191,180340009,167
192,174250001,167
193,143850085,167
194,160110009,166
195,138110018,166
196,006152669,164
197,T00259794,164
198,143630064,164
199,005222012,164
200,211250012,164
201,143610136,163
202,009212167,163
203,078132049,163
204,138120029,163
205,120230051,163
206,043512008,162
207,167720003,162
208,098152045,162
209,188120041,162
210,060342028,162
211,066512114,161
212,060552015,161
213,016322211,161
214,043632057,161
215,159120022,161
216,053632315,161
217,038332202,161
218,002322616,161
219,029239584,160
220,085250064,160
221,063122604,160
222,172330022,160
223,045222107,160
224,072412071,159
225,203150033,159
226,003632034,158
227,137520008,158
228,016552052,157
229,177250096,157
230,168220009,156
231,007152107,156
232,162150238,156
233,143240003,156
234,078612086,156
235,037152362,156
236,159120013,155
237,215510001,155
238,120150120,155
239,209230004,154
240,162810047,154
241,120120207,154
242,040512187,153
243,180330022,153
244,032152221,152
245,045722139,152
246,218120004,152
247,038312332,152
248,168710014,152
249,097750003,151
250,014332142,151
251,143120275,151
252,032912086,151
253,139520025,150
254,143310236,150
255,088220018,150
256,020412105,150
257,002153174,150
258,231140003,150
259,109330041,149
260,143140033,148
261,143250168,147
262,T00261266,147
263,002112676,147
264,087722045,147
265,060312122,146
266,136610050,146
267,240150005,146
268,006522053,146
269,038322057,146
270,160810026,146
271,162720096,146
272,200510023,146
273,022412060,145
274,006612346,145
275,053632308,145
276,007252062,145
277,181250017,145
278,096850032,145
279,174110027,145
280,209810019,145
281,053232103,144
282,076112050,144
283,044522035,144
284,158810021,143
285,053212653,143
286,045612049,143
287,209110014,143
288,037142074,143
289,143220080,143
290,019812133,142
291,135320069,142
292,006122698,142
293,028922009,142
294,194610019,142
295,000331001,142
296,002222195,142
297,094212075,141
298,088420003,141
299,015612149,141
300,027122107,141
301,097150007,141
302,120310157,140
303,109310083,140
304,143610133,140
305,037512366,140
306,037622197,140
307,085110050,140
308,162410160,139
309,009922014,139
310,034812074,138
311,063512062,138
312,143110181,138
313,075252039,138
314,122150012,138
315,037212382,137
316,177810146,137
317,032222117,137
318,143750068,136
319,181610023,136
320,129350002,136
321,002332530,136
322,006652156,136
323,143150278,135
324,006622158,135
325,204450003,134
326,177610084,134
327,089610040,134
328,028252094,134
329,006121155,134
330,095610068,134
331,143410257,134
332,205850002,134
333,056830002,133
334,031412041,133
335,010412119,133
336,035812309,133
337,143650053,133
338,002812718,132
339,032552024,132
340,009152288,131
341,071652007,131
342,029542009,131
343,127150069,130
344,057212057,130
345,016612247,129
346,100720012,129
347,149150131,129
348,177250042,128
349,010122291,128
350,180210019,128
351,002112528,128
352,067412096,128
353,006612343,128
354,222310012,128
355,204440002,128
356,222430004,127
357,143850074,127
358,053342103,126
359,043512057,126
360,028152281,126
361,120250136,126
362,053332342,126
363,093122216,126
364,151810003,125
365,162310129,125
366,035722191,125
367,072732013,124
368,183510015,124
369,053112141,124
370,177330042,124
371,071812103,124
372,060332065,124
373,009122305,124
374,038222156,123
375,002512412,123
376,076712020,123
377,063212465,123
378,000512107,122
379,140720023,122
380,073152102,122
381,015142028,122
382,003722051,122
383,002212978,121
384,002232383,121
385,177520019,120
386,135120117,120
387,047722026,120
388,006622194,120
389,005342037,120
390,002522245,120
391,143810150,120
392,002312794,120
393,143250171,119
394,028212203,119
395,002152955,119
396,209850008,119
397,043212095,119
398,234150004,119
399,062652022,119
400,006342072,118
401,015332107,118
402,209110013,118
403,082912004,118
404,035322214,118
405,069830002,118
406,222630007,118
407,032412105,118
408,068005573,118
409,T00261261,118
410,162120244,117
411,037312263,117
412,055852091,117
413,236510012,117
414,149910022,117
415,055122044,117
416,214510002,117
417,177220074,116
418,066332052,116
419,044252072,116
420,089630035,116
421,032332151,116
422,143250164,115
423,063812442,115
424,038732074,115
425,099120179,115
426,066122134,115
427,066652041,115
428,035722007,115
429,006112388,115
430,053712392,114
431,168850007,114
432,211310023,114
433,058632027,114
434,037212287,113
435,053122790,113
436,029322150,113
437,031112028,113
438,035852170,113
439,204310013,113
440,180220007,113
441,209810020,113
442,170250050,113
443,085440011,113
444,068005684,113
445,T00261628,113
446,222450002,113
447,009122300,113
448,053412748,113
449,045122095,113
450,043332042,112
451,T00261606,112
452,222730003,112
453,192510027,112
454,177330006,111
455,156250014,111
456,225110027,111
457,028352018,111
458,161230009,111
459,096140007,111
460,143810198,111
461,144720022,110
462,087212140,110
463,037722036,110
464,090110050,110
465,037122495,110
466,065312078,110
467,127150042,110
468,177750034,110
469,170110043,110
470,010852087,109
471,014611024,109
472,002112659,109
473,166510064,109
474,007152106,109
475,053152734,109
476,070332037,109
477,194120041,109
478,053722100,109
479,073122114,108
480,120710094,108
481,002912316,108
482,063812501,108
483,006632298,108
484,037722193,108
485,054332042,108
486,037322234,107
487,117110002,107
488,119110083,107
489,035612268,107
490,T00260410,107
491,036912118,107
492,038722183,107
493,009121106,107
494,063452171,107
495,037812340,107
496,162210192,107
497,143150277,107
498,143440014,106
499,097130002,106
500,162510156,106
501,168810020,106
502,143610138,106
503,T00251747,106
504,080212066,106
505,055152257,105
506,222320009,105
507,177850065,105
508,044312069,105
509,006412678,105
510,204210024,105
511,015411006,105
512,053452158,105
513,143310235,105
514,011712140,105
515,003342015,104
516,036232173,104
517,037632285,104
518,162120243,104
519,037722162,104
520,002312897,104
521,082112021,103
522,002312894,103
523,156210033,103
524,209610014,103
525,143810193,103
526,000121059,103
527,054432026,103
528,037252223,103
529,162410247,103
530,T00260059,102
531,181710006,102
532,143310232,102
533,T00248274,102
534,006122735,102
535,002232369,102
536,002332270,102
537,185710010,102
538,047412079,101
539,007212075,101
540,144410024,101
541,110120047,101
542,180620015,101
543,011732048,101
544,026652043,100
545,063252324,100
546,035632236,100
547,037222119,100
548,136150059,100
549,089120084,100
550,068004140,100
551,200610009,100
552,119330124,99
553,009212273,99
554,032432017,99
555,087342009,99
556,157610019,99
557,204510005,99
558,053752184,99
559,038412441,99
560,007152105,99
561,037122252,99
562,045152270,99
563,111130014,99
564,032412226,99
565,120720087,99
566,053722326,98
567,093322063,98
568,216750003,98
569,006322338,98
570,068004900,98
571,120150192,98
572,002812725,98
573,096310066,98
574,015812163,98
575,038112292,98
576,173850017,98
577,034122072,97
578,006112396,97
579,200220007,97
580,063212479,97
581,002212894,97
582,084212064,97
583,168110007,97
584,053152732,97
585,236230006,97
586,060722010,96
587,078512074,96
588,236310003,96
589,011412288,96
590,119850007,96
591,057312163,96
592,000751046,96
593,168120030,95
594,145410011,95
595,063622220,95
596,002312895,95
597,015122275,95
598,162230078,95
599,061212076,95
600,120150104,94
601,038422032,94
602,023622103,94
603,177830010,94
604,221120014,94
605,011812053,94
606,002252708,94
607,036212048,93
608,139120044,93
609,016732067,93
610,188610006,93
611,093412186,93
612,007912024,93
613,006112434,92
614,174650008,92
615,143210218,92
616,089710065,92
617,194110020,92
618,162310107,92
619,221210009,92
620,217850001,92
621,037212380,92
622,220710019,91
623,137750002,91
624,057632030,91
625,037812339,91
626,129410056,91
627,053712332,91
628,143850082,91
629,023432056,91
630,T00261552,91
631,015852079,91
632,057912038,91
633,029622062,91
634,037252222,90
635,021412174,90
636,069812067,90
637,006811119,90
638,211320018,90
639,209410024,90
640,006152189,90
641,032112209,90
642,076612033,90
643,170610041,90
644,032132076,90
645,002252703,90
646,007212076,89
647,036132131,89
648,006852232,89
649,029852057,89
650,236330005,89
651,090150095,89
652,087512045,89
653,148850022,89
654,095610069,89
655,120630022,89
656,063152533,89
657,053132226,89
658,216250004,88
659,194140006,88
660,162330050,88
661,068005707,88
662,162620032,88
663,143310172,88
664,072112051,88
665,137220017,88
666,016122232,88
667,162110065,88
668,143330123,88
669,053712391,88
670,006612107,87
671,057112020,87
672,015652035,87
673,037212381,87
674,085250063,87
675,072122134,87
676,008511077,87
677,099610047,87
678,015522058,87
679,036322038,86
680,010912073,86
681,145510014,86
682,035712290,86
683,011612101,86
684,093222093,86
685,002522244,86
686,035212101,86
687,143220070,86
688,036112247,86
689,073112078,85
690,198650005,85
691,170230021,85
692,213330001,85
693,037152394,85
694,002342118,85
695,002512737,85
696,162150235,85
697,068005654,85
698,006812442,85
699,155210041,85
700,056212065,85
701,135130076,85
702,154430013,85
703,043612059,84
704,162150237,84
705,055712094,84
706,149120095,84
707,043632041,84
708,207650006,84
709,144510024,84
710,016122475,84
711,113110026,84
712,211120034,84
713,035512315,84
714,039412094,83
715,035612265,83
716,055532010,83
717,063312320,83
718,071752023,83
719,221320016,83
720,143110135,83
721,072252061,83
722,117430015,83
723,009252183,83
724,083322078,83
725,036312347,83
726,177412091,83
727,011212259,83
728,025412057,83
729,162810194,83
730,137250038,83
731,166140009,82
732,185710011,82
733,073222043,82
734,006152550,82
735,135550016,82
736,143650039,82
737,000112093,82
738,062312080,82
739,162340025,82
740,000711087,82
741,155210024,82
742,078112010,82
743,214310007,82
744,198310038,82
745,143630107,82
746,083722017,82
747,038812289,82
748,T00261566,82
749,002153177,81
750,063812493,81
751,007252061,81
752,063252299,81
753,045152269,81
754,053622216,81
755,087452035,81
756,060552020,81
757,007812053,81
758,113120002,81
759,084252054,81
760,002153176,81
761,053222267,81
762,177412098,81
763,162310130,81
764,063522226,81
765,T00257340,81
766,039432036,81
767,029112292,80
768,132720014,80
769,002812740,80
770,153220016,80
771,063122585,80
772,211710017,80
773,T00261017,80
774,138610017,80
775,009622078,80
776,035522092,80
777,060312119,79
778,063122588,79
779,207410026,79
780,038522047,79
781,204220004,79
782,177412097,79
783,007722036,79
784,119310094,79
785,056612022,79
786,143220076,79
787,032212296,79
788,023711020,79
789,053312041,78
790,011312218,78
791,104710127,78
792,035222125,78
793,037240003,78
794,135710076,78
795,053312574,78
796,214750005,78
797,073552024,78
798,001120350,78
799,053342090,78
800,060152133,78
801,037252024,77
802,011252075,77
803,002632507,77
804,139250024,77
805,120410185,77
806,141110017,77
807,102810049,77
808,126330010,77
809,006752152,77
810,178320016,77
811,038232074,77
812,210720023,77
813,177120157,77
814,170410064,77
815,002812729,77
816,231130005,77
817,029332139,77
818,129340007,76
819,143120005,76
820,071222042,76
821,159120036,76
822,006552073,76
823,006652135,76
824,023312222,76
825,177710085,76
826,037152395,76
827,053132178,76
828,006152221,76
829,038412442,76
830,212810018,76
831,036322150,76
832,090810055,76
833,035222096,76
834,086710065,76
835,060222039,76
836,006812142,75
837,214510005,75
838,211620015,75
839,007122101,75
840,063712442,75
841,162210196,75
842,090620036,75
843,002411289,75
844,170150074,75
845,143610119,75
846,082552016,75
847,148620015,75
848,139440006,75
849,119450004,74
850,006722275,74
851,101510004,74
852,177730023,74
853,230710003,74
854,002711224,74
855,143310233,74
856,034252028,74
857,073852020,74
858,086510063,73
859,002322627,73
860,248230004,73
861,006422007,73
862,210650007,73
863,090120113,73
864,053812318,73
865,143120273,73
866,134120074,73
867,162150236,73
868,188330017,73
869,053712394,73
870,109130019,73
871,002812739,73
872,037112229,73
873,063632272,73
874,230310002,73
875,121220016,73
876,143310229,73
877,177640001,73
878,063512464,73
879,063722298,73
880,139730001,73
881,T00260445,72
882,063122612,72
883,090720043,72
884,053412745,72
885,035152354,72
886,085210032,72
887,063722317,72
888,002122338,72
889,060752032,72
890,143720123,72
891,062412157,72
892,083612077,72
893,002222307,72
894,070232048,72
895,073412113,72
896,006141027,72
897,006122763,72
898,028152263,72
899,162450006,72
900,066152207,72
901,009122365,72
902,135130074,71
903,053132225,71
904,234320002,71
905,162150090,71
906,143210234,71
907,005522050,71
908,234610004,71
909,124320039,71
910,068005712,71
911,133520007,71
912,126220006,71
913,177120124,71
914,084440008,71
915,042812075,71
916,128810026,71
917,038412429,71
918,170320060,71
919,143410260,70
920,032252196,70
921,003812035,70
922,202620001,70
923,063712419,70
924,210510009,70
925,189720012,70
926,T00259924,70
927,054712083,70
928,088152065,70
929,053142017,70
930,159210030,70
931,006632299,70
932,138430006,70
933,170110029,70
934,034552010,69
935,083812114,69
936,006122292,69
937,072912062,69
938,053512486,69
939,209210014,69
940,037812342,69
941,063232067,69
942,053112452,69
943,177630097,69
944,131150008,69
945,136110028,69
946,009152041,68
947,044252070,68
948,T00259953,68
949,002312881,68
950,085730023,68
951,038232131,68
952,028632107,68
953,184150024,68
954,006412555,68
955,009712162,68
956,038322198,68
957,140230017,68
958,T00261303,68
959,021311026,68
960,150310021,68
961,096620022,68
962,089610049,68
963,143630032,68
964,053212654,68
965,006142101,68
966,038152462,68
967,155720020,68
968,063252309,68
969,002123300,68
970,002232388,67
971,071722063,67
972,202810018,67
973,069222029,67
974,194850015,67
975,002232386,67
976,220730003,67
977,201120024,67
978,119410112,67
979,143310228,67
980,040132111,67
981,T00261132,67
982,220150032,67
983,029252191,67
984,007132022,66
985,224720006,66
986,078132050,66
987,185710009,66
988,221510004,66
989,093222094,66
990,143810197,66
991,063852215,66
992,071412105,66
993,045112187,66
994,045412179,66
995,204150003,66
996,181150044,66
997,204620006,66
998,006812330,66
999,063322307,66
1000,170630027,66
1001,009252182,66
1002,136430026,66
1003,061122089,66
1004,109750050,66
1005,163330009,65
1006,188610020,65
1007,219410031,65
1008,177120058,65
1009,119310097,65
1010,034152064,65
1011,069612026,65
1012,014252067,65
1013,083512121,65
1014,126850010,65
1015,017412147,65
1016,038552055,65
1017,035622137,65
1018,096710008,65
1019,006812417,65
1020,063722315,65
1021,045132018,65
1022,006452035,65
1023,072142030,65
1024,066252068,65
1025,083132026,65
1026,069722036,65
1027,179220012,65
1028,073352010,65
1029,177810133,65
1030,112150022,65
1031,060752033,65
1032,053622212,64
1033,002132352,64
1034,002212366,64
1035,023622129,64
1036,016632184,64
1037,143120276,64
1038,099310146,64
1039,149110028,64
1040,063532008,64
1041,026512135,64
1042,068005706,64
1043,T00259580,64
1044,124620033,64
1045,006432044,64
1046,011112194,64
1047,204130003,64
1048,099120061,64
1049,119120046,64
1050,T00260188,64
1051,143650055,64
1052,224510020,64
1053,015232086,64
1054,045412273,63
1055,149150130,63
1056,025912124,63
1057,011812151,63
1058,011152198,63
1059,143810162,63
1060,001321014,63
1061,201310009,63
1062,006412675,63
1063,032212138,63
1064,143330120,63
1065,034122073,63
1066,037322187,63
1067,039722049,63
1068,236630012,63
1069,006232263,63
1070,067122051,63
1071,006152668,63
1072,135320072,63
1073,143730033,62
1074,068005615,62
1075,181210038,62
1076,039622037,62
1077,085120104,62
1078,006612356,62
1079,191230010,62
1080,162720048,62
1081,143250169,62
1082,063522228,62
1083,177410121,62
1084,170850022,62
1085,T00261416,62
1086,071412127,62
1087,252140001,62
1088,066622060,62
1089,002632519,62
1090,002122737,62
1091,078812051,62
1092,011712147,62
1093,221620004,62
1094,043432021,62
1095,011222077,61
1096,194130003,61
1097,124210082,61
1098,016612248,61
1099,212430002,61
1100,086450017,61
1101,053412558,61
1102,006922021,61
1103,063152620,61
1104,003222028,61
1105,032712036,61
1106,003512047,61
1107,143720125,61
1108,T00261033,61
1109,147620014,61
1110,002212980,61
1111,143150282,61
1112,002132353,61
1113,096310067,60
1114,136220034,60
1115,198150059,60
1116,231410006,60
1117,063712407,60
1118,016512300,60
1119,149510057,60
1120,054752059,60
1121,006222236,60
1122,011212255,60
1123,009451010,60
1124,016322214,60
1125,038122465,60
1126,162810197,60
1127,136120017,60
1128,006122540,60
1129,162120242,60
1130,015652040,60
1131,200110016,60
1132,053812400,60
1133,200410060,60
1134,038222166,60
1135,063332182,60
1136,104510039,60
1137,143220081,60
1138,063222303,60
1139,166620037,59
1140,072752042,59
1141,006132195,59
1142,053132224,59
1143,194630019,59
1144,093412219,59
1145,028352019,59
1146,209130002,59
1147,006152332,59
1148,063522224,59
1149,011332114,59
1150,198410084,59
1151,044312090,59
1152,120430026,59
1153,029122294,59
1154,120410160,59
1155,143410132,59
1156,162850086,59
1157,T00261421,59
1158,006252382,59
1159,063612378,59
1160,053622213,59
1161,002123261,58
1162,007232030,58
1163,063122602,58
1164,128310013,58
1165,143210237,58
1166,032612033,58
1167,194250025,58
1168,063432130,58
1169,121210033,58
1170,037312268,58
1171,149520043,58
1172,060152134,58
1173,002153175,58
1174,143630108,58
1175,071122165,58
1176,173510042,58
1177,222440003,58
1178,002242010,58
1179,060122106,58
1180,127450002,58
1181,011512028,58
1182,060312121,58
1183,137250036,58
1184,143410261,58
1185,177150146,57
1186,162620038,57
1187,002432182,57
1188,037632286,57
1189,156230018,57
1190,015412156,57
1191,120410206,57
1192,194810023,57
1193,055122260,57
1194,012152146,57
1195,002852369,57
1196,201320004,57
1197,120150075,57
1198,T00261337,57
1199,085110020,57
1200,143120151,57
1201,034912020,57
1202,258250005,57
1203,119440010,57
1204,006322190,57
1205,016152401,57
1206,045632122,57
1207,002912264,57
1208,060122185,56
1209,002152833,56
1210,236440001,56
1211,143330056,56
1212,117150050,56
1213,200210032,56
1214,037232174,56
1215,060412165,56
1216,006452139,56
1217,135710066,56
1218,198150045,56
1219,143510166,56
1220,177110038,56
1221,189120047,56
1222,162520075,56
1223,216150012,56
1224,009251021,56
1225,151230004,56
1226,063522222,56
1227,002122651,56
1228,053812455,56
1229,143120265,56
1230,096430001,56
1231,037122481,55
1232,082622033,55
1233,202210015,55
1234,209610011,55
1235,120410202,55
1236,006412677,55
1237,076312056,55
1238,170120057,55
1239,216150015,55
1240,143220021,55
1241,089230034,55
1242,149120127,55
1243,214410017,55
1244,143810195,55
1245,140220032,55
1246,016212159,55
1247,158630016,54
1248,063122608,54
1249,089320043,54
1250,056350005,54
1251,039252079,54
1252,002612541,54
1253,073152103,54
1254,053122788,54
1255,258310002,54
1256,077142022,54
1257,143310234,54
1258,198210047,54
1259,011122360,54
1260,143420015,54
1261,170250046,54
1262,055232033,54
1263,192320023,54
1264,037812338,54
1265,054512173,54
1266,068005671,54
1267,136230026,54
1268,058852019,54
1269,063232207,54
1270,120520045,54
1271,036722153,54
1272,191650007,54
1273,170510028,54
1274,043312089,54
1275,136120050,54
1276,035812289,54
1277,211810016,54
1278,014512274,53
1279,143110147,53
1280,166250008,53
1281,002212967,53
1282,071122167,53
1283,194510017,53
1284,066322106,53
1285,002412885,53
1286,168250010,53
1287,053732089,53
1288,085620058,53
1289,089150054,53
1290,137210019,53
1291,212310033,53
1292,162330048,53
1293,191410031,53
1294,138610021,53
1295,162210193,53
1296,011322034,53
1297,219130007,53
1298,038152459,53
1299,104730024,53
1300,063152619,52
1301,032212265,52
1302,060812099,52
1303,028112051,52
1304,224750005,52
1305,038212356,52
1306,170610003,52
1307,236150016,52
1308,108150037,52
1309,016122474,52
1310,179120030,52
1311,209810018,52
1312,077722083,52
1313,093412212,52
1314,002312876,52
1315,035212312,52
1316,252810001,52
1317,075112061,52
1318,044252071,52
1319,002722007,52
1320,063652071,52
1321,036622105,52
1322,036222170,52
1323,032512246,51
1324,006752151,51
1325,063342050,51
1326,192150030,51
1327,177320027,51
1328,060252093,51
1329,071852027,51
1330,234130002,51
1331,125630015,51
1332,143120243,51
1333,011122167,51
1334,015552029,51
1335,097110005,51
1336,002212981,51
1337,063652098,51
1338,002712524,51
1339,038122464,51
1340,099720043,51
1341,083722054,51
1342,072522018,51
1343,044912041,51
1344,241630008,51
1345,072512055,51
1346,143510162,51
1347,177130039,50
1348,236250003,50
1349,071612077,50
1350,194320016,50
1351,063622230,50
1352,063812498,50
1353,178210028,50
1354,037912094,50
1355,037332110,50
1356,009112196,50
1357,000651042,50
1358,099430024,50
1359,204630006,50
1360,063152575,50
1361,162150239,50
1362,119410113,50
1363,136120060,50
1364,212410038,50
1365,143150280,50
1366,143410204,50
1367,071512125,50
1368,038512293,50
1369,015752060,50
1370,118630008,50
1371,006112114,50
1372,194440007,50
1373,120510065,50
1374,053332341,49
1375,093712105,49
1376,055412246,49
1377,037652083,49
1378,015252184,49
1379,010112176,49
1380,053312572,49
1381,002612607,49
1382,T00261643,49
1383,035712287,49
1384,006212590,49
1385,T00260801,49
1386,016812295,49
1387,154710051,49
1388,179210034,49
1389,037152043,49
1390,162720110,49
1391,053152327,48
1392,061312055,48
1393,015912041,48
1394,186520006,48
1395,063612201,48
1396,037522060,48
1397,037612289,48
1398,143720127,48
1399,062322051,48
1400,002120206,48
1401,025632109,48
1402,162810196,48
1403,037622085,48
1404,082212096,48
1405,162410191,48
1406,028312184,48
1407,063122610,48
1408,072252068,48
1409,003452010,48
1410,202750008,48
1411,162710135,48
1412,162510062,48
1413,143550036,48
1414,006912175,48
1415,025222119,48
1416,009432031,48
1417,143350019,48
1418,160520013,48
1419,143650048,48
1420,208710008,48
1421,035412336,48
1422,006342084,48
1423,198610038,48
1424,132620024,48
1425,011922006,48
1426,061322040,48
1427,023712128,48
1428,069322010,48
1429,149730002,47
1430,002232387,47
1431,066212110,47
1432,211120039,47
1433,043522030,47
1434,143650056,47
1435,090120125,47
1436,062622021,47
1437,043132010,47
1438,143150274,47
1439,045912065,47
1440,002652252,47
1441,180330010,47
1442,202720014,47
1443,045852088,47
1444,015212217,47
1445,053122791,47
1446,175850012,47
1447,006542018,47
1448,043212102,46
1449,000721111,46
1450,221730002,46
1451,217510008,46
1452,143710104,46
1453,185810008,46
1454,016852125,46
1455,155230004,46
1456,003712033,46
1457,T00260203,46
1458,063512469,46
1459,063812201,46
1460,203410034,46
1461,053912194,46
1462,126630013,46
1463,002322187,46
1464,167120046,46
1465,057412100,46
1466,212120046,46
1467,002152849,46
1468,009152287,46
1469,017152147,46
1470,053852246,46
1471,035312213,46
1472,053552082,46
1473,036332219,46
1474,137610021,45
1475,120110124,45
1476,060252094,45
1477,138250016,45
1478,194520009,45
1479,002812133,45
1480,006512415,45
1481,060852048,45
1482,194410042,45
1483,143120278,45
1484,185120027,45
1485,162320063,45
1486,032612126,45
1487,063212481,45
1488,009722108,45
1489,162230077,45
1490,006412327,45
1491,211510032,45
1492,177520073,45
1493,134720014,45
1494,211750008,45
1495,063522227,44
1496,006112436,44
1497,084622027,44
1498,162850088,44
1499,177150137,44
1500,200120034,44
1501,248310001,44
1502,063612369,44
1503,032122317,44
1504,099330084,44
1505,213520003,44
1506,002123298,44
1507,191110024,44
1508,038812024,44
1509,016152456,44
1510,120810120,44
1511,143720126,44
1512,202510010,44
1513,012512077,44
1514,071252085,44
1515,112330013,44
1516,191220002,44
1517,238210001,44
1518,006312535,44
1519,179310023,44
1520,096230025,43
1521,063712255,43
1522,006152301,43
1523,060122157,43
1524,179330015,43
1525,076522038,43
1526,028152279,43
1527,150150057,43
1528,156630034,43
1529,006212360,43
1530,138230010,43
1531,072252069,43
1532,063612366,43
1533,093712038,43
1534,108610010,43
1535,168310010,43
1536,198230020,43
1537,T00217235,43
1538,143510164,43
1539,021712045,43
1540,078412138,43
1541,053722329,43
1542,044552022,43
1543,212610011,43
1544,219120030,43
1545,162110083,43
1546,088112034,43
1547,141150051,43
1548,015121015,43
1549,126610011,43
1550,011212247,43
1551,119910034,43
1552,122250074,43
1553,209250013,43
1554,143850086,42
1555,090620035,42
1556,053712304,42
1557,219410002,42
1558,209150022,42
1559,073252069,42
1560,144250016,42
1561,214210007,42
1562,038152460,42
1563,012542009,42
1564,089510064,42
1565,194330012,42
1566,032812204,42
1567,002722379,42
1568,138710011,42
1569,213610010,42
1570,032322143,42
1571,189830002,42
1572,044232094,42
1573,002411247,42
1574,065332031,42
1575,162630161,42
1576,235110008,42
1577,071322070,41
1578,063212426,41
1579,056122103,41
1580,208410022,41
1581,043622028,41
1582,002121295,41
1583,065412068,41
1584,205250005,41
1585,143810154,41
1586,207310008,41
1587,137150045,41
1588,035852185,41
1589,006331012,41
1590,143320136,41
1591,131230012,41
1592,212120027,41
1593,162520078,41
1594,170120077,41
1595,053632266,41
1596,065212056,41
1597,056152086,40
1598,062622095,40
1599,088212044,40
1600,063632334,40
1601,170120001,40
1602,006332200,40
1603,179310024,40
1604,037512364,40
1605,063412691,40
1606,006312570,40
1607,063412701,40
1608,200810024,40
1609,006812445,40
1610,179120004,40
1611,060752034,40
1612,124810101,40
1613,170150076,40
1614,071152150,40
1615,121130009,40
1616,006152160,40
1617,045652045,40
1618,200350003,40
1619,039622005,40
1620,002110094,40
1621,002153095,40
1622,136910025,40
1623,109620063,40
1624,053322379,40
1625,063452157,40
1626,170150073,39
1627,162120050,39
1628,083112067,39
1629,101630021,39
1630,119150150,39
1631,071512122,39
1632,053342102,39
1633,096150054,39
1634,143410179,39
1635,002412649,39
1636,053552102,39
1637,040232048,39
1638,099750036,39
1639,003332053,39
1640,032252190,39
1641,085710065,38
1642,032412325,38
1643,143410259,38
1644,038322218,38
1645,201610002,38
1646,143720118,38
1647,119430027,38
1648,037252225,38
1649,177430030,38
1650,072122120,38
1651,038912096,38
1652,040622068,38
1653,002212976,38
1654,068005690,38
1655,093752047,38
1656,038652081,38
1657,066212108,38
1658,002512719,38
1659,002252697,38
1660,143410242,38
1661,002212973,38
1662,122610014,37
1663,055452049,37
1664,066512130,37
1665,029212264,37
1666,157150042,37
1667,T00261331,37
1668,083222072,37
1669,224710007,37
1670,143320108,37
1671,177410027,37
1672,241120010,37
1673,060132048,37
1674,038152257,37
1675,124810093,37
1676,134110028,37
1677,025442046,37
1678,053122787,36
1679,002252646,36
1680,029212137,36
1681,002120096,36
1682,063112144,36
1683,070612092,36
1684,218220002,36
1685,002252292,36
1686,006212589,36
1687,053412747,36
1688,006631018,36
1689,060512091,36
1690,054512183,36
1691,006112435,36
1692,061152080,36
1693,177410055,36
1694,002123297,36
1695,177130050,36
1696,119330101,36
1697,032312138,36
1698,045732052,36
1699,002322615,36
1700,120110101,36
1701,148310018,36
1702,002252403,36
1703,039432023,36
1704,023252112,36
1705,002311149,35
1706,149210103,35
1707,137810024,35
1708,047312044,35
1709,149630082,35
1710,156310026,35
1711,042122036,35
1712,070152087,35
1713,002312797,35
1714,194310026,35
1715,128110003,35
1716,176150022,35
1717,006912130,35
1718,071212157,35
1719,063122550,35
1720,063122547,35
1721,012812128,35
1722,177120064,35
1723,101110050,35
1724,216330004,35
1725,038342029,35
1726,038222165,34
1727,055652048,34
1728,191120018,34
1729,143910056,34
1730,002122874,34
1731,094130027,34
1732,063112286,34
1733,180630009,34
1734,057212072,34
1735,045452062,34
1736,063652067,34
1737,143720111,34
1738,143410255,34
1739,070112038,34
1740,045112010,34
1741,083612079,34
1742,143330106,34
1743,149610021,34
1744,063632358,34
1745,022311017,34
1746,099810006,34
1747,007152034,34
1748,088152022,34
1749,002123295,34
1750,006632294,34
1751,087212125,34
1752,066212137,34
1753,088522005,34
1754,177150103,34
1755,037632283,34
1756,006122773,34
1757,012712077,34
1758,143120261,34
1759,006332288,33
1760,162450064,33
1761,089430029,33
1762,045832002,33
1763,219250018,33
1764,184610011,33
1765,002142152,33
1766,143720108,33
1767,140110027,33
1768,180120033,33
1769,143410126,33
1770,063112223,33
1771,082632035,33
1772,183210034,33
1773,015132058,33
1774,055212195,33
1775,141150023,33
1776,162410051,33
1777,006322269,33
1778,006632270,33
1779,128120050,33
1780,035122411,33
1781,063112247,32
1782,163210031,32
1783,153910056,32
1784,035222088,32
1785,198710031,32
1786,066722086,32
1787,063112102,32
1788,149650016,32
1789,070312141,32
1790,002612606,32
1791,002612568,32
1792,211210014,32
1793,087522039,32
1794,082522030,32
1795,183310047,32
1796,011322099,32
1797,143410230,32
1798,119250075,32
1799,090710058,32
1800,038612237,32
1801,023132020,32
1802,219620008,32
1803,006152645,32
1804,235810021,32
1805,135710091,32
1806,014722010,32
1807,011512196,32
1808,113630020,32
1809,143120277,31
1810,143340021,31
1811,002252268,31
1812,006991031,31
1813,036412369,31
1814,143450059,31
1815,002232351,31
1816,063252274,31
1817,015111000,31
1818,035152126,31
1819,198710034,31
1820,035712151,31
1821,094452004,31
1822,066252123,31
1823,032632114,31
1824,155250052,31
1825,131310029,31
1826,002432011,31
1827,063112313,31
1828,236310006,31
1829,037712115,31
1830,053312310,31
1831,084152046,31
1832,194330025,31
1833,154210001,31
1834,219130005,31
1835,026452052,31
1836,034552005,31
1837,063332178,31
1838,086230021,31
1839,037222064,30
1840,053212614,30
1841,053412736,30
1842,029515211,30
1843,045312184,30
1844,063112249,30
1845,146750015,30
1846,113630018,30
1847,090210015,30
1848,063252198,30
1849,002212263,30
1850,143650050,30
1851,002752281,30
1852,209220011,30
1853,029352007,30
1854,005332132,30
1855,060122173,30
1856,053212593,30
1857,063512395,30
1858,063122598,30
1859,224730005,30
1860,209720004,30
1861,170450032,30
1862,068005709,30
1863,032852118,30
1864,073122108,30
1865,121220018,30
1866,143450021,30
1867,002123228,30
1868,006322334,30
1869,037212379,30
1870,219250028,30
1871,071412120,30
1872,162450042,29
1873,003222027,29
1874,143220032,29
1875,002852169,29
1876,113250039,29
1877,071152152,29
1878,235310017,29
1879,068005531,29
1880,198410083,29
1881,136310076,29
1882,089410084,29
1883,006632289,29
1884,063152420,29
1885,063152610,29
1886,060232045,29
1887,045152298,29
1888,053332197,29
1889,007232028,29
1890,038212353,29
1891,066752049,29
1892,078632067,29
1893,229610007,28
1894,175150024,28
1895,177130067,28
1896,015811014,28
1897,060122184,28
1898,155450003,28
1899,037922014,28
1900,090450017,28
1901,194120037,28
1902,038312306,28
1903,003112049,28
1904,018251019,28
1905,235520004,28
1906,036632132,28
1907,086110048,28
1908,037412336,28
1909,176810017,28
1910,032312259,28
1911,136210060,28
1912,015152214,28
1913,143510153,28
1914,146610012,28
1915,023752077,28
1916,177210155,28
1917,220330018,28
1918,154710038,28
1919,236430001,27
1920,037342032,27
1921,113250040,27
1922,143310222,27
1923,040152277,27
1924,042432025,27
1925,177550017,27
1926,037312264,27
1927,068005672,27
1928,072212090,27
1929,032152299,27
1930,124430012,27
1931,143210213,27
1932,053522148,27
1933,038312333,27
1934,122640001,27
1935,002612073,27
1936,017252082,27
1937,058232008,27
1938,143330104,27
1939,072212082,27
1940,192350001,27
1941,002631145,27
1942,043152122,27
1943,006112072,27
1944,016622158,27
1945,177220057,27
1946,084512072,27
1947,063812456,27
1948,119450023,27
1949,035852183,27
1950,236850003,27
1951,015312010,26
1952,002251012,26
1953,092252035,26
1954,210230003,26
1955,053812408,26
1956,044222005,26
1957,045812055,26
1958,032312278,26
1959,209150015,26
1960,072752039,26
1961,066322098,26
1962,180310021,26
1963,078332048,26
1964,037212371,26
1965,096310064,26
1966,213940001,26
1967,240410006,26
1968,053512483,26
1969,199550001,26
1970,003452002,26
1971,174110026,26
1972,162150105,26
1973,055432051,26
1974,143320123,26
1975,055432049,26
1976,005711086,26
1977,038632186,26
1978,011122352,26
1979,078322027,26
1980,181610021,26
1981,006512336,26
1982,108310018,26
1983,063412633,26
1984,006512348,26
1985,045512079,26
1986,201430007,25
1987,063612376,25
1988,143120270,25
1989,063622191,25
1990,009212205,25
1991,063632314,25
1992,192130007,25
1993,143120235,25
1994,037512356,25
1995,151410029,25
1996,083512120,25
1997,006122772,25
1998,063712444,25
1999,005412116,25
2000,063222302,25
2001,045452064,25
2002,196320004,25
2003,053152704,25
2004,038212162,25
2005,006152658,25
2006,072142027,25
2007,006852180,25
2008,028152057,25
2009,154720028,25
2010,209520006,25
2011,036352026,25
2012,061122093,25
2013,162620059,25
2014,035412355,25
2015,004122066,25
2016,175410024,25
2017,038152458,25
2018,112410042,25
2019,045722150,25
2020,063412702,25
2021,045812089,25
2022,015711008,24
2023,073252068,24
2024,006212495,24
2025,063152614,24
2026,238250001,24
2027,032212284,24
2028,085430029,24
2029,198850028,24
2030,143520020,24
2031,129550007,24
2032,215810010,24
2033,002413105,24
2034,002312870,24
2035,037122094,24
2036,177150145,24
2037,057312179,24
2038,143150238,24
2039,177110070,24
2040,157230016,24
2041,028252051,24
2042,093152150,24
2043,198410088,24
2044,177810142,24
2045,153320025,24
2046,063412199,24
2047,038122447,24
2048,002322599,24
2049,060622014,24
2050,141610025,24
2051,038632190,24
2052,063122570,24
2053,200410057,24
2054,194610017,24
2055,045512086,24
2056,072122136,24
2057,178520009,24
2058,006122736,24
2059,029712133,24
2060,209220006,24
2061,143550038,24
2062,119410104,23
2063,056312029,23
2064,002752182,23
2065,215220012,23
2066,016612231,23
2067,194330026,23
2068,084322048,23
2069,023612006,23
2070,143850079,23
2071,053612360,23
2072,057232050,23
2073,063752164,23
2074,219310012,23
2075,143210122,23
2076,150610002,23
2077,006732117,23
2078,083752047,23
2079,213520004,23
2080,177210087,23
2081,176410014,23
2082,021812134,23
2083,063152577,23
2084,192440003,23
2085,143250157,23
2086,207610009,23
2087,085810070,22
2088,222110009,22
2089,104150286,22
2090,037132166,22
2091,011852086,22
2092,174810020,22
2093,002632518,22
2094,192250010,22
2095,200210012,22
2096,198120046,22
2097,145810189,22
2098,085310073,22
2099,016322081,22
2100,154150067,22
2101,170320054,22
2102,063142022,22
2103,133710055,22
2104,032722124,22
2105,023132090,22
2106,053612355,22
2107,093852065,22
2108,006432132,22
2109,063512288,22
2110,133720019,22
2111,119120157,22
2112,068005502,22
2113,015611002,22
2114,143150179,22
2115,002222176,22
2116,071412063,22
2117,017322059,22
2118,219710007,21
2119,087322072,21
2120,209720009,21
2121,063332146,21
2122,218730003,21
2123,036122580,21
2124,071612079,21
2125,070212156,21
2126,188810025,21
2127,215810004,21
2128,037142047,21
2129,143150182,21
2130,040512189,21
2131,053712251,21
2132,085210113,21
2133,006152647,21
2134,014512275,21
2135,236230005,21
2136,055552026,21
2137,141610026,21
2138,044632065,21
2139,189120010,21
2140,002153173,21
2141,036612120,21
2142,198720021,21
2143,230650001,21
2144,066812111,21
2145,005752067,21
2146,099220026,21
2147,002123168,21
2148,088612028,21
2149,212720006,20
2150,035812304,20
2151,162120197,20
2152,225310077,20
2153,035712289,20
2154,053432174,20
2155,054132060,20
2156,015512187,20
2157,063122607,20
2158,086650012,20
2159,006712073,20
2160,085850040,20
2161,234210007,20
2162,179650011,20
2163,211550006,20
2164,090810066,20
2165,063512501,20
2166,063812491,20
2167,029142041,20
2168,006412666,20
2169,149510104,20
2170,011122349,20
2171,002722485,20
2172,216850003,20
2173,209550003,20
2174,063712432,20
2175,037722223,20
2176,234210011,20
2177,096320027,20
2178,037512363,20
2179,002122857,20
2180,194410040,20
2181,066112129,20
2182,143320134,20
2183,063622129,20
2184,149150126,20
2185,126610009,20
2186,061812053,20
2187,016342059,20
2188,063752166,20
2189,099650011,20
2190,241510006,19
2191,043332052,19
2192,177120154,19
2193,085430030,19
2194,133650010,19
2195,194310027,19
2196,143620063,19
2197,016212368,19
2198,143310215,19
2199,131720019,19
2200,131150001,19
2201,072332060,19
2202,198150062,19
2203,002112548,19
2204,177410129,19
2205,045232085,19
2206,042332012,19
2207,003122063,19
2208,063652083,19
2209,032122318,19
2210,188610021,19
2211,040122266,19
2212,035412376,19
2213,053122752,19
2214,191340002,19
2215,149510097,19
2216,032252194,19
2217,098152044,19
2218,120220074,19
2219,005511131,19
2220,063622215,19
2221,201320017,19
2222,009332119,19
2223,119320070,19
2224,161550003,19
2225,120410200,18
2226,037632264,18
2227,002852368,18
2228,037252202,18
2229,090550021,18
2230,029732067,18
2231,129310032,18
2232,128610020,18
2233,143850032,18
2234,202250018,18
2235,177150111,18
2236,009112082,18
2237,028852078,18
2238,143120266,18
2239,055132027,18
2240,063422017,18
2241,137410021,18
2242,063522099,18
2243,181910001,18
2244,202720013,18
2245,162610134,18
2246,162510061,18
2247,086850054,18
2248,124410116,18
2249,127310033,18
2250,032912087,18
2251,032352026,18
2252,053812382,18
2253,143210174,18
2254,038112165,18
2255,143210239,18
2256,006152517,18
2257,137850010,18
2258,116410015,18
2259,065152007,18
2260,173850016,18
2261,002632279,18
2262,065852024,18
2263,075852037,18
2264,224850008,18
2265,057752011,18
2266,240120007,18
2267,075442011,17
2268,211410037,17
2269,194320021,17
2270,007512075,17
2271,129210051,17
2272,120330084,17
2273,137510035,17
2274,082312066,17
2275,053122789,17
2276,029712151,17
2277,016132106,17
2278,001150435,17
2279,006632274,17
2280,068005673,17
2281,039112075,17
2282,238150002,17
2283,038812272,17
2284,138250015,17
2285,060622043,17
2286,036812266,17
2287,183310050,17
2288,149120113,17
2289,035612253,17
2290,053312181,17
2291,136710054,17
2292,006232244,17
2293,194320011,17
2294,218810004,17
2295,229410011,17
2296,191110023,17
2297,038152182,17
2298,170410056,17
2299,143850072,17
2300,053152649,17
2301,177810100,16
2302,146450002,16
2303,177250093,16
2304,096850028,16
2305,153650025,16
2306,035312214,16
2307,044732009,16
2308,240150004,16
2309,018312041,16
2310,177230043,16
2311,040712153,16
2312,011512011,16
2313,135220046,16
2314,140150033,16
2315,177810130,16
2316,183620008,16
2317,140110026,16
2318,061512027,16
2319,063122609,16
2320,045112186,16
2321,155310038,16
2322,198520005,16
2323,133410093,16
2324,063452127,16
2325,006452136,16
2326,002632193,16
2327,231250006,16
2328,035122433,16
2329,217120003,16
2330,066122196,16
2331,181320022,16
2332,072212085,16
2333,029122245,16
2334,045632119,16
2335,071252084,16
2336,099410018,16
2337,246320007,16
2338,231250003,16
2339,122120074,16
2340,087322026,16
2341,068005637,16
2342,149210012,16
2343,066212111,16
2344,219330012,16
2345,032832010,16
2346,015412008,15
2347,214510003,15
2348,025152370,15
2349,180340007,15
2350,190220005,15
2351,120220078,15
2352,143430045,15
2353,098152009,15
2354,171210013,15
2355,143550015,15
2356,015212190,15
2357,162220004,15
2358,099120177,15
2359,037122496,15
2360,134650030,15
2361,141630023,15
2362,006152218,15
2363,090250064,15
2364,132620013,15
2365,063632343,15
2366,011152276,15
2367,057332034,15
2368,096510044,15
2369,005141032,15
2370,036212128,15
2371,099630046,15
2372,063412697,15
2373,037452111,15
2374,202520003,15
2375,023512234,15
2376,143150259,15
2377,143510150,14
2378,002512657,14
2379,087612065,14
2380,053522142,14
2381,063512426,14
2382,222210012,14
2383,162150199,14
2384,198330008,14
2385,063222293,14
2386,045122321,14
2387,002322604,14
2388,002123244,14
2389,111810011,14
2390,006312559,14
2391,110220002,14
2392,178720029,14
2393,146150064,14
2394,224810014,14
2395,238730001,14
2396,238720001,14
2397,043152137,14
2398,037852178,14
2399,221310006,14
2400,192710007,14
2401,016622143,14
2402,219810013,14
2403,122410058,14
2404,039122146,14
2405,191210017,14
2406,149810092,14
2407,134510032,14
2408,053652170,14
2409,036812210,14
2410,028132089,14
2411,036852148,13
2412,029722214,13
2413,137150036,13
2414,143710156,13
2415,063612350,13
2416,209850003,13
2417,093612111,13
2418,213710008,13
2419,009912089,13
2420,192210016,13
2421,085710075,13
2422,162910051,13
2423,177810135,13
2424,063812488,13
2425,063812497,13
2426,119450036,13
2427,003122083,13
2428,086810015,13
2429,139520024,13
2430,006252378,13
2431,011122345,13
2432,135630059,13
2433,068005553,13
2434,132320011,13
2435,153910058,13
2436,002122348,13
2437,211230009,13
2438,057512046,13
2439,201750005,13
2440,117220017,13
2441,188320002,13
2442,149320055,13
2443,170910013,13
2444,134410019,13
2445,009252149,13
2446,218720006,13
2447,122310020,12
2448,143750055,12
2449,241150008,12
2450,066152174,12
2451,176550003,12
2452,032222115,12
2453,163120033,12
2454,053412622,12
2455,143140009,12
2456,170110042,12
2457,221110006,12
2458,006232260,12
2459,011332112,12
2460,011432056,12
2461,094322040,12
2462,066322102,12
2463,032912088,12
2464,002452268,12
2465,054612142,12
2466,002332460,12
2467,035612250,12
2468,002312890,12
2469,176910010,12
2470,149120124,12
2471,177610039,12
2472,025152055,12
2473,215730001,12
2474,155550010,12
2475,011412215,12
2476,224120015,12
2477,039252081,12
2478,063522225,12
2479,002622078,12
2480,053512484,12
2481,002322609,12
2482,183110028,12
2483,038412440,12
2484,060812024,12
2485,053452149,12
2486,101120011,12
2487,007332035,12
2488,138310026,12
2489,078112074,12
2490,066412093,12
2491,154630042,12
2492,124220038,12
2493,057312184,11
2494,087412105,11
2495,119520030,11
2496,002412443,11
2497,057132025,11
2498,024652010,11
2499,063722255,11
2500,006112433,11
2501,058222018,11
2502,053232238,11
2503,138410028,11
2504,212810012,11
2505,025232060,11
2506,019712003,11
2507,225450014,11
2508,083912021,11
2509,002522238,11
2510,084452022,11
2511,175120021,11
2512,T00256629,11
2513,063912112,11
2514,162150075,11
2515,200850018,11
2516,086250024,11
2517,150120036,11
2518,085750046,11
2519,119120058,11
2520,056712037,11
2521,035212283,11
2522,150210003,11
2523,143210235,11
2524,002632517,11
2525,037612291,11
2526,129310035,11
2527,096720018,11
2528,045252172,11
2529,156410039,11
2530,177810132,11
2531,213710003,11
2532,216810003,11
2533,010711001,11
2534,188710001,11
2535,006732092,11
2536,068005643,11
2537,094152061,10
2538,190610008,10
2539,190310011,10
2540,016422032,10
2541,201210023,10
2542,045252179,10
2543,170150075,10
2544,154320020,10
2545,057322076,10
2546,119710089,10
2547,093522037,10
2548,000651028,10
2549,236630009,10
2550,070712118,10
2551,063512513,10
2552,110810028,10
2553,109230052,10
2554,104410075,10
2555,037252220,10
2556,083712074,10
2557,144320018,10
2558,035132161,10
2559,135520051,10
2560,075732021,10
2561,016312033,10
2562,002412928,10
2563,178250012,10
2564,094622027,10
2565,085230040,10
2566,086210007,10
2567,238350001,10
2568,006212467,10
2569,062122141,10
2570,119520027,10
2571,084612018,10
2572,134120001,10
2573,143410256,10
2574,036542033,10
2575,039232037,10
2576,060412156,10
2577,009132090,10
2578,120810117,10
2579,002512736,10
2580,101320031,10
2581,153910059,10
2582,179310016,10
2583,220910004,10
2584,234630002,10
2585,089850001,10
2586,102550010,10
2587,053112422,10
2588,099910008,10
2589,112120062,10
2590,192810027,10
2591,120910050,10
2592,209130007,10
2593,066722081,10
2594,086850052,9
2595,007852032,9
2596,006712061,9
2597,099330062,9
2598,143720065,9
2599,177150129,9
2600,135410141,9
2601,055632114,9
2602,099110065,9
2603,140550013,9
2604,032652006,9
2605,006312500,9
2606,070322031,9
2607,219320017,9
2608,038212355,9
2609,002342092,9
2610,191310042,9
2611,207620002,9
2612,145630055,9
2613,138110020,9
2614,109510135,9
2615,089410087,9
2616,094412054,9
2617,053332335,9
2618,063542012,9
2619,209310010,9
2620,194650002,9
2621,212350003,9
2622,035112192,9
2623,192830001,9
2624,078622043,9
2625,032632146,9
2626,191320009,9
2627,029232087,9
2628,213750002,9
2629,045322136,9
2630,131710020,9
2631,053732099,9
2632,203750005,9
2633,006621006,9
2634,121750015,9
2635,177320074,9
2636,143720101,9
2637,108630017,9
2638,085350008,9
2639,072112042,9
2640,006152598,9
2641,209750007,9
2642,086120018,9
2643,168810016,9
2644,168230001,9
2645,009111022,9
2646,006212125,9
2647,086250029,9
2648,002153142,9
2649,060152039,9
2650,063612374,9
2651,045212133,9
2652,081252047,9
2653,173110026,9
2654,002631152,9
2655,082142016,9
2656,194510019,9
2657,093412164,9
2658,069412115,9
2659,160230013,9
2660,194120012,9
2661,212130004,8
2662,076222017,8
2663,093732021,8
2664,053122782,8
2665,036522052,8
2666,207720011,8
2667,099150055,8
2668,000612072,8
2669,225510014,8
2670,230410003,8
2671,038312334,8
2672,053622007,8
2673,102750020,8
2674,111910012,8
2675,194320019,8
2676,090550013,8
2677,063212447,8
2678,149310084,8
2679,070512067,8
2680,224610005,8
2681,042452011,8
2682,154230036,8
2683,121150040,8
2684,035412372,8
2685,176810019,8
2686,153610057,8
2687,231210007,8
2688,086750012,8
2689,053432164,8
2690,135130073,8
2691,099110063,8
2692,002252564,8
2693,135910007,8
2694,170630028,8
2695,002612555,8
2696,203520010,8
2697,124250072,8
2698,124810100,8
2699,076212048,8
2700,002413131,8
2701,099720005,8
2702,006312039,8
2703,221710006,8
2704,170710044,8
2705,120150193,8
2706,002812738,8
2707,143120264,8
2708,072152082,8
2709,086510059,8
2710,070612038,8
2711,177320073,8
2712,202610010,8
2713,221810006,8
2714,016312380,8
2715,063412560,8
2716,108150001,8
2717,053452156,8
2718,217220003,8
2719,014512013,7
2720,108250022,7
2721,035452094,7
2722,086120099,7
2723,222710006,7
2724,143710138,7
2725,135410111,7
2726,143810190,7
2727,235130001,7
2728,209410023,7
2729,156850011,7
2730,188210027,7
2731,014912126,7
2732,036712187,7
2733,119230044,7
2734,026512154,7
2735,120410123,7
2736,225410026,7
2737,185130006,7
2738,234650002,7
2739,149250058,7
2740,057122124,7
2741,016212370,7
2742,090330070,7
2743,099110064,7
2744,155720036,7
2745,002632206,7
2746,053512176,7
2747,222540003,7
2748,086310004,7
2749,007752020,7
2750,037332076,7
2751,202250008,7
2752,072212011,7
2753,037712364,7
2754,071722041,7
2755,186510004,7
2756,221510001,7
2757,162230053,7
2758,053212178,7
2759,086510045,7
2760,014132111,7
2761,234230004,7
2762,062252053,7
2763,009442018,7
2764,222810014,7
2765,203150012,7
2766,183210031,7
2767,181850016,7
2768,014512016,7
2769,143210143,7
2770,137330019,7
2771,060122181,7
2772,174110019,7
2773,189120043,7
2774,002152923,7
2775,111230018,7
2776,063512493,7
2777,066632101,7
2778,009752074,7
2779,166830001,7
2780,143120072,7
2781,183620004,7
2782,220810022,7
2783,235610009,7
2784,220720008,7
2785,221810007,7
2786,134110024,7
2787,135710057,7
2788,054852089,7
2789,200410042,7
2790,036812276,7
2791,016152345,7
2792,086710066,7
2793,156630035,7
2794,201220001,7
2795,009122352,7
2796,093412218,7
2797,220120020,7
2798,220110015,7
2799,002122607,7
2800,143310230,7
2801,211630029,7
2802,084512056,7
2803,071412052,7
2804,120210163,7
2805,053612356,7
2806,045152297,7
2807,135410149,7
2808,132330014,7
2809,241330001,6
2810,002110175,6
2811,006212398,6
2812,060412111,6
2813,191320015,6
2814,039612071,6
2815,149310082,6
2816,002632263,6
2817,039152139,6
2818,198230024,6
2819,153110025,6
2820,016322200,6
2821,085710082,6
2822,125650018,6
2823,119330123,6
2824,086120092,6
2825,139210049,6
2826,053722194,6
2827,096120042,6
2828,153610056,6
2829,173120054,6
2830,036122479,6
2831,085310068,6
2832,143350018,6
2833,073712025,6
2834,063852033,6
2835,040212049,6
2836,009412264,6
2837,145210001,6
2838,002413004,6
2839,220310029,6
2840,037322098,6
2841,177150074,6
2842,225120035,6
2843,060612067,6
2844,053252467,6
2845,160710002,6
2846,212150033,6
2847,002752219,6
2848,216510008,6
2849,002153002,6
2850,203150016,6
2851,068004360,6
2852,017152141,6
2853,032222118,6
2854,063412255,6
2855,002121269,6
2856,099310006,6
2857,127320039,6
2858,154610041,6
2859,234510001,6
2860,220710002,6
2861,225120056,6
2862,000812016,6
2863,002252704,6
2864,120510129,6
2865,014611033,6
2866,209630004,6
2867,194410032,6
2868,134510033,6
2869,190610007,6
2870,063712428,6
2871,036232144,6
2872,212110019,6
2873,146810002,6
2874,202610007,6
2875,053522078,6
2876,035322210,6
2877,200130007,6
2878,198510034,6
2879,002722349,6
2880,010412248,6
2881,157720027,6
2882,221810008,6
2883,006232230,6
2884,070332011,6
2885,001150376,6
2886,162720092,6
2887,028332057,6
2888,133630056,6
2889,134410035,6
2890,006332295,6
2891,219250020,6
2892,070332075,6
2893,168720008,6
2894,068005666,6
2895,149120116,6
2896,002812166,6
2897,078622044,6
2898,063232038,6
2899,146230016,5
2900,154410071,5
2901,085540002,5
2902,063232202,5
2903,063852249,5
2904,189120045,5
2905,134110030,5
2906,155310029,5
2907,120410116,5
2908,128120052,5
2909,083152100,5
2910,119710094,5
2911,183410041,5
2912,023212301,5
2913,040222047,5
2914,221150008,5
2915,086330013,5
2916,086120047,5
2917,045212078,5
2918,026552045,5
2919,053212533,5
2920,023222148,5
2921,002413092,5
2922,190750006,5
2923,186210002,5
2924,136310069,5
2925,200120037,5
2926,082312100,5
2927,063432134,5
2928,158120022,5
2929,124250075,5
2930,063632330,5
2931,063312324,5
2932,209330009,5
2933,136110026,5
2934,181250020,5
2935,093512144,5
2936,143250172,5
2937,101250054,5
2938,032152225,5
2939,143210216,5
2940,037712348,5
2941,036442008,5
2942,234310004,5
2943,143430047,5
2944,032552032,5
2945,053722229,5
2946,028431000,5
2947,094122063,5
2948,217120002,5
2949,183330025,5
2950,185510002,5
2951,135810069,5
2952,188250012,5
2953,053152438,5
2954,096620017,5
2955,203410011,5
2956,235210005,5
2957,045312058,5
2958,086510061,5
2959,229250004,5
2960,183420008,5
2961,161430007,5
2962,075222033,5
2963,179350005,5
2964,145810097,5
2965,070812054,5
2966,006252391,5
2967,082912024,5
2968,011412285,5
2969,016322141,5
2970,003122090,5
2971,002413059,5
2972,174510032,5
2973,140910004,5
2974,090510060,5
2975,185130004,5
2976,222810015,5
2977,083322075,5
2978,063722314,5
2979,120210132,5
2980,035332010,5
2981,002153051,5
2982,070312121,5
2983,063622219,5
2984,066122158,5
2985,120730037,5
2986,189210037,5
2987,055752030,5
2988,090330027,5
2989,160710012,5
2990,025752024,5
2991,198520025,5
2992,220510019,5
2993,014312165,5
2994,086330001,5
2995,213630006,5
2996,252320001,5
2997,208410021,5
2998,135720039,5
2999,162710131,5
3000,002312875,5
3001,038152463,5
3002,177330036,5
3003,035112197,5
3004,222730002,5
3005,006722126,5
3006,236550001,5
3007,177810141,5
3008,177250041,5
3009,012611018,5
3010,088912004,5
3011,217510005,5
3012,134330013,5
3013,006812436,5
3014,085810020,5
3015,084512016,5
3016,154520015,5
3017,137210002,5
3018,124650013,5
3019,191210011,5
3020,006312116,5
3021,037252221,5
3022,006812423,5
3023,090210136,5
3024,213620008,5
3025,002312096,5
3026,143120214,5
3027,241630007,5
3028,063722316,5
3029,225310060,5
3030,225530002,5
3031,015212185,5
3032,221150007,5
3033,162410225,5
3034,221220001,5
3035,112710027,5
3036,198120054,5
3037,194610018,5
3038,006632263,4
3039,143550031,4
3040,025522046,4
3041,096720001,4
3042,006412148,4
3043,170420002,4
3044,085450010,4
3045,036122450,4
3046,194120040,4
3047,010312194,4
3048,189140005,4
3049,224710009,4
3050,153410061,4
3051,006412670,4
3052,135440005,4
3053,173810045,4
3054,002852364,4
3055,177340004,4
3056,207710014,4
3057,016142045,4
3058,036622083,4
3059,063512389,4
3060,202110006,4
3061,220440001,4
3062,153330014,4
3063,102250008,4
3064,124410105,4
3065,235710001,4
3066,032632148,4
3067,235350001,4
3068,154120055,4
3069,143850075,4
3070,037212326,4
3071,210210002,4
3072,063852229,4
3073,018151051,4
3074,154810043,4
3075,143230077,4
3076,073752016,4
3077,068005698,4
3078,174330006,4
3079,185850002,4
3080,006652146,4
3081,086610034,4
3082,154510033,4
3083,143320132,4
3084,120320089,4
3085,198850033,4
3086,085520032,4
3087,053412729,4
3088,217810010,4
3089,090120123,4
3090,003122077,4
3091,076132041,4
3092,190230012,4
3093,213730003,4
3094,188110019,4
3095,053212645,4
3096,162220084,4
3097,191120020,4
3098,180110005,4
3099,002112660,4
3100,003412085,4
3101,060142001,4
3102,224510018,4
3103,060212122,4
3104,009551003,4
3105,001730012,4
3106,140720021,4
3107,010412247,4
3108,063252323,4
3109,179710020,4
3110,071312077,4
3111,016152368,4
3112,177850057,4
3113,070122106,4
3114,002522243,4
3115,015142041,4
3116,131410013,4
3117,194330017,4
3118,132220014,4
3119,140710043,4
3120,191120015,4
3121,138150033,4
3122,225720008,4
3123,124630073,4
3124,160810005,4
3125,123710005,4
3126,083622039,4
3127,120310162,4
3128,211320015,4
3129,207110007,4
3130,188730006,4
3131,155630036,4
3132,025412315,4
3133,039312101,4
3134,032412242,4
3135,192250012,4
3136,028232022,4
3137,096120049,4
3138,205330005,4
3139,148510039,4
3140,016852103,4
3141,035212289,4
3142,038212225,4
3143,072512054,4
3144,162320108,4
3145,010412249,4
3146,070112113,4
3147,084812036,4
3148,085630001,4
3149,035722173,4
3150,217610002,4
3151,035652059,4
3152,101410031,4
3153,119250076,4
3154,126730001,4
3155,102310030,4
3156,131410030,4
3157,241720007,4
3158,001811022,4
3159,148630026,4
3160,053812452,4
3161,062322058,4
3162,200450003,4
3163,119130042,4
3164,240620005,4
3165,063322120,4
3166,126810014,4
3167,000431039,4
3168,078212150,4
3169,014722085,4
3170,163120030,4
3171,177120146,4
3172,063512511,4
3173,234520002,4
3174,162630144,4
3175,202220007,4
3176,011232096,4
3177,010712115,4
3178,036152472,4
3179,011212243,4
3180,126150020,4
3181,173710035,4
3182,044122116,4
3183,060632049,4
3184,225140004,4
3185,009312200,4
3186,192550005,4
3187,086810101,4
3188,170220025,4
3189,063132181,4
3190,149120117,4
3191,186510001,4
3192,222550001,4
3193,029612143,4
3194,224310008,4
3195,181810029,4
3196,006232219,3
3197,015632122,3
3198,063712436,3
3199,191650008,3
3200,063622222,3
3201,071712065,3
3202,039152121,3
3203,002422108,3
3204,191210023,3
3205,150150056,3
3206,099410129,3
3207,068005584,3
3208,014122257,3
3209,010122267,3
3210,177220073,3
3211,055612133,3
3212,073852035,3
3213,071852026,3
3214,056212069,3
3215,190220013,3
3216,053212608,3
3217,053212585,3
3218,044412076,3
3219,010212214,3
3220,002152059,3
3221,063322297,3
3222,028852080,3
3223,129320003,3
3224,018751007,3
3225,023322187,3
3226,140150049,3
3227,025852013,3
3228,203510026,3
3229,010221108,3
3230,120730016,3
3231,063252272,3
3232,166810031,3
3233,053732032,3
3234,203650008,3
3235,180850011,3
3236,209720011,3
3237,071412109,3
3238,194120039,3
3239,053122650,3
3240,009912085,3
3241,143310231,3
3242,086630007,3
3243,150710049,3
3244,102510063,3
3245,162210160,3
3246,078122161,3
3247,053112219,3
3248,011312019,3
3249,211310021,3
3250,143810176,3
3251,220230007,3
3252,066152136,3
3253,053712382,3
3254,095720007,3
3255,025152380,3
3256,220810013,3
3257,002222401,3
3258,150250014,3
3259,135110045,3
3260,225720005,3
3261,241110004,3
3262,009452046,3
3263,220610011,3
3264,073122111,3
3265,235750001,3
3266,014751002,3
3267,211320017,3
3268,002812277,3
3269,240220001,3
3270,028612090,3
3271,148650002,3
3272,149130042,3
3273,063512512,3
3274,011232095,3
3275,085810012,3
3276,055512064,3
3277,204120018,3
3278,207430005,3
3279,002852125,3
3280,032612147,3
3281,241410013,3
3282,055242002,3
3283,200620005,3
3284,201710020,3
3285,078522050,3
3286,070412183,3
3287,006152634,3
3288,132810001,3
3289,040132109,3
3290,083212100,3
3291,238310001,3
3292,053222188,3
3293,181410041,3
3294,112410054,3
3295,181810031,3
3296,213510011,3
3297,053522075,3
3298,162130078,3
3299,099650003,3
3300,044252063,3
3301,053512425,3
3302,214510004,3
3303,154410052,3
3304,078322056,3
3305,217710007,3
3306,025432075,3
3307,002140012,3
3308,011122280,3
3309,124340006,3
3310,222850005,3
3311,241310002,3
3312,045722021,3
3313,214410005,3
3314,143310050,3
3315,045152253,3
3316,143120033,3
3317,143320076,3
3318,192710024,3
3319,037812334,3
3320,203620001,3
3321,153630032,3
3322,014121052,3
3323,015332099,3
3324,045412219,3
3325,220510009,3
3326,111130013,3
3327,162210145,3
3328,063422034,3
3329,066732024,3
3330,191120021,3
3331,016512230,3
3332,063212475,3
3333,096410072,3
3334,041432012,3
3335,132810031,3
3336,101540004,3
3337,219550003,3
3338,162410134,3
3339,136110027,3
3340,145330019,3
3341,111520008,3
3342,099610050,3
3343,064452006,3
3344,102140004,3
3345,094512042,3
3346,084752010,3
3347,036322168,3
3348,170510036,3
3349,096410010,3
3350,216810008,3
3351,153630007,3
3352,192610006,3
3353,087412135,3
3354,086250010,3
3355,086410107,3
3356,037312102,3
3357,154910011,3
3358,177630034,3
3359,128250028,3
3360,214110003,3
3361,143710155,3
3362,036122570,3
3363,094452017,3
3364,053342050,3
3365,086710067,3
3366,037152389,3
3367,086310006,3
3368,198610037,3
3369,072632020,3
3370,170310049,3
3371,095510032,3
3372,080312062,3
3373,101250049,2
3374,220220007,2
3375,092152082,2
3376,203130003,2
3377,006212541,2
3378,146110031,2
3379,163120027,2
3380,214150012,2
3381,136510052,2
3382,066322094,2
3383,096150039,2
3384,089320040,2
3385,099310013,2
3386,221230005,2
3387,086810111,2
3388,102330003,2
3389,189620007,2
3390,112210001,2
3391,060552018,2
3392,011412281,2
3393,002142134,2
3394,062712003,2
3395,006152667,2
3396,120720016,2
3397,157510041,2
3398,040612125,2
3399,133710053,2
3400,209630011,2
3401,053152225,2
3402,128210026,2
3403,055112156,2
3404,088152055,2
3405,003210149,2
3406,099750004,2
3407,225120037,2
3408,014312160,2
3409,092712067,2
3410,045222075,2
3411,085630069,2
3412,035152349,2
3413,145220005,2
3414,006132191,2
3415,225710005,2
3416,203120010,2
3417,225310079,2
3418,143320092,2
3419,061652032,2
3420,015212197,2
3421,235310013,2
3422,002322538,2
3423,213210019,2
3424,053122629,2
3425,T00260658,2
3426,143650010,2
3427,241110002,2
3428,084522040,2
3429,199120009,2
3430,128230011,2
3431,002251240,2
3432,180810020,2
3433,085710088,2
3434,213150003,2
3435,002252456,2
3436,053122754,2
3437,063152165,2
3438,148120030,2
3439,054112072,2
3440,063232103,2
3441,217330003,2
3442,219230012,2
3443,002322621,2
3444,037852184,2
3445,140110016,2
3446,058322017,2
3447,002212971,2
3448,111120006,2
3449,133430024,2
3450,089310040,2
3451,002451112,2
3452,153110045,2
3453,002610121,2
3454,134310064,2
3455,200120033,2
3456,177210150,2
3457,213710009,2
3458,119720003,2
3459,092512062,2
3460,205120009,2
3461,102410055,2
3462,019312031,2
3463,194850011,2
3464,095810028,2
3465,222810010,2
3466,002632237,2
3467,095250008,2
3468,084412070,2
3469,084122034,2
3470,145450064,2
3471,116210019,2
3472,102720011,2
3473,162850066,2
3474,006152313,2
3475,063612154,2
3476,016322212,2
3477,179150025,2
3478,157210041,2
3479,135450035,2
3480,177210151,2
3481,006342087,2
3482,044812085,2
3483,043912028,2
3484,188210013,2
3485,101310047,2
3486,178250010,2
3487,135110036,2
3488,089110010,2
3489,005652029,2
3490,234620003,2
3491,015251006,2
3492,016712187,2
3493,053122783,2
3494,188810002,2
3495,092622025,2
3496,181210034,2
3497,005411031,2
3498,082412072,2
3499,002312708,2
3500,075122120,2
3501,221450002,2
3502,055412229,2
3503,096410071,2
3504,086510062,2
3505,224220005,2
3506,132410036,2
3507,060752018,2
3508,200120027,2
3509,045732016,2
3510,043132034,2
3511,084152021,2
3512,072152009,2
3513,145130082,2
3514,085210035,2
3515,029212070,2
3516,124320053,2
3517,002322335,2
3518,095650015,2
3519,213620010,2
3520,235810006,2
3521,012612073,2
3522,025152203,2
3523,006632296,2
3524,143320131,2
3525,122410059,2
3526,063152478,2
3527,236310010,2
3528,240110001,2
3529,039152125,2
3530,002912282,2
3531,160110002,2
3532,210210022,2
3533,T00258109,2
3534,221330001,2
3535,170310051,2
3536,145510205,2
3537,002413119,2
3538,140210039,2
3539,213810011,2
3540,248610001,2
3541,096620004,2
3542,154750014,2
3543,150810037,2
3544,120150189,2
3545,235150013,2
3546,136710057,2
3547,177310076,2
3548,146510013,2
3549,148330006,2
3550,143210198,2
3551,084212063,2
3552,102810023,2
3553,011122359,2
3554,221320015,2
3555,178310009,2
3556,036622088,2
3557,153120090,2
3558,188110003,2
3559,215720001,2
3560,179810021,2
3561,099310143,2
3562,046812021,2
3563,063632099,2
3564,044752036,2
3565,075152061,2
3566,014212302,2
3567,199120006,2
3568,025122303,2
3569,211710009,2
3570,203730004,2
3571,225310005,2
3572,045452063,2
3573,060412068,2
3574,095650014,2
3575,146150020,2
3576,096150017,2
3577,038812276,2
3578,132230022,2
3579,023512313,2
3580,229910001,2
3581,009232092,2
3582,179510021,2
3583,241720001,2
3584,160410016,2
3585,002252709,2
3586,012812110,2
3587,177710089,2
3588,016152450,2
3589,146630018,2
3590,131120010,2
3591,128250005,2
3592,153850030,2
3593,126720005,2
3594,119140006,2
3595,124310044,2
3596,225130007,2
3597,094632032,2
3598,047812016,2
3599,021212128,2
3600,085220054,2
3601,163420002,2
3602,035252212,2
3603,093122194,2
3604,153310132,2
3605,198230022,2
3606,215310007,2
3607,188540003,2
3608,194110019,2
3609,224520003,2
3610,011252154,2
3611,140450010,2
3612,002412940,2
3613,181410005,2
3614,188810013,2
3615,121410048,2
3616,157320022,2
3617,221810003,2
3618,111710009,2
3619,225150038,2
3620,147220010,2
3621,002312793,2
3622,016852145,2
3623,039122064,2
3624,113120039,2
3625,062152050,2
3626,006812210,2
3627,028812154,2
3628,192520007,2
3629,148710023,2
3630,037752113,2
3631,071212090,2
3632,085910018,2
3633,090320037,2
3634,124630071,2
3635,036852155,2
3636,032152306,2
3637,086150047,2
3638,173720029,2
3639,002722424,2
3640,073222010,2
3641,135830007,2
3642,006612335,2
3643,002322551,2
3644,062122138,2
3645,032712160,2
3646,102850013,2
3647,086630067,2
3648,207130008,2
3649,045412012,2
3650,001110167,2
3651,085150112,2
3652,086410108,2
3653,045112179,2
3654,007312039,2
3655,162750052,2
3656,177210032,2
3657,045722006,2
3658,178710036,2
3659,010342016,2
3660,047152081,2
3661,224610006,2
3662,032512106,2
3663,085150086,2
3664,131410003,2
3665,101110048,2
3666,135520050,2
3667,075322009,2
3668,018722023,2
3669,149340001,2
3670,201730007,2
3671,036122398,2
3672,135550003,2
3673,153140012,2
3674,002652165,2
3675,002153166,2
3676,092722036,2
3677,111110024,2
3678,070132011,2
3679,209610015,2
3680,135150128,2
3681,000741001,2
3682,014812035,2
3683,011812160,2
3684,002712575,2
3685,002112136,2
3686,201250016,2
3687,045752080,2
3688,177810092,2
3689,170810036,2
3690,011632146,2
3691,102440002,2
3692,055722088,2
3693,077612006,2
3694,089610017,2
3695,120720065,2
3696,191620002,2
3697,220320010,2
3698,002152765,2
3699,191110020,2
3700,038712150,2
3701,190150012,2
3702,084912009,2
3703,209210017,2
3704,120320098,2
3705,119210109,2
3706,016212325,2
3707,235210018,2
3708,096310035,2
3709,063122037,2
3710,209130010,2
3711,085310042,2
3712,084252052,2
3713,111130008,2
3714,221710005,2
3715,126510007,2
3716,136720044,2
3717,063322156,2
3718,170410058,2
3719,221120010,2
3720,025852016,2
3721,086520016,2
3722,111230002,2
3723,063632347,2
3724,092452016,2
3725,154230040,2
3726,218550003,2
3727,188710010,2
3728,135520036,2
3729,194430008,2
3730,099630021,2
3731,163230012,2
3732,090120126,2
3733,063312349,2
3734,258510001,2
3735,002222388,2
3736,011612131,2
3737,035852095,2
3738,036732014,2
3739,155250038,2
3740,002413108,2
3741,162210194,2
3742,112340004,2
3743,006212477,2
3744,111120034,2
3745,055122111,2
3746,005412221,2
3747,140250032,2
3748,163610029,2
3749,143130046,2
3750,037252219,2
3751,163230011,2
3752,102510038,2
3753,084152043,2
3754,053312011,2
3755,015612119,2
3756,117510017,2
3757,108140003,2
3758,023622152,2
3759,109110062,2
3760,148110010,2
3761,093612081,2
3762,014412407,2
3763,241220002,2
3764,088350002,2
3765,120750034,2
3766,175810008,2
3767,141410048,2
3768,002321013,2
3769,025812169,2
3770,039212097,2
3771,108710020,2
3772,075322058,2
3773,111410012,2
3774,095220005,2
3775,211410048,2
3776,188120018,2
3777,220120009,2
3778,040852086,2
3779,063312213,2
3780,148110001,2
3781,102510017,2
3782,035252192,2
3783,219520002,2
3784,066152200,2
3785,129410037,2
3786,119150173,2
3787,039512061,2
3788,066122191,2
3789,089620027,2
3790,157750002,2
3791,025152189,2
3792,068005408,2
3793,086510050,2
3794,224410015,2
3795,234110007,2
3796,068005619,2
3797,002413135,2
3798,221320005,2
3799,011332113,2
3800,071212153,2
3801,014111048,2
3802,028312174,2
3803,155810033,2
3804,056212023,2
3805,108650006,2
3806,084132022,2
3807,219330005,2
3808,086510054,2
3809,225210013,2
3810,194830002,2
3811,071112010,2
3812,096120027,2
3813,201430004,2
3814,140120061,2
3815,086810065,2
3816,211150032,2
3817,070752041,2
3818,094152056,2
3819,193630004,2
3820,063722132,2
3821,201220011,2
3822,143120240,2
3823,016812278,2
3824,220210025,2
3825,153340009,2
3826,144810020,2
3827,085850048,2
3828,014312153,2
3829,191150014,2
3830,174710024,2
3831,053632245,2
3832,213450008,2
3833,122620011,2
3834,023212334,2
3835,039212111,2
3836,149750039,2
3837,084752014,2
3838,053132223,2
3839,241140002,2
3840,112220021,2
3841,221850002,2
3842,202220005,2
3843,188150037,2
3844,081112052,2
3845,183350003,2
3846,040722016,2
3847,016752075,2
3848,240330001,2
3849,202550002,2
3850,012151053,2
3851,170430017,2
3852,224130009,2
3853,083512125,2
3854,102210028,2
3855,053212139,2
3856,078412107,2
3857,150720026,2
3858,168610011,2
3859,037512077,2
3860,045612132,2
3861,102410058,2
3862,025212253,2
3863,037312261,2
3864,221520002,2
3865,006632266,2
3866,174550007,2
3867,035652054,2
3868,150620011,2
3869,035432083,2
3870,002552161,2
3871,101310070,2
3872,221650001,2
3873,209720008,2
3874,219230015,2
3875,017312088,2
3876,212220004,2
3877,070122032,2
3878,006212579,2
3879,005522020,2
3880,025412198,2
3881,078732029,2
3882,045412260,2
3883,072752020,2
3884,002612346,2
3885,116110005,2
3886,108810007,2
3887,202850008,2
3888,194610007,2
3889,210720015,2
3890,132110020,2
3891,076122102,2
3892,066632077,2
3893,086810024,2
3894,133520028,2
3895,154430012,2
3896,241610001,2
3897,002722451,2
3898,174210005,2
3899,241650002,2
3900,225230011,2
3901,162720089,2
3902,011612133,2
3903,205810004,2
3904,219110018,2
3905,006632291,2
3906,224250006,2
3907,170250006,2
3908,062152154,2
3909,177410111,2
3910,140410064,2
3911,220210026,2
3912,190520003,2
3913,066912072,2
3914,011512193,2
3915,012412144,2
3916,111710020,2
3917,085850050,2
3918,053252463,2
3919,001120290,2
3920,036512302,2
3921,002352031,2
3922,138120027,2
3923,101120078,2
3924,032312284,2
3925,209320016,2
3926,054722100,2
3927,235330004,2
3928,205410012,2
3929,131510007,2
3930,177310052,2
3931,149150077,2
3932,015122213,2
3933,075122114,2
3934,224430001,2
3935,094152055,2
3936,177130063,2
3937,032712124,2
3938,045322142,2
3939,119110090,2
3940,209810001,2
3941,213850001,2
3942,191150017,2
3943,211610018,2
3944,036632109,2
3945,086410083,2
3946,028232058,2
3947,028232020,2
3948,050852023,2
3949,078412164,2
3950,045152111,2
3951,205340002,2
3952,236230002,2
3953,040322125,2
3954,072412091,2
3955,134120073,2
3956,053812411,2
3957,209410022,2
3958,090450015,2
3959,006152195,2
3960,086710058,2
3961,023412415,2
3962,038642006,2
3963,120110120,2
3964,053712130,2
3965,143710151,2
3966,029312131,2
3967,058152033,2
3968,188410004,2
3969,085330004,2
3970,234410001,2
3971,219120037,2
3972,036632149,2
3973,036512216,2
3974,198450007,2
3975,053222091,2
3976,200510030,2
3977,015812161,2
3978,038732072,2
3979,190510013,2
3980,121120044,2
3981,108410069,2
3982,086710032,2
3983,224150016,2
3984,141730004,2
3985,211850011,2
3986,170720027,2
3987,146210057,2
3988,016111032,2
3989,116710007,2
3990,014222079,2
3991,221120012,2
3992,094632014,2
3993,062412149,2
3994,045122226,2
3995,029252168,2
3996,219850001,2
3997,238150001,2
3998,095630001,2
3999,045452057,2
4000,215630014,2
4001,016142067,2
4002,065712036,2
4003,093632121,2
4004,002123272,2
4005,093222092,2
4006,166210013,2
4007,086710025,2
4008,096210058,2
4009,073622007,2
4010,085610067,2
4011,154250032,2
4012,149510102,2
4013,194810007,2
4014,113410002,2
4015,037852188,2
4016,183110013,2
4017,084440003,2
4018,002512488,2
4019,071152069,2
4020,191410022,2
4021,140210032,2
4022,084212031,2
4023,006122632,2
4024,035322206,2
4025,140850014,2
4026,211430005,2
4027,102410057,2
4028,057732028,2
4029,060122162,2
4030,111850013,2
4031,235210006,2
4032,235120017,2
4033,006212514,2
4034,092350007,2
4035,148650007,2
4036,170310053,2
4037,063722034,2
4038,009332109,2
4039,035212295,2
4040,035212215,2
4041,001310100,2
4042,066812115,2
4043,084440007,2
4044,190610013,2
4045,053252474,2
4046,136730014,2
4047,018622037,2
4048,002122990,2
4049,063812490,2
4050,119330126,2
4051,102710030,2
4052,038212241,2
4053,094350001,2
4054,092112046,2
4055,200150003,2
4056,015222116,2
4057,006622170,2
4058,136720043,2
4059,150120033,2
4060,023412430,2
4061,035632184,2
4062,053332336,2
4063,054332041,2
4064,035122357,2
4065,127150049,2
4066,084132013,2
4067,086810097,2
4068,234710001,2
4069,201310024,2
4070,121410050,2
4071,119850005,2
4072,221410010,2
4073,111410024,2
4074,063222176,2
4075,002123192,2
4076,170230005,2
4077,087412075,2
4078,198150068,2
4079,085720022,2
4080,231550001,2
4081,154410060,2
4082,006712234,2
4083,029222100,2
4084,083612060,1
4085,066322100,1
4086,054522036,1
4087,136150034,1
4088,011632147,1
4089,006252219,1
4090,032512241,1
4091,102210068,1
4092,006122762,1
4093,010722089,1
4094,209410025,1
4095,111630014,1
4096,178510023,1
4097,053152729,1
4098,153310133,1
4099,220810020,1
4100,131710026,1
4101,015312194,1
4102,006412644,1
4103,096120074,1
4104,096130019,1
4105,207850008,1
4106,038612102,1
4107,010312223,1
4108,063152033,1
4109,166710055,1
4110,194340002,1
4111,009252084,1
4112,063132224,1
4113,141910005,1
4114,143630103,1
4115,086230025,1
4116,036712181,1
4117,063622224,1
4118,127510003,1
4119,136630029,1
4120,207120012,1
4121,221150005,1
4122,119520009,1
4123,153730022,1
4124,084252050,1
4125,179810022,1
4126,229520002,1
4127,211210035,1
4128,053152082,1
4129,154150073,1
4130,009522045,1
4131,191450002,1
4132,176250013,1
4133,126320005,1
4134,135320016,1
4135,015122206,1
4136,221720005,1
4137,238910001,1
4138,071152153,1
4139,241630004,1
4140,131910002,1
4141,154810028,1
4142,248450002,1
4143,002612583,1
4144,002252541,1
4145,209810014,1
4146,175250007,1
4147,129410023,1
4148,096150053,1
4149,089720038,1
4150,215510017,1
4151,203210019,1
4152,140510044,1
4153,241310006,1
4154,082512078,1
4155,071732030,1
4156,144210026,1
4157,219750002,1
4158,202250007,1
4159,234630003,1
4160,045612126,1
4161,005111146,1
4162,014722182,1
4163,180130007,1
4164,098812024,1
4165,006222235,1
4166,136610001,1
4167,136510053,1
4168,248230001,1
4169,236720005,1
4170,149120090,1
4171,150410029,1
4172,038912099,1
4173,062612085,1
4174,086210063,1
4175,234720004,1
4176,149410093,1
4177,085220042,1
4178,002912118,1
4179,085610010,1
4180,028332027,1
4181,211410046,1
4182,055322064,1
4183,093632123,1
4184,139620020,1
4185,015812167,1
4186,045312051,1
4187,177310069,1
4188,086120007,1
4189,236120017,1
4190,060132041,1
4191,143750067,1
4192,023712276,1
4193,086320018,1
4194,002153138,1
4195,124330015,1
4196,036732049,1
4197,185510014,1
4198,056712009,1
4199,035722176,1
4200,216230002,1
4201,149720060,1
4202,202310008,1
4203,065522011,1
4204,039152023,1
4205,219710006,1
4206,016612146,1
4207,067152064,1
4208,075152077,1
4209,009552041,1
4210,162330046,1
4211,099620029,1
4212,128120046,1
4213,203120007,1
4214,037322130,1
4215,111130010,1
4216,000321123,1
4217,037412472,1
4218,058812014,1
4219,062722065,1
4220,235610012,1
4221,035312208,1
4222,202120014,1
4223,041222016,1
4224,036112245,1
4225,078122095,1
4226,068005644,1
4227,071612073,1
4228,045612136,1
4229,116610010,1
4230,066312118,1
4231,177850056,1
4232,093722093,1
4233,010612104,1
4234,075412060,1
4235,133330019,1
4236,053612357,1
4237,096410069,1
4238,060722042,1
4239,061212078,1
4240,124730015,1
4241,068005655,1
4242,170120032,1
4243,120510031,1
4244,188150019,1
4245,007622027,1
4246,045112043,1
4247,010321078,1
4248,119320022,1
4249,015722121,1
4250,149230034,1
4251,192220012,1
4252,053852232,1
4253,207810026,1
4254,066612084,1
4255,194450007,1
4256,002852345,1
4257,213230006,1
4258,221250003,1
4259,111340001,1
4260,191110021,1
4261,170210070,1
4262,025252167,1
4263,071622052,1
4264,015512201,1
4265,011332115,1
4266,225110025,1
4267,014512269,1
4268,139120032,1
4269,045222017,1
4270,084730007,1
4271,084632034,1
4272,031112017,1
4273,063412674,1
4274,146110024,1
4275,120120201,1
4276,094212066,1
4277,141510032,1
4278,080712024,1
4279,140210037,1
4280,200110003,1
4281,086850038,1
4282,209630013,1
4283,001511020,1
4284,110130008,1
4285,094232019,1
4286,053132202,1
4287,120810052,1
4288,084140008,1
4289,238220001,1
