,顧客ID,登録区分
0,000112093,HP
1,000121059,HP
2,000321123,店舗
5,000331001,店舗
6,000512107,HP
7,000651042,HP
8,000711087,HP
9,000741001,店舗
10,000751046,店舗
11,001110167,店舗
12,001120350,HP
13,001150376,店舗
14,001150435,店舗
16,001321014,HP
17,001511020,店舗
19,001730012,店舗
21,001811022,店舗
25,002110094,店舗
26,002112136,CC
28,002112528,店舗
29,002112548,CC
30,002112659,店舗
31,002112676,店舗
38,002120096,店舗
40,002120206,店舗
41,002121269,CC
43,002121295,HP
44,002122338,HP
45,002122348,店舗
48,002122370,HP
50,002122607,店舗
51,002122737,HP
52,002122857,HP
53,002123168,店舗
59,002123189,HP
60,002123192,店舗
64,002123228,店舗
65,002123261,HP
67,002123272,店舗
68,002123295,HP
70,002123297,HP
71,002123298,店舗
76,002123300,HP
78,002132352,HP
79,002132353,HP
84,002140012,店舗
86,002142134,店舗
87,002142152,店舗
88,002152059,店舗
89,002152833,HP
90,002152849,HP
91,002152923,店舗
93,002152955,HP
95,002153002,店舗
97,002153051,店舗
98,002153095,HP
100,002153138,店舗
101,002153166,店舗
102,002153173,HP
104,002153174,HP
106,002153175,HP
107,002153176,HP
108,002153177,HP
110,002212263,店舗
111,002212366,HP
114,002212894,HP
115,002212967,HP
117,002212971,店舗
119,002212976,HP
124,002212978,CC
127,002212979,HP
135,002212980,HP
136,002212981,HP
137,002220105,店舗
141,002222176,店舗
142,002222195,HP
144,002222375,HP
148,002222401,店舗
152,002232351,店舗
153,002232369,HP
154,002232383,店舗
155,002232386,HP
157,002232387,HP
162,002232388,HP
168,002242010,HP
169,002251012,店舗
171,002251240,店舗
173,002252268,HP
174,002252403,CC
175,002252531,HP
176,002252541,店舗
178,002252646,HP
179,002252703,店舗
180,002252708,店舗
185,002252709,CC
187,002311149,HP
188,002312096,店舗
189,002312793,店舗
190,002312794,HP
191,002312797,店舗
192,002312870,店舗
193,002312875,店舗
194,002312876,店舗
196,002312881,HP
199,002312894,HP
205,002312895,HP
210,002312897,HP
211,002321013,店舗
212,002322187,HP
213,002322335,店舗
214,002322538,店舗
216,002322551,店舗
219,002322599,店舗
220,002322604,店舗
221,002322615,HP
222,002322616,HP
223,002322621,店舗
224,002322625,HP
230,002322627,HP
236,002332270,HP
239,002332313,HP
241,002332460,店舗
245,002332530,HP
250,002342118,HP
251,002352031,店舗
252,002411247,HP
254,002411289,HP
255,002412649,店舗
259,002412885,店舗
260,002412928,店舗
261,002412940,店舗
263,002413004,店舗
264,002413091,HP
265,002413092,店舗
267,002413108,店舗
268,002413119,店舗
270,002413135,店舗
271,002432011,店舗
272,002432182,HP
273,002432208,HP
274,002451112,店舗
275,002452268,店舗
276,002512412,HP
280,002512488,店舗
281,002512657,HP
282,002512719,店舗
283,002512736,HP
290,002512737,店舗
291,002522238,店舗
292,002522243,店舗
298,002522244,HP
300,002522245,HP
307,002552115,HP
308,002552161,店舗
309,002610121,店舗
311,002612346,CC
312,002612568,店舗
314,002612583,店舗
315,002612606,HP
321,002612607,HP
322,002622078,店舗
323,002630057,HP
324,002631145,店舗
325,002631152,店舗
327,002632193,店舗
330,002632206,店舗
331,002632237,店舗
332,002632279,店舗
333,002632507,HP
336,002632517,店舗
339,002632518,店舗
340,002632519,HP
346,002652165,店舗
347,002652252,HP
352,002711224,店舗
353,002712524,HP
354,002722349,店舗
361,002722379,HP
362,002722424,店舗
363,002722451,店舗
364,002752182,店舗
365,002752219,店舗
368,002812133,店舗
369,002812166,店舗
370,002812277,店舗
371,002812718,HP
374,002812725,HP
375,002812738,店舗
378,002812739,HP
385,002812740,HP
391,002852169,店舗
394,002852345,店舗
395,002852368,店舗
401,002852369,HP
404,002912118,店舗
405,002912264,店舗
406,002912316,店舗
407,003112049,店舗
411,003122063,HP
414,003122077,店舗
415,003122083,店舗
416,003122090,店舗
417,003210149,店舗
418,003222027,HP
419,003222028,店舗
420,003332053,HP
422,003342015,HP
425,003412085,店舗
427,003452002,店舗
428,003452010,店舗
429,003512047,HP
431,003632034,HP
432,003712033,HP
433,003722051,HP
436,003812035,HP
438,003812036,HP
442,005111146,店舗
443,005141032,CC
444,005222012,HP
445,005332132,HP
446,005342037,店舗
447,005411031,店舗
449,005412116,HP
450,005511131,店舗
451,005522020,店舗
452,005522050,HP
453,005652029,店舗
454,005711086,店舗
457,006112072,HP
458,006112114,店舗
460,006112388,HP
463,006112396,店舗
464,006112433,店舗
466,006112434,HP
469,006112435,HP
471,006112436,HP
474,006121155,店舗
475,006122048,HP
479,006122292,店舗
480,006122540,CC
484,006122632,店舗
485,006122698,HP
486,006122735,HP
487,006122736,HP
488,006122762,店舗
491,006122763,HP
492,006122773,HP
493,006132191,店舗
494,006132195,HP
498,006141027,HP
499,006142101,HP
500,006152160,HP
501,006152189,店舗
503,006152195,店舗
505,006152221,HP
508,006152301,HP
509,006152313,店舗
510,006152332,CC
511,006152517,CC
513,006152550,HP
517,006152598,店舗
521,006152634,店舗
522,006152645,店舗
524,006152647,HP
525,006152658,店舗
527,006152667,店舗
528,006152668,HP
530,006152669,HP
531,006152670,HP
533,006152671,HP
537,006212125,店舗
541,006212360,HP
543,006212398,店舗
544,006212467,店舗
545,006212495,HP
546,006212514,店舗
548,006212579,店舗
549,006212589,店舗
551,006212590,HP
552,006222236,HP
554,006232219,店舗
556,006232244,店舗
557,006232260,店舗
558,006232262,HP
566,006232263,HP
570,006252378,店舗
572,006252382,HP
573,006252391,店舗
577,006312116,店舗
578,006312500,店舗
579,006312535,HP
582,006312559,店舗
584,006312570,HP
585,006322157,HP
586,006322190,HP
588,006322269,HP
589,006322270,HP
593,006322334,店舗
594,006322338,HP
597,006331012,HP
598,006332200,HP
599,006332288,HP
600,006332295,店舗
601,006342072,HP
603,006342084,HP
604,006412148,店舗
620,006412190,店舗
621,006412327,店舗
622,006412555,店舗
623,006412644,店舗
624,006412666,HP
625,006412670,店舗
626,006412675,HP
631,006412677,HP
633,006412678,HP
635,006422007,HP
636,006422044,HP
640,006432044,HP
641,006432132,HP
642,006452035,HP
643,006452136,HP
644,006452139,店舗
646,006512348,店舗
648,006512415,店舗
651,006522053,HP
652,006542018,店舗
654,006552073,HP
657,006612107,CC
658,006612335,店舗
660,006612343,HP
662,006612346,HP
664,006612356,HP
666,006621006,店舗
667,006622158,HP
668,006622170,店舗
669,006622194,HP
671,006631018,HP
672,006632263,店舗
673,006632266,店舗
675,006632274,店舗
678,006632289,HP
679,006632291,店舗
682,006632294,HP
683,006632296,店舗
684,006632298,HP
687,006632299,HP
690,006652135,HP
693,006652146,店舗
694,006652156,HP
698,006712061,店舗
700,006712073,HP
701,006712234,店舗
702,006722126,店舗
703,006722275,HP
708,006732117,店舗
709,006752152,HP
713,006811119,HP
715,006812142,HP
717,006812330,HP
718,006812417,HP
720,006812436,店舗
721,006812442,HP
724,006812445,店舗
725,006852180,HP
726,006852232,HP
727,006912130,HP
728,006912175,HP
729,006922021,HP
731,006991031,HP
733,007122101,HP
735,007132022,HP
737,007152034,HP
738,007152105,店舗
740,007152106,HP
742,007152107,HP
744,007212075,店舗
745,007212076,HP
747,007232028,HP
748,007232030,HP
750,007252061,店舗
755,007252062,HP
760,007332035,CC
761,007332040,HP
762,007512075,店舗
764,007622027,店舗
765,007632028,HP
772,007722036,HP
773,007752020,店舗
776,007812052,HP
777,007812053,HP
780,007812054,HP
782,007852032,店舗
784,007912024,HP
786,008511077,HP
787,009111022,店舗
789,009112196,HP
790,009121106,店舗
794,009122300,店舗
796,009122305,HP
797,009122352,店舗
798,009122365,HP
800,009132090,店舗
801,009152041,HP
804,009152287,HP
808,009152288,HP
810,009212167,HP
812,009212205,HP
814,009212273,HP
815,009232092,店舗
817,009251021,HP
818,009252084,店舗
819,009252149,店舗
820,009252182,HP
825,009252183,HP
826,009312200,店舗
827,009332109,店舗
828,009332119,HP
830,009412264,店舗
832,009432031,HP
833,009442018,CC
834,009451010,店舗
835,009452046,店舗
836,009522045,店舗
837,009551003,店舗
839,009552041,店舗
841,009622078,店舗
845,009712162,店舗
848,009722100,HP
850,009722108,HP
853,009912085,店舗
854,009912089,HP
855,009922014,HP
857,010112176,HP
861,010122267,店舗
862,010122291,HP
863,010212214,店舗
864,010221108,店舗
865,010312194,店舗
867,010312223,店舗
871,010321078,店舗
873,010342016,店舗
875,010412119,HP
877,010412249,店舗
879,010612104,店舗
880,010711001,店舗
881,010712115,店舗
882,010722089,店舗
884,010852087,店舗
885,010912073,店舗
886,011112194,HP
887,011122167,HP
888,011122345,店舗
889,011122349,CC
891,011122352,CC
892,011122359,店舗
894,011122360,HP
898,011152198,HP
899,011152276,店舗
900,011212243,店舗
901,011212247,HP
902,011212259,HP
907,011222077,HP
908,011232096,店舗
910,011252075,HP
911,011252154,店舗
912,011312019,店舗
913,011312218,HP
915,011322034,HP
916,011322099,HP
917,011322116,HP
918,011332112,店舗
919,011412285,店舗
920,011412288,HP
924,011432056,店舗
925,011512011,HP
926,011512028,HP
927,011512193,店舗
928,011512196,店舗
931,011612101,HP
932,011612131,店舗
933,011612133,店舗
935,011612135,HP
938,011632146,店舗
939,011632147,店舗
940,011712051,HP
941,011712140,店舗
943,011712147,HP
949,011732048,HP
954,011812053,HP
956,011812151,HP
957,011812160,店舗
958,011852086,HP
959,011922006,HP
961,012151053,店舗
962,012152146,HP
963,012412144,店舗
965,012512077,HP
967,012542009,店舗
968,012611018,店舗
969,012612073,店舗
970,012712077,HP
972,012722053,店舗
973,012812110,店舗
974,012812128,HP
975,014111048,店舗
976,014122257,店舗
978,014132111,店舗
979,014212302,店舗
980,014222079,店舗
981,014252067,HP
982,014312160,店舗
983,014332142,HP
984,014412382,HP
985,014412407,店舗
987,014512016,店舗
988,014512269,店舗
990,014512274,店舗
993,014512275,店舗
995,014611024,店舗
996,014611033,店舗
998,014722010,CC
1000,014722085,店舗
1001,014722182,店舗
1002,014751002,店舗
1003,014812035,店舗
1004,014912126,店舗
1005,015111000,HP
1007,015121015,店舗
1009,015122206,店舗
1011,015122213,店舗
1012,015122275,HP
1014,015132058,HP
1016,015142028,HP
1020,015142041,店舗
1021,015152214,店舗
1023,015212185,店舗
1024,015212190,店舗
1028,015212197,店舗
1029,015212217,HP
1032,015222116,店舗
1035,015232086,HP
1036,015251006,店舗
1038,015252184,店舗
1039,015312010,HP
1040,015312194,店舗
1042,015332099,店舗
1043,015332107,HP
1046,015411006,HP
1047,015412008,HP
1048,015412156,HP
1049,015512187,HP
1050,015512201,店舗
1053,015522058,HP
1054,015552029,HP
1055,015611002,HP
1056,015612119,店舗
1057,015612149,HP
1060,015632122,店舗
1062,015652035,HP
1063,015652040,HP
1065,015712160,HP
1066,015722121,店舗
1067,015752060,HP
1069,015811014,HP
1070,015812161,店舗
1071,015812163,HP
1072,015812167,店舗
1073,015852079,HP
1074,015912041,HP
1075,016111032,店舗
1076,016122232,HP
1078,016122376,HP
1080,016122474,HP
1085,016122475,HP
1090,016132106,店舗
1091,016142045,店舗
1092,016142067,店舗
1093,016152345,店舗
1094,016152368,店舗
1095,016152401,店舗
1096,016152456,HP
1099,016212159,HP
1100,016212325,店舗
1101,016212368,店舗
1104,016212370,店舗
1105,016322141,店舗
1106,016322200,店舗
1107,016322211,HP
1113,016322214,HP
1114,016342059,HP
1115,016422032,店舗
1116,016512230,店舗
1117,016512300,HP
1120,016552052,HP
1121,016612231,HP
1122,016612247,HP
1123,016622158,店舗
1124,016632184,HP
1125,016712187,店舗
1127,016732067,店舗
1128,016752075,店舗
1129,016812278,店舗
1131,016812295,HP
1132,016852103,店舗
1133,016852125,店舗
1134,016852145,店舗
1135,017152141,店舗
1136,017152147,HP
1138,017212090,HP
1140,017312088,店舗
1142,017412147,HP
1143,018151051,店舗
1144,018251019,HP
1145,018312041,店舗
1147,018622037,店舗
1148,018751007,店舗
1149,019312031,店舗
1150,019812133,HP
1154,020412105,HP
1156,021152060,HP
1157,021212128,店舗
1158,021311026,店舗
1159,021321017,HP
1160,021412174,店舗
1161,021812134,店舗
1162,022311017,HP
1163,022412060,店舗
1165,023132020,HP
1166,023132090,HP
1167,023212301,店舗
1168,023212334,店舗
1171,023222148,店舗
1172,023252112,HP
1173,023312222,HP
1174,023412415,店舗
1175,023412430,店舗
1176,023432056,HP
1177,023512234,HP
1179,023512313,店舗
1180,023612006,店舗
1182,023622103,HP
1183,023622129,HP
1185,023622152,店舗
1186,023652069,HP
1189,023711020,店舗
1190,023712128,HP
1191,023712276,店舗
1193,023812262,HP
1196,024652010,HP
1197,025122303,店舗
1198,025152055,店舗
1200,025152116,HP
1202,025152189,店舗
1204,025152203,店舗
1205,025152370,店舗
1207,025152380,店舗
1212,025222119,店舗
1214,025252167,店舗
1215,025322055,HP
1217,025412057,HP
1218,025412198,店舗
1219,025412315,店舗
1220,025432075,店舗
1221,025522046,店舗
1224,025632109,店舗
1227,025752024,店舗
1228,025812169,店舗
1230,025852013,店舗
1234,025852016,店舗
1235,025912124,店舗
1236,026452052,店舗
1238,026512135,HP
1239,026512154,店舗
1240,026552042,CC
1242,026552045,店舗
1243,026652043,HP
1244,027122107,HP
1247,028112051,店舗
1249,028132089,HP
1250,028152263,HP
1251,028152265,HP
1254,028152279,HP
1256,028152281,HP
1257,028212203,HP
1259,028232020,店舗
1260,028232022,店舗
1261,028232058,店舗
1262,028252051,店舗
1264,028252094,HP
1265,028312174,店舗
1266,028312184,HP
1270,028332027,店舗
1273,028332057,店舗
1274,028352018,HP
1275,028352019,HP
1277,028412257,HP
1279,028431000,店舗
1280,028612090,店舗
1281,028632107,HP
1283,028812154,店舗
1284,028852078,店舗
1285,028852080,店舗
1287,028922009,HP
1288,029112292,CC
1291,029122245,店舗
1295,029122294,HP
1296,029142041,HP
1297,029212070,店舗
1299,029212137,CC
1301,029212264,HP
1303,029222100,店舗
1304,029232087,店舗
1306,029239584,HP
1309,029252191,HP
1310,029312131,店舗
1311,029322150,HP
1316,029332139,店舗
1318,029352007,HP
1319,029515211,HP
1320,029542009,HP
1321,029612143,店舗
1323,029622062,HP
1325,029712133,店舗
1326,029712151,HP
1328,029722214,店舗
1329,029732067,店舗
1331,029852057,HP
1333,031112017,店舗
1338,031112028,HP
1339,031412041,HP
1341,032112209,HP
1346,032122317,HP
1347,032122318,店舗
1349,032132076,店舗
1350,032152221,HP
1351,032152225,店舗
1353,032152299,店舗
1360,032152306,店舗
1361,032212138,店舗
1363,032212265,HP
1365,032212284,店舗
1366,032212296,HP
1369,032222115,店舗
1370,032222117,HP
1376,032222118,店舗
1377,032252190,HP
1380,032252194,店舗
1381,032252196,HP
1385,032312138,店舗
1386,032312259,店舗
1389,032312278,HP
1391,032312284,店舗
1392,032322143,店舗
1393,032352026,HP
1395,032412105,店舗
1397,032412226,HP
1399,032412242,CC
1400,032412325,HP
1403,032512106,店舗
1405,032512241,店舗
1409,032512246,HP
1413,032552024,HP
1416,032552032,店舗
1417,032612033,店舗
1418,032612126,HP
1419,032612147,店舗
1420,032632114,店舗
1421,032632148,店舗
1422,032712036,店舗
1423,032712139,HP
1426,032712160,店舗
1430,032722124,店舗
1432,032812119,HP
1433,032812204,HP
1436,032832010,店舗
1438,032852118,HP
1443,032912086,店舗
1444,032912088,HP
1446,034122072,HP
1449,034122073,HP
1450,034312048,HP
1455,034552005,HP
1456,034552010,HP
1458,034812074,HP
1460,034912020,HP
1463,035112192,店舗
1466,035112197,店舗
1467,035122357,店舗
1469,035122411,HP
1471,035122433,店舗
1474,035132161,店舗
1477,035152126,店舗
1479,035152322,店舗
1480,035152349,店舗
1486,035152354,店舗
1488,035212101,店舗
1493,035212215,店舗
1494,035212283,店舗
1496,035212295,店舗
1497,035212312,HP
1499,035222088,HP
1501,035222125,HP
1503,035252192,店舗
1504,035252212,店舗
1506,035252216,HP
1511,035312208,店舗
1512,035312213,店舗
1515,035312214,店舗
1519,035322206,店舗
1520,035322210,店舗
1521,035322214,HP
1523,035332010,CC
1524,035412336,HP
1526,035412355,店舗
1527,035412372,店舗
1531,035412376,店舗
1532,035432083,店舗
1535,035452094,店舗
1536,035512315,HP
1537,035512316,HP
1541,035522092,店舗
1543,035612250,店舗
1545,035612253,店舗
1546,035612265,店舗
1550,035612268,HP
1553,035622137,HP
1554,035632184,店舗
1555,035632236,HP
1556,035652054,店舗
1557,035652059,店舗
1560,035712151,HP
1561,035712287,HP
1564,035712289,店舗
1566,035712290,HP
1568,035722007,HP
1569,035722173,店舗
1572,035722176,店舗
1573,035722191,店舗
1574,035812289,HP
1577,035812304,店舗
1581,035812309,店舗
1583,035852170,店舗
1584,035852183,店舗
1585,035852185,HP
1586,036112245,店舗
1588,036112247,店舗
1590,036122398,店舗
1591,036122479,店舗
1594,036122570,店舗
1595,036122580,店舗
1596,036132131,HP
1601,036142042,HP
1604,036152472,店舗
1606,036212048,HP
1607,036212128,店舗
1608,036222170,店舗
1609,036232144,店舗
1610,036232173,HP
1613,036312347,店舗
1614,036322038,HP
1615,036322150,HP
1616,036322168,店舗
1618,036332219,HP
1620,036412369,HP
1622,036442008,店舗
1624,036512216,店舗
1625,036522052,店舗
1627,036542033,店舗
1629,036612120,店舗
1630,036622083,店舗
1633,036622088,店舗
1634,036622105,HP
1635,036632109,店舗
1636,036632132,店舗
1640,036632142,店舗
1641,036632149,店舗
1645,036712181,店舗
1647,036712187,店舗
1648,036722153,HP
1652,036732014,店舗
1653,036732049,店舗
1656,036812210,店舗
1659,036812266,店舗
1660,036812276,店舗
1661,036852155,店舗
1662,036912118,店舗
1664,037112229,HP
1665,037122094,店舗
1666,037122252,HP
1667,037122481,HP
1669,037122494,HP
1673,037122495,HP
1675,037122496,店舗
1677,037132166,HP
1678,037142047,HP
1679,037142074,HP
1683,037152043,HP
1686,037152362,HP
1687,037152394,HP
1688,037152395,HP
1693,037212287,HP
1694,037212326,店舗
1695,037212371,店舗
1697,037212379,HP
1699,037212380,HP
1702,037212381,HP
1705,037212382,HP
1707,037222064,HP
1709,037222119,HP
1710,037232174,HP
1711,037232180,HP
1717,037240003,HP
1718,037252024,HP
1719,037252202,HP
1720,037252219,店舗
1721,037252220,CC
1727,037252222,HP
1730,037252223,HP
1731,037252225,HP
1732,037312102,店舗
1734,037312261,店舗
1735,037312263,店舗
1737,037312264,HP
1738,037312268,HP
1743,037322098,店舗
1744,037322187,HP
1745,037322234,HP
1746,037332076,CC
1747,037332110,HP
1748,037342032,店舗
1750,037412336,HP
1751,037412472,店舗
1753,037452111,店舗
1754,037452116,HP
1760,037512356,HP
1762,037512363,店舗
1768,037512364,HP
1771,037512366,HP
1774,037522060,店舗
1776,037612201,HP
1781,037612289,店舗
1784,037612291,HP
1788,037622085,HP
1789,037622197,HP
1791,037632264,HP
1793,037632283,店舗
1795,037632285,店舗
1798,037632286,HP
1802,037652083,HP
1807,037712348,店舗
1810,037712364,店舗
1811,037722036,HP
1814,037722162,HP
1816,037722193,HP
1818,037722223,HP
1821,037752113,店舗
1823,037812338,HP
1826,037812339,HP
1829,037812340,HP
1833,037812342,HP
1835,037852178,HP
1836,037852188,店舗
1840,037852190,HP
1842,037912094,HP
1845,038112165,HP
1846,038112292,HP
1848,038122056,HP
1852,038122447,HP
1853,038122464,HP
1854,038122465,HP
1855,038152182,HP
1856,038152257,店舗
1857,038152458,HP
1859,038152459,HP
1860,038152460,HP
1863,038152462,HP
1864,038212162,HP
1866,038212241,店舗
1867,038212353,店舗
1868,038212356,HP
1871,038222156,HP
1872,038222165,HP
1873,038222166,HP
1874,038232074,HP
1875,038232131,店舗
1876,038312306,HP
1878,038312332,HP
1879,038312333,HP
1880,038312334,店舗
1881,038322057,HP
1882,038322198,店舗
1883,038322218,HP
1885,038332200,HP
1888,038332202,HP
1890,038342029,CC
1892,038412429,HP
1893,038412441,HP
1895,038412442,HP
1897,038422032,HP
1900,038512293,HP
1903,038522047,CC
1904,038552055,HP
1905,038612102,店舗
1906,038612200,HP
1908,038612237,HP
1909,038632142,HP
1910,038632186,CC
1912,038632190,店舗
1914,038642006,店舗
1915,038652081,HP
1916,038712150,店舗
1918,038722183,HP
1919,038732072,店舗
1920,038732074,HP
1921,038812024,店舗
1924,038812272,店舗
1925,038812289,店舗
1926,038912096,店舗
1927,038912098,HP
1931,038912099,HP
1933,039112075,店舗
1934,039122064,店舗
1935,039122146,店舗
1936,039152023,店舗
1937,039152121,店舗
1939,039152125,店舗
1940,039152139,店舗
1945,039212097,店舗
1946,039212111,店舗
1949,039252079,店舗
1953,039252081,店舗
1957,039312062,HP
1958,039312101,店舗
1959,039412094,HP
1960,039432023,店舗
1961,039432036,店舗
1964,039512061,店舗
1965,039612071,店舗
1966,039622005,HP
1967,039622037,HP
1969,039722049,HP
1971,040122266,店舗
1973,040132109,店舗
1975,040132111,HP
1976,040152277,HP
1978,040222047,店舗
1983,040322125,店舗
1986,040512187,HP
1988,040512189,HP
1989,040612125,店舗
1990,040622068,HP
1991,040712153,店舗
1992,040722016,CC
1994,040852086,店舗
1997,041222016,店舗
2002,041432012,店舗
2003,042122036,店舗
2004,042332012,HP
2006,042432025,HP
2007,042452011,店舗
2009,042812075,HP
2010,043132010,HP
2012,043132034,店舗
2013,043142019,店舗
2014,043152122,店舗
2016,043152137,店舗
2020,043212095,HP
2024,043212102,HP
2025,043312089,CC
2026,043332042,HP
2029,043332052,店舗
2032,043432021,HP
2033,043512057,HP
2035,043512097,HP
2040,043522030,HP
2041,043612059,HP
2045,043622028,店舗
2046,043632041,HP
2047,043632057,HP
2049,043912028,店舗
2053,044222005,HP
2054,044232094,HP
2055,044252063,店舗
2056,044252070,HP
2057,044252071,HP
2058,044252072,HP
2061,044312069,HP
2064,044312090,HP
2065,044522035,HP
2066,044552022,HP
2068,044632065,店舗
2070,044732009,CC
2072,044752036,店舗
2073,044812085,店舗
2075,044912041,HP
2078,045112010,HP
2079,045112043,店舗
2080,045112185,HP
2083,045112186,店舗
2084,045112187,店舗
2086,045122095,HP
2087,045122226,店舗
2088,045122321,店舗
2089,045132018,HP
2090,045152111,店舗
2091,045152253,店舗
2092,045152269,HP
2093,045152270,店舗
2095,045152298,HP
2096,045212078,店舗
2097,045212133,店舗
2099,045222017,店舗
2100,045222075,店舗
2101,045252172,HP
2102,045252179,店舗
2104,045312051,店舗
2105,045312184,HP
2106,045312245,HP
2108,045322022,HP
2109,045322136,店舗
2110,045322142,店舗
2111,045412012,店舗
2112,045412179,HP
2113,045412260,店舗
2114,045412273,店舗
2117,045452057,店舗
2118,045452062,HP
2120,045452063,店舗
2121,045512079,店舗
2123,045612049,HP
2125,045612132,店舗
2126,045612136,店舗
2129,045632122,HP
2132,045652045,HP
2135,045722006,店舗
2136,045722021,店舗
2137,045722139,店舗
2139,045722150,HP
2141,045732016,店舗
2142,045732052,HP
2143,045752080,店舗
2144,045812055,HP
2145,045812089,HP
2146,045832002,HP
2148,045852088,店舗
2149,045912065,HP
2151,046812021,店舗
2152,047152081,店舗
2154,047312044,HP
2158,047412079,HP
2159,047722026,HP
2160,050852023,店舗
2161,053112141,HP
2162,053112452,HP
2164,053122629,店舗
2165,053122650,店舗
2166,053122752,店舗
2167,053122754,店舗
2169,053122782,店舗
2171,053122783,店舗
2172,053122787,店舗
2177,053122788,HP
2182,053122789,店舗
2187,053122790,HP
2188,053122791,HP
2190,053132178,店舗
2191,053132224,HP
2192,053132225,HP
2196,053132226,HP
2202,053142017,HP
2203,053152082,店舗
2204,053152225,店舗
2205,053152438,店舗
2206,053152704,店舗
2207,053152729,店舗
2208,053152732,HP
2214,053152734,HP
2220,053212139,店舗
2223,053212178,店舗
2225,053212478,HP
2229,053212533,店舗
2230,053212585,店舗
2232,053212593,HP
2233,053212608,店舗
2237,053212614,店舗
2239,053212645,店舗
2242,053212653,HP
2248,053212654,HP
2250,053222091,店舗
2251,053222188,店舗
2253,053222267,HP
2254,053232103,HP
2255,053252474,店舗
2257,053312041,HP
2258,053312310,店舗
2259,053312572,店舗
2263,053312574,HP
2266,053322379,HP
2272,053332197,HP
2275,053332341,HP
2281,053332342,HP
2284,053342050,店舗
2286,053342103,HP
2293,053412558,HP
2294,053412622,店舗
2295,053412736,店舗
2296,053412745,HP
2297,053412746,HP
2299,053412747,HP
2303,053412748,HP
2304,053432164,店舗
2306,053432174,店舗
2309,053452149,店舗
2311,053452158,HP
2313,053512425,店舗
2317,053512486,HP
2318,053522075,店舗
2320,053522078,店舗
2321,053522142,店舗
2323,053552026,HP
2325,053552082,HP
2327,053552102,店舗
2328,053612355,店舗
2330,053612357,店舗
2332,053622007,店舗
2333,053622212,HP
2335,053622216,CC
2339,053632245,店舗
2340,053632266,店舗
2342,053632308,HP
2343,053632315,HP
2345,053652170,店舗
2347,053712130,店舗
2348,053712251,HP
2349,053712304,HP
2352,053712332,HP
2356,053712382,店舗
2358,053712391,HP
2359,053712392,HP
2364,053712394,HP
2371,053722100,HP
2372,053722194,店舗
2374,053722229,店舗
2376,053722326,HP
2381,053722329,HP
2393,053732032,店舗
2394,053732089,店舗
2395,053732099,店舗
2396,053752184,店舗
2403,053812318,HP
2404,053812382,HP
2405,053812400,HP
2406,053812408,HP
2407,053812411,店舗
2408,053812452,店舗
2409,053812455,HP
2414,053852232,店舗
2415,053852246,HP
2420,053912194,CC
2421,054112072,店舗
2422,054132060,店舗
2423,054332041,店舗
2424,054332042,HP
2427,054432026,HP
2428,054512173,店舗
2430,054512183,店舗
2431,054522036,CC
2433,054612142,店舗
2434,054712083,HP
2435,054722100,店舗
2436,054752059,HP
2437,055112156,店舗
2438,055132027,HP
2439,055152257,店舗
2442,055212195,HP
2444,055232033,HP
2445,055232040,HP
2446,055242002,店舗
2448,055312217,HP
2449,055322064,店舗
2451,055412246,店舗
2453,055432049,HP
2454,055432051,HP
2457,055452049,HP
2458,055512064,CC
2459,055552026,店舗
2461,055612133,店舗
2462,055632114,店舗
2463,055652048,HP
2464,055712094,HP
2465,055722088,店舗
2466,055752030,店舗
2469,055852091,HP
2470,056152086,店舗
2471,056212023,店舗
2473,056212065,HP
2476,056212069,店舗
2478,056312029,HP
2479,056350005,HP
2480,056612022,店舗
2482,056652019,HP
2484,056712009,店舗
2485,056712037,店舗
2486,056830002,HP
2487,057112020,HP
2489,057112063,HP
2490,057122124,店舗
2491,057132025,店舗
2493,057212057,HP
2496,057212072,HP
2497,057232050,店舗
2498,057312163,HP
2500,057312179,HP
2501,057322076,店舗
2502,057332034,HP
2503,057612055,HP
2504,057732028,店舗
2505,057912038,HP
2506,058152033,店舗
2507,058222018,店舗
2510,058232008,HP
2511,058322017,店舗
2512,058632027,HP
2514,058812014,店舗
2515,058852019,HP
2516,060112062,CC
2518,060112115,HP
2520,060122106,HP
2521,060122157,HP
2523,060122162,店舗
2524,060122173,HP
2525,060122184,HP
2527,060122185,HP
2530,060132048,HP
2532,060152039,店舗
2533,060152133,HP
2534,060152134,HP
2536,060212122,店舗
2541,060222039,HP
2542,060232045,HP
2544,060252093,HP
2545,060252094,HP
2548,060312119,店舗
2552,060312121,HP
2554,060312122,HP
2556,060332065,HP
2559,060342028,HP
2561,060412068,店舗
2562,060412111,店舗
2563,060412156,店舗
2564,060412165,HP
2565,060512091,HP
2567,060552015,HP
2570,060552020,HP
2571,060612067,店舗
2572,060612068,HP
2576,060622014,店舗
2577,060622043,HP
2579,060722010,HP
2583,060752018,店舗
2584,060752032,HP
2586,060752033,HP
2588,060752034,HP
2590,060812097,HP
2592,060812099,HP
2593,060852048,HP
2594,061122089,HP
2597,061122093,店舗
2598,061152080,HP
2600,061212076,HP
2603,061312055,HP
2604,061322040,CC
2606,061322042,CC
2608,061512027,店舗
2609,061652032,HP
2613,061722026,HP
2614,061812053,HP
2615,062122138,店舗
2616,062122141,店舗
2617,062252053,店舗
2619,062312080,HP
2621,062322051,HP
2623,062322058,店舗
2624,062412149,店舗
2625,062412157,HP
2626,062612085,店舗
2627,062622095,HP
2630,062652022,店舗
2635,062722065,店舗
2637,063112102,HP
2638,063112144,HP
2639,063112223,HP
2641,063112247,CC
2642,063112249,HP
2643,063112286,HP
2644,063112313,HP
2646,063112314,HP
2653,063122037,店舗
2654,063122547,店舗
2655,063122550,HP
2656,063122570,店舗
2657,063122585,店舗
2660,063122588,HP
2664,063122598,HP
2665,063122602,HP
2666,063122604,CC
2671,063122608,HP
2673,063122609,店舗
2675,063122610,HP
2678,063122612,HP
2684,063132181,店舗
2687,063132224,店舗
2689,063142022,店舗
2690,063152033,店舗
2692,063152165,店舗
2693,063152420,店舗
2694,063152478,店舗
2695,063152533,HP
2697,063152575,HP
2699,063152577,店舗
2701,063152610,HP
2703,063152614,HP
2705,063152619,HP
2708,063152620,HP
2710,063212426,HP
2712,063212447,店舗
2713,063212465,HP
2715,063212475,店舗
2717,063212479,HP
2720,063212481,HP
2726,063222176,店舗
2728,063222293,店舗
2729,063222302,HP
2731,063222303,HP
2735,063232067,HP
2737,063232202,店舗
2739,063232207,HP
2743,063252198,HP
2744,063252272,店舗
2745,063252274,店舗
2746,063252309,HP
2748,063252323,店舗
2750,063252324,HP
2754,063312213,店舗
2755,063312320,HP
2756,063312324,店舗
2757,063312346,HP
2759,063322120,店舗
2760,063322297,店舗
2761,063322307,HP
2765,063332120,HP
2766,063332146,店舗
2768,063332178,HP
2769,063332182,店舗
2771,063342050,HP
2772,063412199,HP
2773,063412255,CC
2776,063412481,店舗
2777,063412560,店舗
2778,063412633,HP
2780,063412674,店舗
2781,063412691,店舗
2783,063412697,店舗
2786,063412701,HP
2787,063412702,店舗
2791,063422017,HP
2793,063422034,店舗
2795,063432130,HP
2797,063452157,店舗
2798,063452171,HP
2803,063512062,HP
2804,063512288,店舗
2805,063512389,店舗
2806,063512395,HP
2808,063512464,HP
2809,063512469,HP
2811,063512493,店舗
2812,063512501,HP
2814,063512512,店舗
2820,063512513,店舗
2821,063522099,店舗
2822,063522222,HP
2826,063522224,HP
2827,063522225,店舗
2829,063522226,HP
2835,063522227,HP
2840,063522228,HP
2844,063522229,HP
2846,063532008,HP
2847,063542012,店舗
2848,063612154,店舗
2849,063612201,HP
2850,063612366,HP
2851,063612369,HP
2854,063612374,店舗
2856,063612376,店舗
2857,063612378,HP
2862,063622129,HP
2864,063622215,HP
2866,063622219,店舗
2867,063622220,店舗
2869,063622222,CC
2871,063622224,店舗
2877,063622230,HP
2879,063632099,店舗
2880,063632272,店舗
2881,063632314,HP
2883,063632330,店舗
2885,063632334,HP
2887,063632343,店舗
2888,063632347,店舗
2889,063632358,店舗
2890,063652067,HP
2891,063652098,HP
2892,063712255,HP
2893,063712407,HP
2895,063712419,店舗
2897,063712428,店舗
2899,063712432,店舗
2900,063712436,店舗
2902,063712442,HP
2904,063712444,店舗
2905,063722132,店舗
2906,063722255,店舗
2907,063722298,店舗
2909,063722314,店舗
2913,063722315,HP
2918,063722316,店舗
2921,063722317,店舗
2923,063722318,HP
2927,063752164,店舗
2930,063752166,店舗
2933,063812201,店舗
2935,063812442,HP
2936,063812456,HP
2937,063812491,店舗
2939,063812493,HP
2942,063812497,店舗
2943,063812498,HP
2947,063812501,HP
2950,063852033,店舗
2951,063852215,CC
2954,063852229,店舗
2955,063912112,CC
2959,064452006,店舗
2960,065152007,店舗
2961,065212056,店舗
2964,065312078,HP
2965,065332031,HP
2967,065412067,店舗
2971,065412068,HP
2972,065522011,CC
2973,065852024,店舗
2974,066112129,CC
2975,066122134,店舗
2976,066122158,店舗
2978,066122191,店舗
2979,066122196,店舗
2982,066152136,店舗
2983,066152200,店舗
2985,066152207,HP
2987,066212108,HP
2989,066212110,HP
2990,066212111,店舗
3004,066212137,HP
3005,066252123,店舗
3007,066312118,店舗
3009,066322094,店舗
3010,066322098,店舗
3011,066322100,店舗
3014,066322102,店舗
3022,066322106,HP
3025,066332052,HP
3030,066412093,店舗
3032,066512114,HP
3033,066512130,HP
3036,066612084,店舗
3037,066622060,店舗
3039,066632077,店舗
3042,066632101,店舗
3046,066652041,HP
3047,066722081,HP
3049,066722086,HP
3050,066752049,店舗
3051,066812111,HP
3052,066812115,店舗
3053,066912072,店舗
3054,067122051,HP
3055,067152064,店舗
3056,067412096,HP
3057,068003737,HP
3059,068004140,HP
3061,068004360,店舗
3062,068004900,HP
3063,068005408,店舗
3064,068005502,HP
3066,068005531,HP
3068,068005553,店舗
3071,068005573,店舗
3072,068005584,店舗
3074,068005615,HP
3076,068005619,店舗
3080,068005637,店舗
3081,068005654,HP
3082,068005655,店舗
3083,068005666,店舗
3087,068005671,店舗
3089,068005672,店舗
3093,068005673,店舗
3097,068005684,HP
3099,068005690,店舗
3100,068005698,CC
3103,068005706,HP
3104,068005707,CC
3107,068005709,店舗
3111,068005712,HP
3112,069222029,店舗
3113,069322010,HP
3115,069322014,HP
3117,069412115,店舗
3119,069612026,店舗
3120,069722036,HP
3121,069812067,HP
3122,069812096,店舗
3125,069830002,HP
3127,070112038,HP
3130,070112113,店舗
3135,070122032,店舗
3136,070122049,HP
3137,070122106,店舗
3139,070132011,店舗
3140,070152087,店舗
3142,070212156,店舗
3144,070232048,HP
3145,070312141,店舗
3150,070322031,店舗
3151,070332011,店舗
3152,070332037,HP
3153,070332075,店舗
3154,070412183,店舗
3157,070512008,店舗
3159,070512067,店舗
3160,070612092,店舗
3164,070712118,店舗
3167,070752041,店舗
3169,070812054,店舗
3170,071112010,店舗
3171,071122167,HP
3172,071152069,店舗
3173,071152150,店舗
3179,071152152,店舗
3183,071152153,店舗
3185,071212090,店舗
3186,071212153,店舗
3188,071212157,HP
3190,071222042,HP
3192,071252085,HP
3197,071412052,店舗
3198,071412063,店舗
3201,071412105,店舗
3202,071412120,HP
3204,071412127,HP
3206,071512122,HP
3208,071512125,HP
3209,071552031,HP
3212,071612073,店舗
3214,071612077,HP
3219,071612079,店舗
3221,071622054,HP
3226,071652007,店舗
3228,071712030,CC
3230,071712065,店舗
3231,071722041,店舗
3232,071722063,HP
3233,071752023,HP
3238,071812103,店舗
3241,071852027,HP
3242,072112051,HP
3246,072122120,HP
3248,072122134,HP
3250,072122136,HP
3252,072142027,店舗
3253,072142030,HP
3254,072152009,店舗
3255,072212011,店舗
3256,072212082,HP
3257,072212085,HP
3258,072212090,店舗
3262,072252068,HP
3265,072252069,HP
3267,072332060,店舗
3268,072412071,HP
3272,072412091,店舗
3273,072512055,店舗
3275,072522018,CC
3278,072632020,店舗
3279,072732013,店舗
3281,072752020,店舗
3282,072752039,HP
3283,072752042,店舗
3284,072912062,HP
3286,073112078,HP
3287,073122100,店舗
3292,073122108,HP
3293,073122111,店舗
3295,073122114,HP
3297,073152102,HP
3300,073152103,HP
3301,073222010,店舗
3302,073222043,HP
3303,073252068,店舗
3306,073252069,HP
3307,073352010,HP
3308,073412113,HP
3309,073552024,HP
3310,073622007,店舗
3312,073712025,店舗
3313,073852020,HP
3314,073852035,店舗
3315,075112061,HP
3316,075122114,店舗
3317,075152061,店舗
3318,075152077,店舗
3319,075222033,店舗
3323,075222034,店舗
3324,075252039,HP
3325,075322009,店舗
3326,075412060,店舗
3327,075442011,店舗
3328,075732021,店舗
3329,075852037,店舗
3330,075852039,CC
3331,076112050,店舗
3333,076122102,店舗
3334,076132041,店舗
3335,076212048,店舗
3336,076222017,店舗
3337,076312056,HP
3338,076522038,HP
3339,076612028,HP
3340,076612033,店舗
3341,076712020,店舗
3351,077142022,HP
3353,077722083,HP
3355,078112010,HP
3357,078112074,店舗
3358,078122095,店舗
3361,078132049,HP
3363,078132050,HP
3365,078212150,店舗
3366,078222035,CC
3368,078322027,店舗
3370,078322056,店舗
3372,078332048,店舗
3373,078412107,店舗
3374,078412138,HP
3375,078512074,HP
3376,078522050,店舗
3377,078612086,HP
3378,078622043,店舗
3379,078622044,店舗
3380,078632067,店舗
3381,078812051,HP
3383,080212066,HP
3384,080312062,店舗
3385,080712024,店舗
3386,081112052,店舗
3387,081252047,店舗
3388,081852007,HP
3391,082112021,店舗
3392,082142016,店舗
3393,082212096,HP
3394,082312066,店舗
3395,082312100,店舗
3396,082412072,店舗
3397,082522030,HP
3398,082552016,HP
3400,082622033,HP
3402,082632035,HP
3403,082912004,HP
3404,082912024,店舗
3405,083112067,店舗
3407,083132026,HP
3411,083152100,店舗
3412,083222072,店舗
3417,083322075,CC
3418,083322078,HP
3421,083512120,店舗
3423,083512121,HP
3424,083512125,店舗
3425,083612060,店舗
3426,083612077,店舗
3428,083612079,店舗
3429,083712074,店舗
3430,083722017,HP
3431,083812114,店舗
3434,083912021,店舗
3435,084122034,店舗
3436,084122071,店舗
3443,084132013,店舗
3445,084132022,店舗
3446,084152021,店舗
3447,084152043,店舗
3449,084152046,店舗
3450,084212031,店舗
3451,084212063,店舗
3453,084212064,HP
3457,084252050,店舗
3458,084252052,店舗
3460,084252054,HP
3461,084322048,店舗
3463,084440003,店舗
3464,084440007,店舗
3465,084440008,HP
3470,084452022,店舗
3471,084512016,店舗
3472,084512056,店舗
3473,084512072,CC
3474,084522040,店舗
3475,084612018,店舗
3476,084622027,HP
3478,084632034,店舗
3479,084730007,店舗
3480,084752010,店舗
3481,084752014,店舗
3482,084812062,HP
3488,084912009,店舗
3489,085110020,店舗
3492,085110050,CC
3497,085120104,HP
3498,085150086,店舗
3499,085150112,店舗
3500,085210035,店舗
3503,085210113,店舗
3504,085220042,店舗
3506,085220054,店舗
3507,085230040,店舗
3508,085250063,HP
3510,085250064,CC
3516,085310042,店舗
3519,085310068,店舗
3520,085310073,店舗
3521,085330004,店舗
3522,085430029,店舗
3523,085440011,HP
3524,085450010,店舗
3526,085520032,店舗
3529,085610010,店舗
3530,085610067,店舗
3531,085620058,HP
3537,085630001,店舗
3540,085630069,店舗
3541,085710065,店舗
3543,085710088,店舗
3544,085720022,店舗
3545,085730023,HP
3551,085750046,HP
3552,085810012,店舗
3553,085810020,店舗
3554,085810070,店舗
3556,085850048,店舗
3557,085850050,店舗
3558,086110048,店舗
3562,086120007,店舗
3563,086120018,店舗
3564,086120047,店舗
3566,086120092,店舗
3567,086120099,店舗
3568,086150047,店舗
3569,086210007,店舗
3570,086230021,HP
3571,086250010,店舗
3572,086250024,店舗
3576,086250029,店舗
3577,086310004,店舗
3578,086310006,店舗
3579,086320018,店舗
3581,086330001,店舗
3583,086330013,店舗
3584,086410083,店舗
3586,086410107,店舗
3587,086410108,店舗
3588,086450017,HP
3589,086510050,店舗
3590,086510054,店舗
3591,086510059,店舗
3592,086510062,店舗
3596,086510063,HP
3601,086520016,店舗
3602,086630007,店舗
3604,086630067,店舗
3606,086650012,店舗
3608,086710025,店舗
3609,086710032,店舗
3610,086710058,店舗
3611,086710065,店舗
3612,086710067,店舗
3613,086810015,店舗
3614,086810024,店舗
3615,086810065,店舗
3616,086810097,店舗
3617,086810110,HP
3621,086810111,店舗
3625,086850052,店舗
3626,086850054,店舗
3629,087212125,店舗
3630,087212140,HP
3631,087322026,店舗
3632,087322072,HP
3633,087342009,HP
3634,087412075,店舗
3635,087452035,HP
3637,087512045,HP
3638,087522039,店舗
3641,087722045,HP
3642,088112034,HP
3645,088152022,HP
3647,088152065,HP
3648,088212044,HP
3649,088220018,HP
3651,088350002,店舗
3652,088420003,HP
3653,088522005,店舗
3659,088612028,HP
3660,088912004,店舗
3661,089110010,店舗
3662,089120084,HP
3664,089150026,HP
3665,089150054,HP
3668,089230034,HP
3669,089310040,店舗
3670,089320040,店舗
3671,089320043,HP
3673,089410084,HP
3674,089410087,店舗
3676,089430029,HP
3680,089510064,HP
3682,089610017,店舗
3684,089610040,HP
3685,089610049,HP
3687,089620027,店舗
3689,089630035,HP
3691,089710065,HP
3693,089850001,店舗
3696,090110050,HP
3698,090120113,HP
3699,090120123,店舗
3700,090120125,HP
3705,090120126,店舗
3709,090150095,HP
3712,090210015,HP
3713,090210136,店舗
3714,090250064,店舗
3715,090320037,店舗
3716,090330027,店舗
3717,090330070,店舗
3718,090450015,店舗
3720,090450017,HP
3721,090510060,店舗
3722,090550013,店舗
3723,090550021,HP
3724,090620035,HP
3725,090620036,HP
3730,090710058,店舗
3732,090720043,店舗
3733,090810055,HP
3734,090810066,HP
3735,092152082,店舗
3736,092252035,店舗
3738,092350007,店舗
3739,092432002,店舗
3740,092452016,店舗
3743,092512062,店舗
3746,092712067,店舗
3747,092722036,店舗
3748,093122194,店舗
3749,093122216,HP
3751,093152150,店舗
3754,093222092,店舗
3755,093222093,店舗
3760,093222094,店舗
3762,093322063,HP
3764,093412164,店舗
3765,093412186,HP
3766,093412212,HP
3767,093412219,店舗
3768,093512144,店舗
3770,093522037,店舗
3771,093612081,店舗
3772,093612111,店舗
3773,093632121,店舗
3774,093632123,店舗
3775,093712038,店舗
3776,093712105,HP
3779,093722093,店舗
3780,093732021,店舗
3781,093752047,HP
3783,093852065,HP
3784,094122063,店舗
3785,094130027,HP
3788,094152055,店舗
3790,094152056,店舗
3792,094152061,店舗
3795,094212066,店舗
3796,094212075,HP
3798,094232019,店舗
3801,094322040,店舗
3805,094350001,店舗
3806,094412054,店舗
3808,094452004,HP
3809,094452017,店舗
3810,094512042,店舗
3811,094622027,店舗
3812,094632014,店舗
3813,094632032,店舗
3814,095250008,店舗
3815,095510032,店舗
3818,095610068,HP
3819,095610069,HP
3821,095650014,店舗
3822,095720007,店舗
3823,095810028,店舗
3827,096120027,店舗
3828,096120042,店舗
3829,096120049,店舗
3830,096120074,店舗
3832,096130019,店舗
3833,096140007,HP
3834,096150017,店舗
3835,096150053,店舗
3836,096150054,店舗
3837,096220026,店舗
3838,096230025,HP
3839,096310035,店舗
3840,096310064,HP
3841,096310066,HP
3842,096310067,HP
3844,096410010,店舗
3845,096410069,店舗
3846,096410072,店舗
3849,096430001,HP
3851,096510044,店舗
3852,096620004,店舗
3853,096620022,HP
3855,096720001,店舗
3856,096720018,CC
3858,096850028,店舗
3859,096850032,HP
3860,097110005,HP
3861,097130002,HP
3864,097150007,HP
3865,097750003,HP
3866,098152044,HP
3867,098152045,HP
3869,098812024,店舗
3874,099110063,店舗
3875,099110065,店舗
3880,099120061,店舗
3881,099120177,店舗
3885,099120179,HP
3888,099150055,店舗
3889,099220026,店舗
3890,099310013,店舗
3892,099310143,店舗
3894,099310146,HP
3896,099330062,店舗
3897,099330084,HP
3898,099410018,店舗
3899,099430024,HP
3900,099610047,HP
3904,099610050,店舗
3910,099620029,店舗
3911,099630021,店舗
3913,099630046,店舗
3914,099650011,店舗
3919,099720005,店舗
3921,099720043,HP
3922,099750004,店舗
3923,099750036,HP
3924,100720012,HP
3925,101110050,店舗
3929,101120011,店舗
3930,101120078,店舗
3933,101150075,CC
3934,101250049,店舗
3935,101250054,CC
3937,101250057,HP
3939,101310047,店舗
3940,101310070,店舗
3941,101320031,店舗
3942,101410031,店舗
3943,101510004,店舗
3944,101540004,店舗
3946,101630021,店舗
3947,102140004,店舗
3948,102210028,店舗
3950,102210068,店舗
3951,102250008,店舗
3952,102310030,店舗
3953,102330003,店舗
3954,102410055,店舗
3955,102410057,店舗
3956,102410058,店舗
3957,102410059,HP
3959,102440002,店舗
3960,102510017,店舗
3962,102510038,店舗
3963,102510063,店舗
3965,102550010,店舗
3967,102710030,店舗
3968,102720011,店舗
3969,102810023,店舗
3970,102810049,店舗
3972,102850013,店舗
3973,104150286,店舗
3977,104410075,店舗
3979,104510039,HP
3981,104710127,HP
3982,104730024,HP
3984,108140003,店舗
3988,108150001,店舗
3991,108150037,HP
3992,108250022,店舗
3993,108310018,HP
3994,108410069,店舗
3997,108610010,店舗
3999,108630017,店舗
4001,108710020,店舗
4002,108810007,店舗
4003,109110062,店舗
4004,109130019,HP
4006,109230052,店舗
4007,109310083,HP
4011,109330041,HP
4015,109410137,店舗
4017,109510135,店舗
4018,109620063,店舗
4020,109750050,CC
4021,110120047,店舗
4024,110130008,店舗
4025,110220002,店舗
4026,111110024,店舗
4027,111120006,店舗
4028,111120034,店舗
4029,111130008,店舗
4031,111130010,店舗
4032,111130013,店舗
4033,111130014,HP
4037,111230002,店舗
4038,111230018,店舗
4040,111310042,HP
4044,111340001,店舗
4045,111410012,店舗
4046,111410024,店舗
4047,111520008,店舗
4048,111630014,店舗
4050,111710020,店舗
4054,111810011,店舗
4055,111910012,店舗
4056,112120038,HP
4058,112210001,店舗
4059,112220021,店舗
4060,112250024,HP
4061,112330013,HP
4063,112410042,店舗
4064,112410054,店舗
4067,112710027,店舗
4068,113110026,HP
4069,113120002,HP
4071,113250039,店舗
4072,113250040,HP
4073,113410002,店舗
4074,113630018,店舗
4075,113630020,店舗
4076,116110005,店舗
4077,116210019,店舗
4078,116710007,店舗
4079,117110002,HP
4080,117150050,HP
4081,117430015,HP
4083,117450011,HP
4084,117510017,店舗
4087,119110083,HP
4089,119110090,店舗
4090,119130042,店舗
4091,119140006,店舗
4092,119150150,HP
4093,119150173,店舗
4097,119150177,CC
4101,119210109,店舗
4103,119230044,店舗
4106,119250075,店舗
4108,119250076,店舗
4111,119310094,店舗
4114,119310097,CC
4115,119320022,店舗
4116,119320070,店舗
4117,119330101,HP
4118,119330123,店舗
4119,119330124,HP
4123,119330126,店舗
4126,119410104,店舗
4131,119410112,店舗
4138,119410113,CC
4141,119440010,HP
4143,119450004,HP
4145,119450023,HP
4146,119450036,店舗
4152,119520009,店舗
4154,119520027,店舗
4155,119520030,店舗
4157,119710089,HP
4159,119710094,店舗
4160,119850005,店舗
4161,119850007,HP
4164,119910034,店舗
4167,120110101,HP
4168,120110124,店舗
4169,120120201,店舗
4170,120120207,HP
4175,120130062,HP
4180,120150075,HP
4182,120150104,HP
4183,120150120,HP
4184,120150189,店舗
4185,120150192,HP
4190,120150193,店舗
4194,120210098,HP
4196,120210132,店舗
4197,120210150,HP
4200,120220074,HP
4201,120220078,店舗
4204,120230051,HP
4206,120250136,店舗
4212,120310157,店舗
4213,120310162,店舗
4214,120330084,店舗
4216,120410116,店舗
4217,120410123,店舗
4218,120410151,HP
4222,120410160,店舗
4223,120410185,店舗
4224,120410200,店舗
4225,120410206,HP
4226,120430026,HP
4227,120510031,店舗
4228,120510065,店舗
4229,120520045,HP
4230,120630022,HP
4232,120710094,HP
4234,120720016,店舗
4235,120720065,店舗
4236,120720087,HP
4240,120730016,店舗
4241,120730037,店舗
4242,120750034,店舗
4243,120810052,店舗
4244,120810117,店舗
4246,120810120,店舗
4250,120910050,HP
4255,121130009,HP
4257,121210033,HP
4258,121220016,HP
4259,121220018,HP
4260,121410048,店舗
4261,121410050,店舗
4263,122120074,店舗
4264,122150012,HP
4265,122250074,店舗
4267,122410058,店舗
4269,122410059,店舗
4273,122610014,店舗
4274,122620011,店舗
4275,122620014,HP
4276,122640001,HP
4277,123710005,店舗
4279,124210082,店舗
4280,124220038,店舗
4281,124250072,店舗
4283,124250075,店舗
4287,124320039,HP
4289,124320053,店舗
4291,124330015,店舗
4292,124340006,店舗
4294,124410105,店舗
4296,124410116,HP
4297,124520010,店舗
4299,124620033,HP
4303,124630071,店舗
4304,124630073,店舗
4308,124650013,店舗
4310,124810093,店舗
4311,124810100,店舗
4316,124810101,HP
4317,125630015,HP
4319,125650018,店舗
4320,125810032,HP
4322,126150020,店舗
4323,126220006,HP
4325,126320005,店舗
4327,126330010,HP
4328,126510007,店舗
4329,126610009,HP
4331,126610011,HP
4335,126630013,HP
4337,126720005,店舗
4338,126730001,店舗
4339,126810014,店舗
4341,126850010,店舗
4342,127150042,HP
4344,127150069,HP
4347,127320039,店舗
4348,127450002,HP
4349,127510003,店舗
4350,128110003,HP
4351,128120050,HP
4352,128120052,店舗
4355,128210026,店舗
4356,128230011,店舗
4357,128250005,店舗
4358,128250028,店舗
4359,128310013,HP
4361,128610020,HP
4362,128810026,CC
4364,129210051,HP
4366,129310032,HP
4367,129340007,HP
4369,129350002,HP
4371,129410023,店舗
4372,129410037,店舗
4373,129410056,HP
4376,131120010,店舗
4377,131150001,店舗
4378,131150008,HP
4379,131230012,店舗
4381,131310029,CC
4382,131410003,店舗
4383,131410013,店舗
4384,131410030,店舗
4385,131510007,店舗
4386,131710020,店舗
4387,131710026,店舗
4388,131720019,店舗
4391,132110020,店舗
4392,132120012,HP
4393,132220014,店舗
4394,132230022,店舗
4397,132320011,店舗
4398,132330014,店舗
4400,132410036,店舗
4401,132720014,HP
4402,132810031,店舗
4403,133330019,店舗
4406,133410093,店舗
4407,133430024,店舗
4408,133520007,HP
4411,133520028,店舗
4412,133630056,店舗
4415,133650010,HP
4416,133710052,HP
4418,133710053,店舗
4420,133710055,店舗
4421,134110024,店舗
4422,134110028,HP
4424,134110030,店舗
4425,134120001,店舗
4426,134120073,HP
4427,134120074,HP
4429,134310064,店舗
4431,134330013,店舗
4432,134410019,店舗
4433,134510032,HP
4434,134510033,店舗
4435,134720014,HP
4436,135110045,店舗
4437,135120117,HP
4440,135130073,店舗
4441,135130074,HP
4444,135130076,HP
4447,135150128,店舗
4448,135210091,HP
4449,135220046,HP
4451,135320069,HP
4452,135320072,HP
4453,135410149,店舗
4455,135450035,店舗
4456,135520036,店舗
4457,135520051,店舗
4459,135550003,店舗
4460,135550016,HP
4463,135710057,店舗
4464,135710066,HP
4465,135710076,HP
4467,135710091,HP
4470,135720039,店舗
4471,135810048,HP
4472,135810069,店舗
4473,135910007,店舗
4474,136110026,店舗
4475,136110028,店舗
4476,136120017,HP
4478,136120050,店舗
4480,136120060,店舗
4482,136150034,店舗
4483,136150059,HP
4486,136210060,HP
4487,136220034,HP
4491,136230026,HP
4492,136310069,店舗
4494,136310076,HP
4495,136430026,HP
4496,136510052,店舗
4497,136510053,店舗
4502,136610001,店舗
4503,136610050,HP
4505,136630029,店舗
4508,136710054,HP
4511,136720043,店舗
4512,136720044,CC
4513,136730014,店舗
4514,136910025,HP
4515,137130011,HP
4520,137150036,店舗
4521,137210002,店舗
4522,137210019,店舗
4525,137220017,HP
4527,137250036,HP
4531,137250038,HP
4532,137330019,店舗
4533,137410021,HP
4534,137510035,店舗
4536,137520008,HP
4538,137610021,HP
4539,137750002,HP
4543,137810024,店舗
4544,137850010,店舗
4546,138110010,HP
4548,138110018,HP
4549,138120027,店舗
4550,138120029,HP
4553,138250016,HP
4554,138310026,店舗
4556,138410028,店舗
4560,138430006,HP
4563,138610017,HP
4568,138610021,HP
4573,138620004,HP
4577,138710011,HP
4578,138810007,HP
4580,138910005,HP
4582,139120044,店舗
4585,139210049,店舗
4587,139250024,HP
4590,139440006,HP
4591,139520024,店舗
4592,139520025,HP
4597,139620020,店舗
4601,139730001,HP
4602,139810033,HP
4608,140110016,店舗
4609,140110027,店舗
4610,140120061,店舗
4611,140150033,店舗
4613,140210039,店舗
4614,140220031,HP
4622,140220032,HP
4624,140250032,店舗
4630,140410064,店舗
4631,140510044,店舗
4632,140550013,HP
4634,140720021,店舗
4635,140720023,店舗
4640,140850014,店舗
4641,140910004,店舗
4642,141110017,HP
4644,141120008,HP
4649,141150023,HP
4650,141150051,HP
4653,141410048,店舗
4654,141510032,店舗
4655,141610025,店舗
4657,141610026,HP
4658,141630023,店舗
4660,141910005,店舗
4661,143110135,HP
4662,143110147,HP
4663,143110180,HP
4665,143110181,HP
4667,143120005,HP
4668,143120033,店舗
4669,143120072,店舗
4670,143120151,HP
4671,143120214,店舗
4672,143120223,HP
4673,143120235,HP
4674,143120240,店舗
4676,143120243,HP
4678,143120261,店舗
4679,143120264,店舗
4683,143120265,HP
4685,143120266,HP
4689,143120270,店舗
4691,143120273,店舗
4693,143120275,HP
4696,143120276,HP
4698,143120277,HP
4699,143120278,HP
4700,143130046,店舗
4701,143140009,店舗
4702,143140033,店舗
4704,143150179,HP
4705,143150238,HP
4706,143150274,HP
4709,143150277,店舗
4713,143150278,HP
4715,143150280,HP
4716,143150282,HP
4718,143150283,HP
4721,143210122,HP
4722,143210143,店舗
4723,143210174,HP
4725,143210213,HP
4726,143210216,店舗
4728,143210218,HP
4729,143210233,HP
4734,143210234,HP
4738,143210235,店舗
4739,143210237,HP
4741,143210239,CC
4743,143220021,HP
4745,143220032,HP
4746,143220070,HP
4748,143220076,HP
4749,143220080,HP
4750,143220081,HP
4751,143240003,店舗
4754,143250157,店舗
4755,143250164,HP
4756,143250168,CC
4758,143250169,HP
4759,143250171,HP
4761,143250172,店舗
4762,143310172,HP
4763,143310215,HP
4764,143310222,店舗
4765,143310228,HP
4766,143310229,HP
4767,143310230,店舗
4768,143310231,CC
4771,143310232,HP
4773,143310233,HP
4776,143310234,HP
4778,143310235,HP
4780,143310236,店舗
4781,143320040,HP
4783,143320076,店舗
4784,143320108,HP
4785,143320123,HP
4787,143320131,店舗
4791,143320132,店舗
4794,143320134,HP
4797,143320136,HP
4798,143330056,HP
4799,143330104,HP
4801,143330106,店舗
4802,143330120,店舗
4805,143330123,HP
4806,143340021,HP
4807,143350018,店舗
4809,143350019,HP
4810,143410126,HP
4812,143410132,店舗
4815,143410179,HP
4817,143410204,店舗
4818,143410230,HP
4819,143410242,HP
4822,143410255,店舗
4824,143410256,店舗
4825,143410257,HP
4827,143410259,HP
4828,143410260,HP
4831,143410261,HP
4832,143420015,HP
4834,143430045,店舗
4835,143430047,店舗
4837,143440014,HP
4838,143450021,HP
4840,143450059,CC
4842,143510150,HP
4843,143510153,HP
4845,143510162,HP
4848,143510164,HP
4851,143510166,HP
4852,143550031,店舗
4853,143550036,店舗
4856,143550038,店舗
4858,143610119,HP
4860,143610124,HP
4861,143610133,HP
4864,143610136,HP
4869,143610138,HP
4872,143620063,HP
4874,143630032,CC
4876,143630064,HP
4878,143630103,店舗
4879,143630107,HP
4882,143630108,HP
4883,143650010,店舗
4884,143650039,店舗
4887,143650048,HP
4890,143650050,HP
4892,143650053,HP
4893,143650055,HP
4894,143650056,HP
4895,143710104,HP
4896,143710138,店舗
4897,143710151,店舗
4898,143710155,店舗
4900,143710156,店舗
4902,143710157,HP
4903,143720065,店舗
4904,143720101,CC
4907,143720108,HP
4908,143720111,店舗
4910,143720118,HP
4912,143720123,HP
4913,143720125,HP
4916,143720126,HP
4920,143720127,HP
4922,143730033,HP
4926,143750055,店舗
4927,143750067,店舗
4928,143750068,HP
4932,143810133,HP
4935,143810150,HP
4937,143810154,HP
4939,143810162,HP
4942,143810176,店舗
4944,143810193,CC
4946,143810195,HP
4947,143810197,HP
4948,143810198,HP
4950,143850032,HP
4951,143850072,店舗
4953,143850074,HP
4954,143850075,店舗
4955,143850079,店舗
4957,143850082,HP
4960,143850084,HP
4963,143850085,HP
4967,143850086,HP
4968,143910056,HP
4969,144250016,HP
4971,144320018,店舗
4972,144410024,CC
4974,144510024,HP
4975,144720022,HP
4977,144810020,店舗
4978,145210001,店舗
4979,145220005,店舗
4980,145330019,店舗
4981,145410011,店舗
4982,145450064,店舗
4987,145510014,店舗
4989,145510205,店舗
4992,145810097,店舗
4993,146110030,HP
4997,146110031,店舗
4998,146150020,店舗
4999,146150064,店舗
5007,146210057,店舗
5010,146230016,店舗
5011,146450002,店舗
5012,146510013,店舗
5015,146610012,HP
5018,146630018,店舗
5019,146810002,店舗
5021,147220010,店舗
5022,147620014,HP
5023,148110001,店舗
5024,148110010,店舗
5025,148120030,店舗
5027,148310018,HP
5029,148330006,店舗
5030,148510039,店舗
5031,148520016,HP
5039,148620015,HP
5041,148630026,店舗
5045,148650007,店舗
5046,148710023,店舗
5047,148850022,HP
5049,149110028,店舗
5050,149120090,CC
5052,149120095,店舗
5053,149120113,店舗
5054,149120116,店舗
5055,149120117,店舗
5056,149120124,店舗
5058,149120127,HP
5060,149150126,店舗
5061,149150131,HP
5064,149210012,店舗
5065,149210102,店舗
5067,149230034,店舗
5068,149310082,店舗
5069,149410093,店舗
5071,149510057,店舗
5073,149510102,店舗
5075,149510104,CC
5077,149520043,HP
5080,149610021,HP
5082,149630082,CC
5083,149730002,HP
5085,149750039,店舗
5087,149810092,店舗
5089,149910022,HP
5090,150120033,店舗
5091,150120036,店舗
5092,150150057,店舗
5099,150210003,店舗
5100,150250014,店舗
5103,150310021,店舗
5104,150610002,店舗
5105,150620011,店舗
5106,150710049,店舗
5107,150810037,店舗
5110,151230004,店舗
5111,151410029,CC
5112,151810003,HP
5113,153110025,店舗
5114,153140012,店舗
5115,153220016,HP
5116,153310133,店舗
5117,153340009,店舗
5118,153410061,店舗
5119,153630007,店舗
5121,153630032,店舗
5125,153850030,店舗
5126,153910056,HP
5127,153910059,店舗
5132,154120055,店舗
5134,154150067,店舗
5136,154150073,店舗
5137,154210001,店舗
5138,154230036,店舗
5139,154230040,店舗
5141,154250032,店舗
5142,154320020,店舗
5143,154410052,店舗
5144,154410071,店舗
5147,154430012,店舗
5148,154430013,店舗
5152,154520015,店舗
5154,154630042,店舗
5155,154720028,店舗
5156,154750014,店舗
5158,154910011,店舗
5161,155210024,HP
5164,155210041,HP
5165,155230004,HP
5166,155250038,店舗
5167,155250052,HP
5169,155310029,店舗
5170,155310038,HP
5171,155450003,HP
5172,155550010,店舗
5173,155610043,HP
5174,155630036,店舗
5175,155710006,HP
5178,155720020,HP
5179,155720036,店舗
5181,155810033,店舗
5182,156110018,店舗
5185,156210033,HP
5187,156230018,HP
5188,156250014,HP
5189,156310026,HP
5190,156410039,店舗
5191,156630034,店舗
5194,156630035,店舗
5196,156850011,店舗
5197,157150042,店舗
5198,157210041,店舗
5200,157230016,店舗
5201,157320022,店舗
5203,157610019,店舗
5206,157720027,店舗
5207,157750002,店舗
5208,158120022,店舗
5209,158630016,HP
5210,158810021,HP
5212,159120013,HP
5213,159120022,HP
5215,159120036,HP
5216,159210030,HP
5219,160110002,店舗
5220,160110009,HP
5222,160410016,店舗
5223,160510019,HP
5225,160520013,HP
5228,160710002,店舗
5231,160710012,店舗
5232,160810005,店舗
5233,160810026,HP
5235,161230009,HP
5238,161550003,CC
5239,162110065,店舗
5241,162110083,店舗
5242,162120050,HP
5243,162120110,HP
5244,162120197,HP
5246,162120242,HP
5248,162120243,店舗
5250,162120244,HP
5251,162130078,店舗
5252,162150075,店舗
5253,162150090,HP
5254,162150105,HP
5256,162150235,HP
5259,162150236,HP
5263,162150237,HP
5264,162150238,HP
5269,162150239,HP
5273,162210145,店舗
5274,162210160,店舗
5275,162210192,HP
5279,162210193,HP
5284,162210194,店舗
5287,162210196,HP
5290,162220084,店舗
5293,162230077,HP
5294,162230078,HP
5296,162310107,HP
5297,162310129,HP
5300,162310130,HP
5303,162320063,HP
5304,162330046,店舗
5306,162330048,HP
5310,162330050,HP
5311,162340025,店舗
5312,162410051,HP
5314,162410160,HP
5315,162410191,HP
5318,162410225,店舗
5319,162410247,HP
5323,162450006,HP
5325,162450042,店舗
5330,162450064,CC
5333,162510061,HP
5335,162510156,HP
5338,162520075,HP
5340,162520078,HP
5342,162610134,店舗
5347,162620032,HP
5350,162620038,HP
5352,162620059,店舗
5353,162630144,店舗
5354,162630161,HP
5359,162710131,店舗
5360,162710135,店舗
5362,162720048,HP
5365,162720089,店舗
5369,162720092,店舗
5370,162720096,HP
5374,162720110,HP
5376,162750004,店舗
5381,162750052,CC
5382,162810047,HP
5384,162810194,HP
5387,162810196,HP
5390,162810197,HP
5392,162850066,店舗
5393,162850086,店舗
5394,162850088,HP
5397,162910051,店舗
5400,163120027,店舗
5402,163120030,店舗
5403,163120033,店舗
5405,163210031,店舗
5407,163230011,店舗
5411,163230012,店舗
5412,163330009,HP
5414,163420002,店舗
5415,163610029,店舗
5417,166140009,HP
5418,166210013,店舗
5419,166250008,HP
5420,166510064,店舗
5421,166620037,HP
5423,166710055,店舗
5424,166830001,店舗
5425,167120046,店舗
5431,167720003,HP
5432,168110007,CC
5433,168120030,HP
5439,168220009,HP
5441,168230001,店舗
5442,168250010,HP
5443,168310010,店舗
5445,168710014,HP
5448,168720013,HP
5449,168810016,店舗
5450,168810019,HP
5451,168810020,HP
5453,168850007,HP
5454,170110029,HP
5455,170110042,店舗
5457,170110043,HP
5459,170120001,HP
5461,170120032,店舗
5462,170120057,HP
5464,170120077,店舗
5469,170120078,HP
5472,170150073,HP
5474,170150074,HP
5475,170150075,店舗
5479,170150076,HP
5482,170210070,店舗
5483,170220025,店舗
5485,170230005,店舗
5486,170230021,HP
5489,170250006,店舗
5490,170250046,店舗
5492,170250050,HP
5494,170310049,店舗
5495,170310051,店舗
5497,170310053,店舗
5499,170320054,店舗
5500,170320060,HP
5502,170410056,店舗
5506,170410058,店舗
5508,170410064,HP
5509,170420002,店舗
5512,170510028,HP
5514,170510036,店舗
5515,170610003,CC
5516,170610041,HP
5517,170630027,店舗
5519,170630028,店舗
5520,170710044,店舗
5521,170720027,店舗
5523,170810036,店舗
5525,170850022,HP
5527,170910013,店舗
5530,171210013,店舗
5532,172330022,HP
5535,173110026,店舗
5536,173120054,店舗
5539,173510042,店舗
5541,173710035,店舗
5543,173720029,店舗
5545,173810045,店舗
5546,173850016,HP
5547,173850017,HP
5550,174110026,店舗
5552,174110027,HP
5556,174210005,店舗
5557,174250001,HP
5558,174330006,店舗
5560,174510032,店舗
5562,174550007,店舗
5563,174650008,HP
5565,174710024,店舗
5566,174810020,HP
5567,175120021,店舗
5569,175150024,HP
5572,175410024,店舗
5575,175810008,店舗
5576,175850012,店舗
5578,176150022,HP
5580,176250013,店舗
5581,176410014,HP
5583,176550003,店舗
5584,176810017,店舗
5585,176810019,店舗
5589,176910010,店舗
5592,177110038,店舗
5596,177110070,HP
5598,177120058,HP
5600,177120124,HP
5601,177120146,店舗
5602,177120154,店舗
5604,177120157,HP
5605,177130039,HP
5607,177130050,店舗
5608,177130063,店舗
5609,177130067,店舗
5610,177150074,店舗
5611,177150103,店舗
5613,177150111,HP
5615,177150129,店舗
5618,177150137,HP
5620,177150145,店舗
5622,177150146,店舗
5623,177210032,店舗
5624,177210087,HP
5626,177210150,店舗
5629,177210155,HP
5630,177210157,HP
5636,177220057,HP
5637,177220073,店舗
5638,177220074,HP
5640,177230043,店舗
5641,177250041,店舗
5643,177250042,HP
5645,177250093,店舗
5646,177250096,HP
5648,177310052,店舗
5649,177310069,店舗
5650,177310076,店舗
5651,177320027,HP
5652,177320073,店舗
5654,177320074,店舗
5656,177330006,HP
5658,177330036,店舗
5659,177330042,HP
5663,177410027,店舗
5666,177410036,HP
5670,177410055,店舗
5671,177410111,店舗
5672,177410121,HP
5674,177410129,HP
5675,177412091,HP
5676,177412097,HP
5678,177412098,HP
5681,177430030,HP
5684,177520019,HP
5687,177520073,HP
5692,177550017,店舗
5693,177610039,店舗
5694,177610084,店舗
5697,177630034,店舗
5699,177630097,HP
5703,177640001,HP
5707,177710085,CC
5711,177710089,店舗
5712,177730023,HP
5713,177750034,HP
5715,177810082,HP
5719,177810092,店舗
5722,177810100,店舗
5723,177810130,HP
5724,177810132,店舗
5727,177810133,店舗
5730,177810141,店舗
5733,177810142,店舗
5734,177810146,店舗
5739,177830010,HP
5742,177850056,店舗
5744,177850057,店舗
5745,177850065,HP
5749,178150025,HP
5753,178210028,HP
5754,178250010,店舗
5755,178250012,店舗
5757,178310009,店舗
5758,178320016,HP
5761,178510023,店舗
5762,178520009,HP
5763,178710036,店舗
5765,178720029,店舗
5766,179120004,HP
5768,179120030,HP
5770,179210034,CC
5771,179220012,HP
5773,179250020,HP
5775,179310016,店舗
5776,179310023,店舗
5779,179310024,HP
5780,179330015,店舗
5781,179350005,店舗
5782,179650011,店舗
5785,179710020,店舗
5786,179810021,店舗
5787,179810022,店舗
5789,180110005,店舗
5790,180120033,HP
5791,180130007,店舗
5792,180210019,HP
5794,180220007,HP
5795,180310021,店舗
5796,180320027,HP
5798,180330010,HP
5800,180330022,HP
5804,180340007,HP
5805,180340009,HP
5806,180620015,HP
5810,180630009,HP
5811,180810020,店舗
5813,180850011,店舗
5814,181210034,店舗
5815,181210038,HP
5816,181250017,HP
5820,181250020,店舗
5822,181320022,店舗
5824,181410005,店舗
5825,181610021,HP
5826,181610023,HP
5829,181710006,HP
5830,181810029,店舗
5831,181810031,店舗
5832,181850016,店舗
5833,181910001,店舗
5835,183110013,店舗
5836,183110028,店舗
5841,183210031,店舗
5842,183210034,HP
5844,183310050,店舗
5846,183330025,店舗
5848,183350003,店舗
5852,183410041,店舗
5853,183420008,店舗
5854,183510015,HP
5857,183620004,店舗
5858,183620008,店舗
5862,184150024,店舗
5863,185120027,HP
5864,185130006,店舗
5865,185510002,店舗
5866,185510014,店舗
5868,185710009,HP
5869,185710010,HP
5870,185710011,HP
5873,185810008,HP
5877,185850002,店舗
5878,186210002,店舗
5880,186510001,店舗
5881,186510004,店舗
5883,186520006,店舗
5885,188110003,店舗
5886,188110019,店舗
5889,188120018,店舗
5890,188120041,HP
5891,188120042,HP
5897,188150019,店舗
5898,188150037,店舗
5900,188210013,店舗
5901,188250012,店舗
5906,188320002,店舗
5907,188410004,店舗
5908,188610006,HP
5909,188610020,CC
5912,188610021,HP
5917,188710001,店舗
5918,188730006,店舗
5919,188810002,店舗
5920,188810013,店舗
5921,189120010,店舗
5923,189120046,HP
5925,189120047,HP
5927,189210037,店舗
5929,189620007,店舗
5930,189720012,HP
5932,189830002,HP
5933,190150012,店舗
5934,190220013,店舗
5936,190230012,店舗
5942,190310011,店舗
5944,190320009,HP
5947,190510013,店舗
5948,190520003,店舗
5949,190610008,店舗
5950,190750006,店舗
5952,191110021,店舗
5954,191110023,CC
5956,191110024,HP
5958,191120018,HP
5959,191120020,店舗
5960,191120021,店舗
5961,191150014,店舗
5962,191150017,店舗
5964,191210011,店舗
5965,191210023,店舗
5967,191230010,HP
5968,191310042,CC
5971,191320015,店舗
5972,191340002,店舗
5973,191410031,HP
5975,191450002,店舗
5976,191650007,HP
5977,191650008,店舗
5979,192130007,HP
5980,192150030,HP
5982,192210016,店舗
5986,192220012,店舗
5989,192250010,HP
5991,192250012,店舗
5992,192320023,店舗
5993,192440003,HP
5995,192510027,店舗
5996,192520007,店舗
5997,192550005,店舗
5998,192610006,店舗
5999,192710007,店舗
6001,192710024,店舗
6002,192720022,店舗
6004,192810027,店舗
6005,192830001,CC
6006,193630004,店舗
6008,194110020,HP
6009,194120012,店舗
6010,194120037,HP
6011,194120039,店舗
6012,194120040,店舗
6015,194120041,HP
6020,194130003,HP
6022,194140006,HP
6025,194250025,HP
6029,194310026,HP
6030,194310027,HP
6031,194320011,HP
6033,194320016,HP
6035,194320021,店舗
6037,194330012,HP
6040,194330025,店舗
6044,194330026,CC
6045,194340002,店舗
6046,194410032,店舗
6048,194410040,HP
6050,194410042,HP
6053,194440007,HP
6058,194450007,CC
6061,194510017,HP
6062,194510019,店舗
6063,194610007,店舗
6064,194610017,HP
6065,194610018,店舗
6067,194610019,HP
6073,194630019,HP
6074,194650002,HP
6075,194810007,店舗
6076,194810023,HP
6080,194830002,HP
6081,194850011,店舗
6082,194850015,HP
6084,196320004,CC
6085,198120046,HP
6086,198150045,HP
6087,198150059,店舗
6090,198150062,HP
6091,198150068,店舗
6094,198210047,HP
6096,198230020,HP
6097,198230022,店舗
6099,198310038,HP
6103,198330008,HP
6108,198410083,HP
6109,198410084,HP
6111,198410088,CC
6114,198450007,店舗
6116,198510034,店舗
6122,198520005,店舗
6123,198520025,店舗
6124,198610037,店舗
6127,198610038,HP
6128,198650005,HP
6129,198710031,店舗
6130,198710034,HP
6132,198720021,HP
6133,198850028,店舗
6134,199120006,店舗
6136,199120009,店舗
6137,199550001,HP
6138,200110003,店舗
6140,200110016,HP
6141,200120027,店舗
6142,200120033,店舗
6143,200120034,店舗
6144,200130007,店舗
6145,200150003,店舗
6146,200210012,HP
6148,200210032,店舗
6149,200220007,HP
6151,200350003,HP
6153,200410042,店舗
6154,200410057,HP
6156,200410060,店舗
6158,200450003,店舗
6159,200510023,HP
6160,200510030,店舗
6161,200610009,HP
6162,200620005,店舗
6163,200720012,HP
6165,200730005,HP
6167,200810024,HP
6169,201120024,HP
6170,201210023,店舗
6171,201220001,店舗
6172,201220011,店舗
6174,201310009,HP
6175,201310024,店舗
6176,201320004,HP
6180,201320017,店舗
6181,201430004,店舗
6182,201430007,店舗
6183,201610002,HP
6184,201730007,店舗
6185,201750005,店舗
6186,202110006,店舗
6187,202120014,店舗
6189,202210015,HP
6190,202220007,店舗
6193,202250007,店舗
6194,202250018,店舗
6195,202310008,店舗
6197,202510010,店舗
6198,202520003,店舗
6199,202550002,店舗
6200,202610007,店舗
6201,202620001,店舗
6203,202720014,HP
6205,202750008,CC
6208,202810018,HP
6209,202850008,店舗
6210,203120007,店舗
6211,203120010,店舗
6213,203130003,店舗
6214,203150012,店舗
6215,203150016,店舗
6216,203150024,HP
6217,203150033,HP
6221,203210019,店舗
6222,203410011,店舗
6223,203410034,HP
6224,203440006,HP
6230,203520010,店舗
6231,203620001,店舗
6232,203650008,店舗
6233,204120018,店舗
6235,204130003,HP
6238,204150003,CC
6239,204210024,HP
6242,204220004,HP
6243,204310013,HP
6245,204440002,HP
6249,204450003,HP
6251,204510005,HP
6252,204620006,HP
6253,204630006,HP
6254,205120009,店舗
6255,205330005,店舗
6256,205340002,店舗
6258,205410012,店舗
6261,205810004,店舗
6262,205850002,HP
6265,207110007,店舗
6266,207120012,店舗
6267,207130008,店舗
6268,207310008,HP
6269,207410026,CC
6272,207610009,HP
6273,207620002,店舗
6274,207650006,HP
6279,207810026,店舗
6281,208410021,店舗
6283,208410022,HP
6287,208710008,HP
6288,209110013,HP
6289,209110014,HP
6290,209130002,HP
6291,209130007,店舗
6292,209130010,店舗
6294,209150015,HP
6295,209150022,HP
6296,209210014,店舗
6297,209210017,店舗
6300,209220006,店舗
6302,209220011,店舗
6303,209230004,HP
6306,209250013,店舗
6310,209310010,店舗
6311,209320016,店舗
6314,209320018,HP
6318,209410022,店舗
6319,209410023,店舗
6320,209410024,HP
6321,209410025,CC
6323,209550003,店舗
6325,209610011,HP
6326,209610014,HP
6329,209610015,店舗
6333,209630004,店舗
6336,209630011,店舗
6337,209630013,店舗
6340,209720004,店舗
6341,209720008,店舗
6346,209720009,店舗
6349,209720011,店舗
6353,209750007,店舗
6354,209810001,店舗
6355,209810018,HP
6357,209810019,HP
6362,209810020,HP
6363,209850003,店舗
6365,209850007,HP
6369,209850008,HP
6371,210210002,店舗
6374,210230003,HP
6378,210510009,HP
6379,210650007,店舗
6383,210720015,店舗
6384,210720023,HP
6388,211120034,店舗
6391,211120038,HP
6394,211120039,HP
6398,211150032,店舗
6399,211210014,HP
6400,211210035,店舗
6404,211230009,CC
6407,211250012,HP
6408,211310021,店舗
6410,211310023,HP
6414,211320015,店舗
6416,211320017,店舗
6418,211320018,HP
6420,211410037,HP
6421,211410046,店舗
6422,211410048,店舗
6423,211430005,店舗
6424,211510032,HP
6425,211550006,HP
6426,211610018,店舗
6427,211620015,HP
6428,211630004,HP
6429,211630029,店舗
6430,211710017,HP
6433,211750008,HP
6434,211810001,HP
6435,211810016,HP
6436,211850011,店舗
6437,212110019,店舗
6440,212120027,店舗
6441,212120046,HP
6444,212130004,店舗
6446,212150033,店舗
6447,212220004,店舗
6448,212310033,HP
6450,212350003,HP
6451,212410038,HP
6453,212430002,店舗
6454,212610011,HP
6455,212720006,HP
6456,212810012,HP
6458,212810018,HP
6460,213150003,店舗
6461,213210019,店舗
6462,213230006,店舗
6466,213330001,HP
6467,213410021,HP
6470,213450008,店舗
6475,213510011,店舗
6477,213520003,店舗
6478,213520004,店舗
6481,213610010,店舗
6486,213620008,店舗
6487,213620010,店舗
6490,213630006,店舗
6491,213710008,店舗
6492,213710009,CC
6495,213730003,店舗
6498,213750002,店舗
6499,213750003,HP
6503,213810011,店舗
6504,213850001,店舗
6507,213940001,店舗
6508,214110003,店舗
6510,214150012,店舗
6512,214210007,HP
6514,214310007,HP
6518,214410017,HP
6519,214510002,HP
6522,214510003,店舗
6523,214510004,店舗
6524,214510005,HP
6526,214750005,店舗
6534,215310007,店舗
6535,215510001,HP
6536,215630014,店舗
6540,215720001,店舗
6542,215730001,店舗
6544,215810004,店舗
6545,215810010,店舗
6546,216150012,HP
6547,216150015,HP
6550,216230002,店舗
6551,216250004,HP
6554,216330004,店舗
6555,216510008,店舗
6557,216750003,HP
6559,216810003,店舗
6560,216810008,店舗
6561,216850003,店舗
6562,217120002,店舗
6564,217120003,店舗
6569,217220003,店舗
6571,217510005,店舗
6576,217510008,HP
6577,217610002,店舗
6579,217710007,店舗
6580,217810010,店舗
6581,217850001,HP
6583,218120004,店舗
6584,218430002,HP
6585,218550003,店舗
6587,218730003,店舗
6588,218810004,店舗
6589,219110018,店舗
6591,219130005,CC
6593,219230012,店舗
6594,219250018,HP
6595,219250028,HP
6596,219310012,店舗
6600,219330005,店舗
6601,219410002,店舗
6602,219410031,店舗
6604,219520002,店舗
6606,219550003,店舗
6607,219620008,店舗
6611,219710007,店舗
6612,219750002,店舗
6613,219810013,店舗
6614,219850001,店舗
6615,220110015,店舗
6619,220120009,店舗
6620,220120020,店舗
6621,220150032,HP
6623,220210025,店舗
6625,220210026,店舗
6646,220220007,店舗
6648,220230007,店舗
6650,220310029,店舗
6651,220320010,店舗
6652,220330018,店舗
6656,220510019,店舗
6658,220610011,店舗
6659,220710002,店舗
6662,220710019,HP
6666,220720008,店舗
6671,220730003,店舗
6675,220810022,店舗
6676,221110006,店舗
6679,221120010,店舗
6680,221120014,HP
6681,221150005,店舗
6682,221150007,店舗
6683,221150008,店舗
6687,221210009,HP
6689,221220001,店舗
6690,221230005,店舗
6691,221250003,店舗
6692,221310006,CC
6696,221320005,店舗
6697,221320015,店舗
6698,221320016,HP
6699,221330001,店舗
6700,221410010,店舗
6701,221450002,店舗
6702,221510001,店舗
6703,221510004,HP
6709,221520002,店舗
6710,221620004,店舗
6717,221650001,店舗
6718,221710005,店舗
6719,221710006,店舗
6720,221720005,店舗
6723,221730002,HP
6724,221810003,店舗
6725,221810007,店舗
6726,221810008,店舗
6727,221850002,店舗
6728,222110009,HP
6730,222210012,店舗
6731,222310012,HP
6733,222320009,HP
6734,222430004,HP
6736,222440003,HP
6738,222450002,HP
6740,222550001,店舗
6741,222630007,HP
6744,222710006,店舗
6746,222730003,HP
6748,222850005,店舗
6753,224120015,店舗
6757,224130009,店舗
6758,224150016,店舗
6760,224220005,CC
6762,224250006,店舗
6764,224310008,店舗
6765,224410015,店舗
6766,224430001,店舗
6767,224510018,店舗
6769,224510020,HP
6773,224520003,店舗
6774,224610005,店舗
6775,224710007,店舗
6777,224710009,店舗
6780,224720006,店舗
6782,224730005,HP
6786,224750005,HP
6789,224810014,店舗
6790,224850008,店舗
6794,225110025,店舗
6795,225110027,HP
6800,225120037,店舗
6801,225120056,店舗
6804,225130007,店舗
6805,225150038,店舗
6810,225210013,店舗
6811,225310060,店舗
6812,225310077,店舗
6813,225310079,店舗
6817,225410026,店舗
6818,225450014,店舗
6819,225510014,店舗
6820,225530002,店舗
6824,225710005,店舗
6825,225720005,店舗
6826,225720008,店舗
6829,229520002,店舗
6830,229610007,店舗
6832,229910001,店舗
6833,230310002,HP
6834,230330004,HP
6835,230410003,店舗
6837,230650001,CC
6839,230710003,HP
6842,231130005,HP
6843,231140003,HP
6844,231210007,店舗
6845,231250003,店舗
6846,231250006,店舗
6851,231410006,HP
6856,231550001,店舗
6858,231810008,HP
6861,234110007,店舗
6862,234130002,HP
6867,234150004,HP
6872,234210007,店舗
6873,234210011,店舗
6875,234230004,店舗
6877,234320002,店舗
6878,234410001,店舗
6879,234510001,店舗
6880,234520002,店舗
6881,234610004,HP
6883,234620003,店舗
6884,234630002,HP
6886,234630003,店舗
6887,234650002,店舗
6889,234710001,店舗
6893,234720004,店舗
6894,235110008,店舗
6896,235120017,店舗
6897,235130001,店舗
6898,235210006,店舗
6899,235210018,店舗
6900,235310017,店舗
6903,235350001,店舗
6907,235520004,店舗
6913,235610009,店舗
6916,235610012,店舗
6917,235710001,店舗
6918,235810006,店舗
6920,235810021,店舗
6921,236120017,店舗
6923,236150016,HP
6924,236230002,店舗
6925,236230005,HP
6927,236230006,HP
6929,236250003,HP
6931,236310003,HP
6932,236310006,HP
6933,236310010,店舗
6934,236330005,HP
6936,236430001,HP
6937,236440001,HP
6938,236510012,HP
6940,236550001,店舗
6941,236630009,店舗
6942,236630012,店舗
6944,236720005,店舗
6945,236850003,店舗
6947,238150001,店舗
6949,238150002,店舗
6950,238210001,HP
6952,238720001,店舗
6955,238910001,店舗
6957,240110001,店舗
6958,240120007,店舗
6960,240150004,店舗
6961,240150005,店舗
6966,240220001,店舗
6967,240330001,店舗
6969,240410006,店舗
6971,240620005,店舗
6972,241110002,店舗
6973,241110004,店舗
6974,241120010,店舗
6975,241140002,店舗
6978,241220002,店舗
6979,241310002,店舗
6980,241310006,店舗
6981,241410013,店舗
6983,241510006,店舗
6987,241610001,店舗
6988,241630004,店舗
6990,241630008,HP
6994,241650002,店舗
6995,241720001,店舗
6996,246320007,店舗
6997,248230001,店舗
6999,248230004,店舗
7000,248310001,店舗
7001,252140001,店舗
7003,252320001,店舗
7004,252810001,HP
7006,258250005,HP
7007,258310002,HP
7008,258510001,店舗
7011,T00217235,HP
7012,T00248274,HP
7014,T00251747,HP
7015,T00257340,HP
7016,T00257599,HP
7020,T00258573,HP
7022,T00259090,HP
7024,T00259580,HP
7025,T00259794,HP
7026,T00259825,HP
7027,T00259924,HP
7028,T00259953,HP
7029,T00260059,HP
7030,T00260188,HP
7031,T00260203,HP
7032,T00260410,HP
7033,T00260445,HP
7034,T00260658,HP
7035,T00260801,HP
7036,T00261017,HP
7037,T00261033,HP
7038,T00261132,HP
7039,T00261261,HP
7040,T00261266,HP
7041,T00261303,HP
7043,T00261331,HP
7044,T00261337,HP
7045,T00261416,HP
7046,T00261421,HP
7047,T00261529,HP
7048,T00261552,HP
7049,T00261566,HP
7050,T00261585,HP
7051,T00261606,HP
7052,T00261620,HP
7053,T00261628,HP
7055,T00261643,HP
