,顧客ID,閲覧ページ数/セッション
0,000121059,76.0
1,000321123,0.0
2,000331001,90.0
3,000431039,2.0
4,000512107,101.0
5,000612072,5.0
6,000651028,1.0
7,000651042,19.0
8,000711087,59.0
9,000721111,29.0
10,000741001,0.0
11,000751046,55.0
12,000812016,2.0
13,001110167,0.0
14,001120290,0.0
15,001120350,65.0
16,001150376,1.0
17,001150435,6.0
18,001310100,0.0
19,001321014,25.0
20,001511020,0.0
21,001730012,2.0
22,001811022,1.0
23,002110094,24.0
24,002110175,0.0
25,002112136,1.0
26,002112528,99.0
27,002112548,15.0
28,002112659,31.0
29,002112660,0.0
30,002112676,93.0
31,002120096,33.0
32,002120206,38.0
33,002121269,0.0
34,002121295,22.0
35,002122338,48.0
36,002122348,8.0
37,002122370,276.0
38,002122607,4.0
39,002122651,4.0
40,002122737,31.0
41,002122857,18.0
42,002122874,18.0
43,002122990,0.0
44,002123168,12.0
45,002123189,314.0
46,002123192,0.0
47,002123228,19.0
48,002123244,9.0
49,002123261,36.0
50,002123272,0.0
51,002123295,24.0
52,002123297,23.0
53,002123298,19.0
54,002123300,39.0
55,002132352,32.0
56,002132353,31.0
57,002140012,0.0
58,002142134,0.0
59,002142152,17.0
60,002152059,0.0
61,002152765,1.0
62,002152833,24.0
63,002152849,32.0
64,002152923,3.0
65,002152955,82.0
66,002153002,2.0
67,002153051,1.0
68,002153095,16.0
69,002153138,0.0
70,002153142,7.0
71,002153166,0.0
72,002153173,6.0
73,002153174,68.0
74,002153175,35.0
75,002153176,60.0
76,002153177,28.0
77,002212263,14.0
78,002212366,47.0
79,002212894,64.0
80,002212967,39.0
81,002212971,0.0
82,002212973,26.0
83,002212976,25.0
84,002212978,88.0
85,002212979,186.0
86,002212980,23.0
87,002212981,31.0
88,002220105,348.0
89,002222176,17.0
90,002222195,72.0
91,002222307,38.0
92,002222375,114.0
93,002222388,0.0
94,002222401,0.0
95,002232351,14.0
96,002232369,81.0
97,002232383,20.0
98,002232386,41.0
99,002232387,35.0
100,002232388,57.0
101,002242010,47.0
102,002251012,9.0
103,002251240,1.0
104,002252268,12.0
105,002252292,29.0
106,002252403,18.0
107,002252456,0.0
108,002252531,127.0
109,002252541,0.0
110,002252564,0.0
111,002252646,30.0
112,002252697,12.0
113,002252703,51.0
114,002252704,2.0
115,002252708,25.0
116,002252709,1.0
117,002311149,19.0
118,002312096,0.0
119,002312708,0.0
120,002312793,0.0
121,002312794,75.0
122,002312797,21.0
123,002312870,7.0
124,002312875,1.0
125,002312876,27.0
126,002312881,47.0
127,002312890,4.0
128,002312894,75.0
129,002312895,85.0
130,002312897,79.0
131,002321013,0.0
132,002322187,35.0
133,002322335,0.0
134,002322538,0.0
135,002322551,0.0
136,002322599,9.0
137,002322604,5.0
138,002322609,3.0
139,002322615,10.0
140,002322616,79.0
141,002322621,0.0
142,002322625,109.0
143,002322627,22.0
144,002332270,96.0
145,002332313,86.0
146,002332460,5.0
147,002332530,92.0
148,002342092,0.0
149,002342118,45.0
150,002352031,1.0
151,002411247,26.0
152,002411289,37.0
153,002412443,3.0
154,002412649,22.0
155,002412885,22.0
156,002412928,0.0
157,002412940,0.0
158,002413004,2.0
159,002413059,3.0
160,002413091,162.0
161,002413092,4.0
162,002413105,11.0
163,002413108,0.0
164,002413119,0.0
165,002413131,1.0
166,002413135,0.0
167,002422108,0.0
168,002432011,13.0
169,002432182,20.0
170,002432208,177.0
171,002451112,0.0
172,002452268,4.0
173,002512412,95.0
174,002512488,0.0
175,002512657,6.0
176,002512719,26.0
177,002512736,1.0
178,002512737,55.0
179,002522238,4.0
180,002522243,0.0
181,002522244,23.0
182,002522245,74.0
183,002552115,179.0
184,002552161,0.0
185,002610121,0.0
186,002612073,12.0
187,002612346,0.0
188,002612541,37.0
189,002612555,0.0
190,002612568,22.0
191,002612583,0.0
192,002612606,14.0
193,002612607,43.0
194,002622078,9.0
195,002630057,158.0
196,002631145,13.0
197,002631152,4.0
198,002632193,3.0
199,002632206,6.0
200,002632237,0.0
201,002632263,0.0
202,002632279,10.0
203,002632507,59.0
204,002632517,6.0
205,002632518,1.0
206,002632519,32.0
207,002652165,0.0
208,002652252,24.0
209,002711224,50.0
210,002712524,45.0
211,002712575,0.0
212,002722007,35.0
213,002722349,0.0
214,002722379,37.0
215,002722424,1.0
216,002722451,1.0
217,002722485,9.0
218,002752182,17.0
219,002752219,2.0
220,002752281,21.0
221,002812133,14.0
222,002812166,3.0
223,002812277,0.0
224,002812718,84.0
225,002812725,84.0
226,002812729,54.0
227,002812738,2.0
228,002812739,50.0
229,002812740,48.0
230,002852125,0.0
231,002852169,10.0
232,002852345,0.0
233,002852364,2.0
234,002852368,6.0
235,002852369,34.0
236,002912118,0.0
237,002912264,29.0
238,002912282,0.0
239,002912316,76.0
240,003112049,9.0
241,003122063,18.0
242,003122077,0.0
243,003122083,0.0
244,003122090,4.0
245,003210149,0.0
246,003222027,26.0
247,003222028,54.0
248,003332053,27.0
249,003342015,42.0
250,003412085,3.0
251,003452002,11.0
252,003452010,3.0
253,003512047,37.0
254,003632034,92.0
255,003712033,31.0
256,003722051,83.0
257,003812035,34.0
258,003812036,105.0
259,004122066,12.0
260,005111146,0.0
261,005141032,5.0
262,005222012,96.0
263,005332132,16.0
264,005342037,86.0
265,005411031,1.0
266,005412116,17.0
267,005412221,0.0
268,005511131,12.0
269,005522020,0.0
270,005522050,49.0
271,005652029,1.0
272,005711086,22.0
273,005752067,17.0
274,006112072,21.0
275,006112114,28.0
276,006112388,59.0
277,006112396,58.0
278,006112433,3.0
279,006112434,45.0
280,006112435,25.0
281,006112436,39.0
282,006121155,53.0
283,006122048,520.0
284,006122292,54.0
285,006122540,15.0
286,006122632,0.0
287,006122698,72.0
288,006122735,45.0
289,006122736,9.0
290,006122762,0.0
291,006122763,35.0
292,006122772,10.0
293,006122773,33.0
294,006132191,1.0
295,006132195,38.0
296,006141027,48.0
297,006142101,29.0
298,006152160,18.0
299,006152189,59.0
300,006152195,0.0
301,006152218,8.0
302,006152221,48.0
303,006152301,23.0
304,006152313,0.0
305,006152332,40.0
306,006152517,11.0
307,006152550,52.0
308,006152598,4.0
309,006152634,0.0
310,006152645,25.0
311,006152647,8.0
312,006152658,19.0
313,006152667,1.0
314,006152668,41.0
315,006152669,128.0
316,006152670,112.0
317,006152671,101.0
318,006212125,2.0
319,006212360,37.0
320,006212398,3.0
321,006212467,7.0
322,006212477,0.0
323,006212495,21.0
324,006212514,0.0
325,006212541,0.0
326,006212579,0.0
327,006212589,17.0
328,006212590,28.0
329,006222235,0.0
330,006222236,31.0
331,006232219,0.0
332,006232230,4.0
333,006232244,12.0
334,006232260,1.0
335,006232262,175.0
336,006232263,22.0
337,006252219,0.0
338,006252378,6.0
339,006252382,36.0
340,006252391,2.0
341,006312039,4.0
342,006312116,1.0
343,006312500,2.0
344,006312535,27.0
345,006312559,6.0
346,006312570,20.0
347,006322157,119.0
348,006322190,37.0
349,006322269,26.0
350,006322270,160.0
351,006322334,29.0
352,006322338,59.0
353,006331012,15.0
354,006332200,13.0
355,006332288,14.0
356,006332295,0.0
357,006342072,75.0
358,006342084,21.0
359,006342087,0.0
360,006412148,0.0
361,006412190,127.0
362,006412327,31.0
363,006412555,30.0
364,006412644,0.0
365,006412666,18.0
366,006412670,2.0
367,006412675,39.0
368,006412677,37.0
369,006412678,67.0
370,006422007,41.0
371,006422044,117.0
372,006432044,30.0
373,006432132,18.0
374,006452035,42.0
375,006452136,8.0
376,006452139,38.0
377,006512336,15.0
378,006512348,6.0
379,006512415,28.0
380,006522053,108.0
381,006542018,23.0
382,006552073,33.0
383,006612107,48.0
384,006612335,1.0
385,006612343,91.0
386,006612346,80.0
387,006612356,44.0
388,006621006,6.0
389,006622158,81.0
390,006622170,0.0
391,006622194,92.0
392,006631018,32.0
393,006632263,0.0
394,006632266,0.0
395,006632270,16.0
396,006632274,14.0
397,006632289,19.0
398,006632291,0.0
399,006632294,23.0
400,006632296,1.0
401,006632298,69.0
402,006632299,56.0
403,006652135,30.0
404,006652146,0.0
405,006652156,98.0
406,006712061,3.0
407,006712073,6.0
408,006712234,1.0
409,006722126,3.0
410,006722275,67.0
411,006732092,2.0
412,006732117,14.0
413,006752151,33.0
414,006752152,43.0
415,006811119,77.0
416,006812142,47.0
417,006812210,0.0
418,006812330,27.0
419,006812417,36.0
420,006812423,0.0
421,006812436,4.0
422,006812442,57.0
423,006812445,21.0
424,006852180,13.0
425,006852232,61.0
426,006912130,25.0
427,006912175,30.0
428,006922021,37.0
429,006991031,20.0
430,007122101,56.0
431,007132022,38.0
432,007152034,12.0
433,007152105,63.0
434,007152106,74.0
435,007152107,114.0
436,007212075,59.0
437,007212076,50.0
438,007232028,22.0
439,007232030,41.0
440,007252061,48.0
441,007252062,61.0
442,007312039,1.0
443,007332035,1.0
444,007332040,273.0
445,007512075,10.0
446,007622027,0.0
447,007632028,123.0
448,007722036,55.0
449,007752020,3.0
450,007812052,114.0
451,007812053,46.0
452,007812054,188.0
453,007852032,5.0
454,007912024,51.0
455,008511077,48.0
456,009111022,4.0
457,009112082,5.0
458,009112196,39.0
459,009121106,68.0
460,009122300,74.0
461,009122305,106.0
462,009122352,3.0
463,009122365,27.0
464,009132090,6.0
465,009152041,34.0
466,009152287,27.0
467,009152288,66.0
468,009212167,100.0
469,009212205,11.0
470,009212273,81.0
471,009232092,1.0
472,009251021,45.0
473,009252084,0.0
474,009252149,4.0
475,009252182,26.0
476,009252183,40.0
477,009312200,3.0
478,009332109,0.0
479,009332119,14.0
480,009412264,0.0
481,009432031,37.0
482,009442018,3.0
483,009451010,30.0
484,009452046,0.0
485,009522045,0.0
486,009551003,2.0
487,009552041,0.0
488,009622078,51.0
489,009712162,51.0
490,009722100,232.0
491,009722108,31.0
492,009752074,2.0
493,009912085,0.0
494,009912089,9.0
495,009922014,91.0
496,010112176,37.0
497,010122267,1.0
498,010122291,69.0
499,010212214,0.0
500,010221108,1.0
501,010312194,1.0
502,010312223,0.0
503,010321078,0.0
504,010342016,0.0
505,010412119,108.0
506,010412247,3.0
507,010412248,0.0
508,010412249,0.0
509,010612104,0.0
510,010711001,5.0
511,010712115,1.0
512,010722089,0.0
513,010852087,72.0
514,010912073,61.0
515,011112194,44.0
516,011122167,27.0
517,011122280,1.0
518,011122345,3.0
519,011122349,13.0
520,011122352,19.0
521,011122359,1.0
522,011122360,46.0
523,011152198,48.0
524,011152276,13.0
525,011212243,2.0
526,011212247,32.0
527,011212255,43.0
528,011212259,53.0
529,011222077,36.0
530,011232095,0.0
531,011232096,2.0
532,011252075,29.0
533,011252154,0.0
534,011312019,0.0
535,011312218,38.0
536,011322034,27.0
537,011322099,14.0
538,011322116,155.0
539,011332112,4.0
540,011332113,0.0
541,011332114,42.0
542,011332115,0.0
543,011412215,6.0
544,011412281,0.0
545,011412285,1.0
546,011412288,69.0
547,011432056,4.0
548,011512011,9.0
549,011512028,43.0
550,011512193,0.0
551,011512196,16.0
552,011612101,77.0
553,011612131,0.0
554,011612133,0.0
555,011612135,134.0
556,011632146,0.0
557,011632147,0.0
558,011712051,172.0
559,011712140,53.0
560,011712147,20.0
561,011732048,68.0
562,011812053,63.0
563,011812151,52.0
564,011812160,0.0
565,011852086,14.0
566,011922006,34.0
567,012151053,0.0
568,012152146,43.0
569,012412144,0.0
570,012512077,22.0
571,012542009,23.0
572,012611018,2.0
573,012612073,0.0
574,012712077,32.0
575,012722053,112.0
576,012812110,0.0
577,012812128,24.0
578,014111048,0.0
579,014121052,0.0
580,014122257,0.0
581,014132111,5.0
582,014212302,1.0
583,014222079,1.0
584,014252067,44.0
585,014312153,1.0
586,014312160,0.0
587,014312165,2.0
588,014332142,90.0
589,014412382,165.0
590,014412407,0.0
591,014512013,4.0
592,014512016,2.0
593,014512269,0.0
594,014512274,35.0
595,014512275,8.0
596,014611024,66.0
597,014611033,0.0
598,014722010,23.0
599,014722085,0.0
600,014722182,0.0
601,014751002,2.0
602,014812035,0.0
603,014912126,5.0
604,015111000,14.0
605,015121015,19.0
606,015122206,0.0
607,015122213,0.0
608,015122275,62.0
609,015132058,23.0
610,015142028,77.0
611,015142041,2.0
612,015152214,8.0
613,015212185,0.0
614,015212190,6.0
615,015212197,0.0
616,015212217,24.0
617,015222116,0.0
618,015232086,30.0
619,015251006,0.0
620,015252184,15.0
621,015312010,18.0
622,015312194,0.0
623,015332099,2.0
624,015332107,69.0
625,015411006,86.0
626,015412008,0.0
627,015412156,33.0
628,015512187,12.0
629,015512201,0.0
630,015522058,70.0
631,015552029,41.0
632,015611002,9.0
633,015612119,0.0
634,015612149,97.0
635,015632122,1.0
636,015652035,39.0
637,015652040,34.0
638,015711008,23.0
639,015712160,134.0
640,015722121,0.0
641,015752060,39.0
642,015811014,10.0
643,015812161,0.0
644,015812163,48.0
645,015812167,0.0
646,015852079,61.0
647,015912041,15.0
648,016111032,0.0
649,016122232,73.0
650,016122376,139.0
651,016122474,31.0
652,016122475,48.0
653,016132106,15.0
654,016142045,0.0
655,016142067,1.0
656,016152345,3.0
657,016152368,1.0
658,016152401,39.0
659,016152450,1.0
660,016152456,30.0
661,016212159,33.0
662,016212325,1.0
663,016212368,9.0
664,016212370,1.0
665,016312033,4.0
666,016312380,4.0
667,016322081,13.0
668,016322141,0.0
669,016322200,1.0
670,016322211,104.0
671,016322212,0.0
672,016322214,58.0
673,016342059,8.0
674,016422032,4.0
675,016512230,1.0
676,016512300,37.0
677,016552052,139.0
678,016612146,0.0
679,016612231,7.0
680,016612247,79.0
681,016612248,41.0
682,016622143,11.0
683,016622158,0.0
684,016632184,38.0
685,016712187,0.0
686,016732067,48.0
687,016752075,0.0
688,016812278,0.0
689,016812295,32.0
690,016852103,0.0
691,016852125,18.0
692,016852145,0.0
693,017152141,1.0
694,017152147,30.0
695,017212090,113.0
696,017252082,25.0
697,017312088,1.0
698,017322059,11.0
699,017412147,64.0
700,018151051,0.0
701,018251019,10.0
702,018312041,9.0
703,018622037,0.0
704,018722023,0.0
705,018751007,1.0
706,019312031,0.0
707,019712003,0.0
708,019812133,114.0
709,020412105,97.0
710,021152060,191.0
711,021212128,1.0
712,021311026,34.0
713,021321017,300.0
714,021412174,69.0
715,021712045,27.0
716,021812134,13.0
717,022311017,16.0
718,022412060,75.0
719,023132020,18.0
720,023132090,15.0
721,023212301,2.0
722,023212334,0.0
723,023222148,2.0
724,023252112,25.0
725,023312222,61.0
726,023322187,0.0
727,023412415,1.0
728,023412430,0.0
729,023432056,47.0
730,023512234,4.0
731,023512313,0.0
732,023612006,19.0
733,023622103,39.0
734,023622129,18.0
735,023622152,0.0
736,023652069,105.0
737,023711020,38.0
738,023712128,36.0
739,023712276,0.0
740,023752077,13.0
741,023812262,109.0
742,024652010,3.0
743,025122303,0.0
744,025152055,9.0
745,025152116,172.0
746,025152189,0.0
747,025152203,1.0
748,025152370,12.0
749,025152380,1.0
750,025212253,0.0
751,025222119,37.0
752,025232060,3.0
753,025252167,0.0
754,025322055,509.0
755,025412057,45.0
756,025412198,0.0
757,025412315,3.0
758,025432075,0.0
759,025442046,28.0
760,025522046,2.0
761,025632109,23.0
762,025752024,0.0
763,025812169,0.0
764,025852013,0.0
765,025852016,0.0
766,025912124,56.0
767,026452052,12.0
768,026512135,32.0
769,026512154,6.0
770,026552042,89.0
771,026552045,1.0
772,026632016,352.0
773,026652043,78.0
774,027122107,103.0
775,028112051,38.0
776,028132089,12.0
777,028152057,6.0
778,028152263,47.0
779,028152265,279.0
780,028152279,26.0
781,028152281,102.0
782,028212203,67.0
783,028232020,0.0
784,028232022,0.0
785,028232058,0.0
786,028252051,11.0
787,028252094,113.0
788,028312174,0.0
789,028312184,20.0
790,028332027,0.0
791,028332057,2.0
792,028352018,87.0
793,028352019,25.0
794,028412257,218.0
795,028431000,2.0
796,028612090,0.0
797,028632107,31.0
798,028652012,213.0
799,028812154,0.0
800,028852078,10.0
801,028852080,0.0
802,028922009,78.0
803,029112292,50.0
804,029122245,12.0
805,029122294,33.0
806,029142041,15.0
807,029212070,1.0
808,029212137,25.0
809,029212264,35.0
810,029222100,1.0
811,029232087,3.0
812,029239584,105.0
813,029252168,0.0
814,029252191,56.0
815,029312131,0.0
816,029322150,57.0
817,029332139,61.0
818,029352007,27.0
819,029515211,18.0
820,029542009,117.0
821,029612143,2.0
822,029622062,72.0
823,029712133,14.0
824,029712151,12.0
825,029722214,12.0
826,029732067,11.0
827,029852057,57.0
828,031112017,0.0
829,031112028,65.0
830,031412041,93.0
831,032112209,70.0
832,032122317,21.0
833,032122318,9.0
834,032132076,74.0
835,032152221,120.0
836,032152225,1.0
837,032152299,20.0
838,032152306,1.0
839,032212138,41.0
840,032212265,18.0
841,032212284,21.0
842,032212296,32.0
843,032222115,7.0
844,032222117,103.0
845,032222118,1.0
846,032252190,19.0
847,032252194,9.0
848,032252196,50.0
849,032312138,23.0
850,032312259,16.0
851,032312278,12.0
852,032312284,1.0
853,032322143,22.0
854,032332151,65.0
855,032352026,11.0
856,032412105,80.0
857,032412226,73.0
858,032412242,0.0
859,032412325,20.0
860,032432017,63.0
861,032512106,0.0
862,032512241,0.0
863,032512246,44.0
864,032552024,104.0
865,032552032,0.0
866,032612033,33.0
867,032612126,25.0
868,032612147,2.0
869,032632114,23.0
870,032632146,4.0
871,032632148,0.0
872,032652006,2.0
873,032712036,38.0
874,032712124,0.0
875,032712139,123.0
876,032712160,1.0
877,032722124,12.0
878,032812119,82.0
879,032812204,13.0
880,032832010,7.0
881,032852118,20.0
882,032912086,121.0
883,032912087,16.0
884,032912088,11.0
885,034122072,74.0
886,034122073,9.0
887,034152064,31.0
888,034252028,59.0
889,034312048,104.0
890,034552005,22.0
891,034552010,46.0
892,034812074,38.0
893,034912020,35.0
894,035112192,5.0
895,035112197,3.0
896,035122357,1.0
897,035122411,15.0
898,035122433,11.0
899,035132161,4.0
900,035152126,21.0
901,035152322,254.0
902,035152349,0.0
903,035152354,50.0
904,035212101,64.0
905,035212215,0.0
906,035212283,6.0
907,035212289,0.0
908,035212295,1.0
909,035212312,22.0
910,035222088,12.0
911,035222096,32.0
912,035222125,42.0
913,035252192,0.0
914,035252212,1.0
915,035252216,151.0
916,035312208,0.0
917,035312213,29.0
918,035312214,9.0
919,035322206,1.0
920,035322210,1.0
921,035322214,71.0
922,035332010,1.0
923,035412336,31.0
924,035412355,20.0
925,035412372,7.0
926,035412376,9.0
927,035432083,0.0
928,035452094,1.0
929,035512315,64.0
930,035512316,255.0
931,035522092,54.0
932,035612250,8.0
933,035612253,10.0
934,035612265,23.0
935,035612268,66.0
936,035622137,27.0
937,035632184,0.0
938,035632236,64.0
939,035652054,1.0
940,035652059,1.0
941,035712151,13.0
942,035712287,25.0
943,035712289,8.0
944,035712290,56.0
945,035722007,100.0
946,035722173,3.0
947,035722176,0.0
948,035722191,22.0
949,035812289,35.0
950,035812304,5.0
951,035812309,77.0
952,035852095,0.0
953,035852170,98.0
954,035852183,1.0
955,035852185,32.0
956,036112245,0.0
957,036112247,47.0
958,036122398,1.0
959,036122450,3.0
960,036122479,2.0
961,036122570,0.0
962,036122580,3.0
963,036132131,64.0
964,036142042,316.0
965,036152472,0.0
966,036212048,71.0
967,036212128,1.0
968,036222170,40.0
969,036232144,1.0
970,036232173,50.0
971,036312347,57.0
972,036322038,47.0
973,036322150,44.0
974,036322168,0.0
975,036332219,27.0
976,036352026,13.0
977,036412369,24.0
978,036442008,3.0
979,036512216,1.0
980,036512302,0.0
981,036522052,5.0
982,036542033,2.0
983,036612120,17.0
984,036622083,1.0
985,036622088,1.0
986,036622105,38.0
987,036632109,0.0
988,036632132,25.0
989,036632142,43.0
990,036632149,0.0
991,036712181,0.0
992,036712187,6.0
993,036722153,38.0
994,036732014,0.0
995,036732049,0.0
996,036812210,4.0
997,036812266,10.0
998,036812276,5.0
999,036852148,7.0
1000,036852155,0.0
1001,036912118,25.0
1002,037112229,54.0
1003,037122094,21.0
1004,037122252,76.0
1005,037122481,43.0
1006,037122494,151.0
1007,037122495,61.0
1008,037122496,2.0
1009,037132166,10.0
1010,037142047,16.0
1011,037142074,68.0
1012,037152043,23.0
1013,037152362,104.0
1014,037152389,0.0
1015,037152394,45.0
1016,037152395,34.0
1017,037212287,66.0
1018,037212326,3.0
1019,037212371,19.0
1020,037212379,15.0
1021,037212380,66.0
1022,037212381,72.0
1023,037212382,107.0
1024,037222064,22.0
1025,037222119,54.0
1026,037232174,45.0
1027,037232180,154.0
1028,037240003,45.0
1029,037252024,44.0
1030,037252202,7.0
1031,037252219,0.0
1032,037252220,0.0
1033,037252221,3.0
1034,037252222,56.0
1035,037252223,26.0
1036,037252225,24.0
1037,037312102,0.0
1038,037312261,0.0
1039,037312263,83.0
1040,037312264,23.0
1041,037312268,30.0
1042,037322098,2.0
1043,037322130,0.0
1044,037322187,27.0
1045,037322234,70.0
1046,037332076,1.0
1047,037332110,28.0
1048,037342032,11.0
1049,037412336,19.0
1050,037412472,0.0
1051,037452111,10.0
1052,037452116,157.0
1053,037512077,0.0
1054,037512356,5.0
1055,037512363,6.0
1056,037512364,20.0
1057,037512366,106.0
1058,037522060,33.0
1059,037612201,127.0
1060,037612289,37.0
1061,037612291,1.0
1062,037622085,32.0
1063,037622197,97.0
1064,037632264,10.0
1065,037632283,5.0
1066,037632285,61.0
1067,037632286,43.0
1068,037652083,19.0
1069,037712115,17.0
1070,037712348,0.0
1071,037712364,4.0
1072,037722036,101.0
1073,037722162,47.0
1074,037722193,42.0
1075,037722223,11.0
1076,037752113,1.0
1077,037812334,1.0
1078,037812338,20.0
1079,037812339,63.0
1080,037812340,45.0
1081,037812342,44.0
1082,037852178,5.0
1083,037852184,0.0
1084,037852188,0.0
1085,037852190,111.0
1086,037912094,37.0
1087,037922014,12.0
1088,038112165,14.0
1089,038112292,86.0
1090,038122056,412.0
1091,038122447,8.0
1092,038122464,30.0
1093,038122465,38.0
1094,038152182,16.0
1095,038152257,8.0
1096,038152458,15.0
1097,038152459,30.0
1098,038152460,23.0
1099,038152462,60.0
1100,038152463,3.0
1101,038212162,20.0
1102,038212225,2.0
1103,038212241,0.0
1104,038212353,14.0
1105,038212355,3.0
1106,038212356,37.0
1107,038222156,58.0
1108,038222165,24.0
1109,038222166,45.0
1110,038232074,61.0
1111,038232131,46.0
1112,038312306,23.0
1113,038312332,119.0
1114,038312333,20.0
1115,038312334,2.0
1116,038322057,98.0
1117,038322198,31.0
1118,038322218,21.0
1119,038332200,242.0
1120,038332202,83.0
1121,038342029,33.0
1122,038412429,55.0
1123,038412440,5.0
1124,038412441,64.0
1125,038412442,56.0
1126,038422032,79.0
1127,038512293,23.0
1128,038522047,41.0
1129,038552055,23.0
1130,038612102,0.0
1131,038612200,156.0
1132,038612237,9.0
1133,038632142,195.0
1134,038632186,18.0
1135,038632190,19.0
1136,038642006,1.0
1137,038652081,25.0
1138,038712150,0.0
1139,038722183,61.0
1140,038732072,1.0
1141,038732074,73.0
1142,038812024,25.0
1143,038812272,10.0
1144,038812276,0.0
1145,038812289,44.0
1146,038912096,36.0
1147,038912098,261.0
1148,038912099,0.0
1149,039112075,9.0
1150,039122064,0.0
1151,039122146,6.0
1152,039152023,0.0
1153,039152121,1.0
1154,039152125,0.0
1155,039152139,1.0
1156,039212097,0.0
1157,039212111,0.0
1158,039232037,4.0
1159,039252079,36.0
1160,039252081,6.0
1161,039312062,146.0
1162,039312101,3.0
1163,039412094,42.0
1164,039432023,22.0
1165,039432036,47.0
1166,039512061,0.0
1167,039612071,1.0
1168,039622005,27.0
1169,039622037,40.0
1170,039722049,25.0
1171,040122266,9.0
1172,040132109,1.0
1173,040132111,37.0
1174,040152277,11.0
1175,040212049,2.0
1176,040222047,3.0
1177,040232048,37.0
1178,040322125,0.0
1179,040512187,89.0
1180,040512189,15.0
1181,040612125,0.0
1182,040622068,28.0
1183,040712153,1.0
1184,040722016,0.0
1185,040852086,0.0
1186,041222016,0.0
1187,041432012,1.0
1188,042122036,31.0
1189,042332012,7.0
1190,042432025,17.0
1191,042452011,1.0
1192,042812075,39.0
1193,043132010,21.0
1194,043132034,0.0
1195,043142019,191.0
1196,043152122,0.0
1197,043152137,4.0
1198,043212095,70.0
1199,043212102,39.0
1200,043312089,25.0
1201,043332042,67.0
1202,043332052,11.0
1203,043432021,52.0
1204,043512008,115.0
1205,043512057,73.0
1206,043512097,87.0
1207,043522030,37.0
1208,043612059,50.0
1209,043622028,36.0
1210,043632041,62.0
1211,043632057,83.0
1212,043912028,0.0
1213,044122116,0.0
1214,044222005,7.0
1215,044232094,25.0
1216,044252063,1.0
1217,044252070,31.0
1218,044252071,31.0
1219,044252072,61.0
1220,044312069,66.0
1221,044312090,26.0
1222,044412076,1.0
1223,044522035,101.0
1224,044552022,22.0
1225,044632065,3.0
1226,044732009,7.0
1227,044752036,0.0
1228,044812085,0.0
1229,044912041,28.0
1230,045112010,13.0
1231,045112043,0.0
1232,045112179,0.0
1233,045112185,143.0
1234,045112186,5.0
1235,045112187,35.0
1236,045122095,96.0
1237,045122226,0.0
1238,045122321,9.0
1239,045132018,42.0
1240,045152111,1.0
1241,045152253,1.0
1242,045152269,43.0
1243,045152270,64.0
1244,045152297,2.0
1245,045152298,14.0
1246,045212078,3.0
1247,045212133,2.0
1248,045222017,0.0
1249,045222075,0.0
1250,045222107,14.0
1251,045232085,12.0
1252,045252172,9.0
1253,045252179,2.0
1254,045312051,0.0
1255,045312058,1.0
1256,045312184,15.0
1257,045312245,45.0
1258,045322022,128.0
1259,045322136,2.0
1260,045322142,0.0
1261,045412012,0.0
1262,045412179,49.0
1263,045412219,0.0
1264,045412260,1.0
1265,045412273,57.0
1266,045452057,0.0
1267,045452062,22.0
1268,045452063,1.0
1269,045452064,21.0
1270,045512079,12.0
1271,045512086,18.0
1272,045612049,124.0
1273,045612126,0.0
1274,045612132,0.0
1275,045612136,0.0
1276,045632119,6.0
1277,045632122,39.0
1278,045652045,19.0
1279,045722006,1.0
1280,045722021,0.0
1281,045722139,75.0
1282,045722150,9.0
1283,045732016,0.0
1284,045732052,15.0
1285,045752080,0.0
1286,045812055,22.0
1287,045812089,19.0
1288,045832002,15.0
1289,045852088,19.0
1290,045912065,27.0
1291,046812021,0.0
1292,047152081,1.0
1293,047312044,31.0
1294,047412079,56.0
1295,047722026,80.0
1296,047812016,0.0
1297,050852023,0.0
1298,053112141,60.0
1299,053112219,0.0
1300,053112422,3.0
1301,053112452,29.0
1302,053122629,0.0
1303,053122650,1.0
1304,053122752,7.0
1305,053122754,0.0
1306,053122782,5.0
1307,053122783,0.0
1308,053122787,16.0
1309,053122788,21.0
1310,053122789,7.0
1311,053122790,93.0
1312,053122791,31.0
1313,053132178,64.0
1314,053132202,0.0
1315,053132223,1.0
1316,053132224,30.0
1317,053132225,31.0
1318,053132226,48.0
1319,053142017,35.0
1320,053152082,0.0
1321,053152225,0.0
1322,053152327,26.0
1323,053152438,3.0
1324,053152649,12.0
1325,053152704,11.0
1326,053152729,0.0
1327,053152732,74.0
1328,053152734,67.0
1329,053212139,0.0
1330,053212178,3.0
1331,053212478,370.0
1332,053212533,0.0
1333,053212585,1.0
1334,053212593,22.0
1335,053212608,2.0
1336,053212614,24.0
1337,053212645,1.0
1338,053212653,87.0
1339,053212654,48.0
1340,053222091,0.0
1341,053222188,0.0
1342,053222267,42.0
1343,053232103,98.0
1344,053232238,5.0
1345,053252463,0.0
1346,053252467,3.0
1347,053252474,0.0
1348,053312011,1.0
1349,053312041,54.0
1350,053312181,9.0
1351,053312310,20.0
1352,053312572,34.0
1353,053312574,44.0
1354,053322379,18.0
1355,053332197,22.0
1356,053332335,7.0
1357,053332336,0.0
1358,053332341,44.0
1359,053332342,97.0
1360,053342050,0.0
1361,053342090,54.0
1362,053342102,30.0
1363,053342103,84.0
1364,053412558,25.0
1365,053412622,7.0
1366,053412729,1.0
1367,053412736,10.0
1368,053412745,37.0
1369,053412746,127.0
1370,053412747,18.0
1371,053412748,81.0
1372,053432164,0.0
1373,053432174,17.0
1374,053452149,6.0
1375,053452156,7.0
1376,053452158,74.0
1377,053512176,4.0
1378,053512425,0.0
1379,053512483,3.0
1380,053512484,10.0
1381,053512486,49.0
1382,053522075,0.0
1383,053522078,2.0
1384,053522142,4.0
1385,053522148,8.0
1386,053552026,196.0
1387,053552082,22.0
1388,053552102,20.0
1389,053612355,11.0
1390,053612356,0.0
1391,053612357,0.0
1392,053612360,8.0
1393,053622007,5.0
1394,053622212,36.0
1395,053622213,47.0
1396,053622216,66.0
1397,053632245,0.0
1398,053632266,30.0
1399,053632308,79.0
1400,053632315,80.0
1401,053652170,5.0
1402,053712130,1.0
1403,053712251,14.0
1404,053712304,31.0
1405,053712332,69.0
1406,053712382,1.0
1407,053712391,69.0
1408,053712392,70.0
1409,053712394,53.0
1410,053722100,63.0
1411,053722194,1.0
1412,053722229,0.0
1413,053722326,35.0
1414,053722329,16.0
1415,053732032,1.0
1416,053732089,40.0
1417,053732099,5.0
1418,053752184,58.0
1419,053812318,56.0
1420,053812382,12.0
1421,053812400,22.0
1422,053812408,16.0
1423,053812411,0.0
1424,053812452,2.0
1425,053812455,27.0
1426,053852232,0.0
1427,053852246,13.0
1428,053912194,20.0
1429,054112072,0.0
1430,054132060,7.0
1431,054332041,0.0
1432,054332042,61.0
1433,054432026,54.0
1434,054512173,34.0
1435,054512183,21.0
1436,054522036,0.0
1437,054612142,7.0
1438,054712083,47.0
1439,054722100,0.0
1440,054752059,31.0
1441,054852089,2.0
1442,055112156,0.0
1443,055122044,66.0
1444,055122111,0.0
1445,055122260,27.0
1446,055132027,6.0
1447,055152257,39.0
1448,055212195,14.0
1449,055232033,22.0
1450,055232040,121.0
1451,055242002,0.0
1452,055312217,138.0
1453,055322064,0.0
1454,055412229,0.0
1455,055412246,35.0
1456,055432049,12.0
1457,055432051,8.0
1458,055452049,19.0
1459,055512064,0.0
1460,055532010,29.0
1461,055552026,16.0
1462,055612133,0.0
1463,055632114,2.0
1464,055652048,20.0
1465,055712094,55.0
1466,055722088,1.0
1467,055752030,0.0
1468,055852091,78.0
1469,056122103,19.0
1470,056152086,27.0
1471,056212023,0.0
1472,056212065,17.0
1473,056212069,1.0
1474,056312029,6.0
1475,056350005,23.0
1476,056612022,47.0
1477,056652019,140.0
1478,056712009,0.0
1479,056712037,5.0
1480,056830002,83.0
1481,057112020,52.0
1482,057112063,318.0
1483,057122124,1.0
1484,057132025,5.0
1485,057212057,84.0
1486,057212072,22.0
1487,057232050,3.0
1488,057312163,89.0
1489,057312179,17.0
1490,057312184,6.0
1491,057322076,9.0
1492,057332034,13.0
1493,057412100,45.0
1494,057512046,6.0
1495,057612055,184.0
1496,057632030,49.0
1497,057732028,0.0
1498,057752011,12.0
1499,057912038,57.0
1500,058152033,0.0
1501,058222018,4.0
1502,058232008,15.0
1503,058322017,0.0
1504,058632027,80.0
1505,058812014,0.0
1506,058852019,32.0
1507,060112062,116.0
1508,060112115,172.0
1509,060122106,33.0
1510,060122157,21.0
1511,060122162,0.0
1512,060122173,21.0
1513,060122181,0.0
1514,060122184,15.0
1515,060122185,41.0
1516,060132041,0.0
1517,060132048,13.0
1518,060142001,3.0
1519,060152039,3.0
1520,060152133,39.0
1521,060152134,35.0
1522,060212122,0.0
1523,060222039,44.0
1524,060232045,11.0
1525,060252093,21.0
1526,060252094,22.0
1527,060312119,51.0
1528,060312121,51.0
1529,060312122,120.0
1530,060332065,79.0
1531,060342028,86.0
1532,060412068,0.0
1533,060412111,4.0
1534,060412156,0.0
1535,060412165,42.0
1536,060512091,33.0
1537,060552015,130.0
1538,060552018,0.0
1539,060552020,45.0
1540,060612067,2.0
1541,060612068,107.0
1542,060622014,7.0
1543,060622043,15.0
1544,060632049,3.0
1545,060722010,71.0
1546,060722042,0.0
1547,060752018,0.0
1548,060752032,57.0
1549,060752033,31.0
1550,060752034,26.0
1551,060812024,3.0
1552,060812097,96.0
1553,060812099,20.0
1554,060852048,34.0
1555,061122089,47.0
1556,061122093,6.0
1557,061152080,21.0
1558,061212076,38.0
1559,061212078,0.0
1560,061312055,43.0
1561,061322040,37.0
1562,061322042,228.0
1563,061512027,5.0
1564,061652032,0.0
1565,061722026,83.0
1566,061812053,16.0
1567,062122138,0.0
1568,062122141,2.0
1569,062152050,0.0
1570,062152154,0.0
1571,062252053,2.0
1572,062312080,42.0
1573,062322051,22.0
1574,062322058,3.0
1575,062412149,0.0
1576,062412157,65.0
1577,062612085,0.0
1578,062622021,10.0
1579,062622095,31.0
1580,062652022,79.0
1581,062712003,0.0
1582,062722065,0.0
1583,063112102,19.0
1584,063112144,26.0
1585,063112223,17.0
1586,063112247,14.0
1587,063112249,10.0
1588,063112286,22.0
1589,063112313,30.0
1590,063112314,226.0
1591,063122037,0.0
1592,063122547,2.0
1593,063122550,13.0
1594,063122570,16.0
1595,063122585,64.0
1596,063122588,29.0
1597,063122598,26.0
1598,063122602,44.0
1599,063122604,85.0
1600,063122607,4.0
1601,063122608,24.0
1602,063122609,4.0
1603,063122610,22.0
1604,063122612,46.0
1605,063132181,2.0
1606,063132224,0.0
1607,063142022,12.0
1608,063152033,0.0
1609,063152165,1.0
1610,063152420,19.0
1611,063152478,1.0
1612,063152533,63.0
1613,063152575,18.0
1614,063152577,11.0
1615,063152610,26.0
1616,063152614,11.0
1617,063152619,22.0
1618,063152620,43.0
1619,063212426,27.0
1620,063212447,5.0
1621,063212465,73.0
1622,063212475,0.0
1623,063212479,68.0
1624,063212481,23.0
1625,063222176,0.0
1626,063222293,10.0
1627,063222302,15.0
1628,063222303,47.0
1629,063232038,3.0
1630,063232067,33.0
1631,063232103,0.0
1632,063232202,0.0
1633,063232207,35.0
1634,063252198,21.0
1635,063252272,0.0
1636,063252274,19.0
1637,063252299,38.0
1638,063252309,43.0
1639,063252323,2.0
1640,063252324,44.0
1641,063312213,0.0
1642,063312320,57.0
1643,063312324,3.0
1644,063312346,133.0
1645,063312349,0.0
1646,063322120,2.0
1647,063322156,0.0
1648,063322297,1.0
1649,063322307,25.0
1650,063332120,207.0
1651,063332146,12.0
1652,063332178,24.0
1653,063332182,28.0
1654,063342050,34.0
1655,063412199,15.0
1656,063412255,3.0
1657,063412481,152.0
1658,063412560,3.0
1659,063412633,5.0
1660,063412674,0.0
1661,063412691,14.0
1662,063412697,5.0
1663,063412701,31.0
1664,063412702,15.0
1665,063422017,7.0
1666,063422034,0.0
1667,063432130,27.0
1668,063432134,0.0
1669,063452127,14.0
1670,063452157,2.0
1671,063452171,79.0
1672,063512062,75.0
1673,063512288,16.0
1674,063512389,1.0
1675,063512395,16.0
1676,063512426,12.0
1677,063512464,51.0
1678,063512469,30.0
1679,063512493,4.0
1680,063512501,15.0
1681,063512511,0.0
1682,063512512,0.0
1683,063512513,5.0
1684,063522099,10.0
1685,063522222,37.0
1686,063522224,48.0
1687,063522225,1.0
1688,063522226,37.0
1689,063522227,23.0
1690,063522228,42.0
1691,063522229,182.0
1692,063532008,47.0
1693,063542012,8.0
1694,063612154,1.0
1695,063612201,39.0
1696,063612350,0.0
1697,063612366,14.0
1698,063612369,25.0
1699,063612374,6.0
1700,063612376,21.0
1701,063612378,33.0
1702,063622129,9.0
1703,063622191,6.0
1704,063622215,5.0
1705,063622219,1.0
1706,063622220,26.0
1707,063622222,0.0
1708,063622224,0.0
1709,063622230,45.0
1710,063632099,0.0
1711,063632272,46.0
1712,063632314,19.0
1713,063632330,2.0
1714,063632334,29.0
1715,063632343,14.0
1716,063632347,0.0
1717,063632358,24.0
1718,063652067,31.0
1719,063652071,38.0
1720,063652083,11.0
1721,063652098,31.0
1722,063712255,34.0
1723,063712407,30.0
1724,063712419,50.0
1725,063712428,0.0
1726,063712432,1.0
1727,063712436,2.0
1728,063712442,38.0
1729,063712444,4.0
1730,063722034,0.0
1731,063722132,1.0
1732,063722255,4.0
1733,063722298,13.0
1734,063722314,1.0
1735,063722315,20.0
1736,063722316,0.0
1737,063722317,30.0
1738,063722318,80.0
1739,063752164,11.0
1740,063752166,13.0
1741,063812201,30.0
1742,063812442,73.0
1743,063812456,9.0
1744,063812488,6.0
1745,063812490,0.0
1746,063812491,4.0
1747,063812493,57.0
1748,063812497,11.0
1749,063812498,40.0
1750,063812501,79.0
1751,063852033,2.0
1752,063852215,25.0
1753,063852229,0.0
1754,063852249,0.0
1755,063912112,2.0
1756,064452006,1.0
1757,065152007,12.0
1758,065212056,21.0
1759,065312078,69.0
1760,065332031,26.0
1761,065412067,133.0
1762,065412068,30.0
1763,065522011,0.0
1764,065712036,0.0
1765,065852024,1.0
1766,066112129,12.0
1767,066122134,94.0
1768,066122158,2.0
1769,066122191,0.0
1770,066122196,12.0
1771,066152136,0.0
1772,066152174,6.0
1773,066152200,0.0
1774,066152207,51.0
1775,066212108,36.0
1776,066212110,32.0
1777,066212111,5.0
1778,066212137,19.0
1779,066252068,39.0
1780,066252123,24.0
1781,066312118,0.0
1782,066322094,1.0
1783,066322098,18.0
1784,066322100,0.0
1785,066322102,8.0
1786,066322106,44.0
1787,066332052,86.0
1788,066412093,8.0
1789,066512114,94.0
1790,066512130,20.0
1791,066612084,0.0
1792,066622060,32.0
1793,066632077,0.0
1794,066632101,0.0
1795,066652041,60.0
1796,066722081,2.0
1797,066722086,16.0
1798,066732024,0.0
1799,066752049,23.0
1800,066812111,12.0
1801,066812115,1.0
1802,066912072,0.0
1803,067122051,40.0
1804,067152064,0.0
1805,067412096,88.0
1806,068003737,117.0
1807,068004140,48.0
1808,068004360,0.0
1809,068004900,66.0
1810,068005408,0.0
1811,068005502,13.0
1812,068005531,14.0
1813,068005553,4.0
1814,068005573,11.0
1815,068005584,0.0
1816,068005615,41.0
1817,068005619,0.0
1818,068005637,7.0
1819,068005643,0.0
1820,068005644,0.0
1821,068005654,54.0
1822,068005655,0.0
1823,068005666,0.0
1824,068005671,20.0
1825,068005672,13.0
1826,068005673,9.0
1827,068005684,53.0
1828,068005690,19.0
1829,068005698,0.0
1830,068005706,34.0
1831,068005707,48.0
1832,068005709,13.0
1833,068005712,13.0
1834,069222029,60.0
1835,069322010,14.0
1836,069322014,194.0
1837,069412115,6.0
1838,069612026,37.0
1839,069722036,52.0
1840,069812067,55.0
1841,069812096,179.0
1842,069830002,58.0
1843,070112038,22.0
1844,070112113,0.0
1845,070122032,0.0
1846,070122049,427.0
1847,070122106,3.0
1848,070132011,0.0
1849,070152087,25.0
1850,070212156,11.0
1851,070232048,37.0
1852,070312121,0.0
1853,070312141,15.0
1854,070322031,0.0
1855,070332011,0.0
1856,070332037,71.0
1857,070332075,2.0
1858,070412183,0.0
1859,070512008,169.0
1860,070512067,1.0
1861,070612038,5.0
1862,070612092,22.0
1863,070712118,4.0
1864,070752041,1.0
1865,070812054,3.0
1866,071112010,0.0
1867,071122165,21.0
1868,071122167,27.0
1869,071152069,0.0
1870,071152150,31.0
1871,071152152,26.0
1872,071152153,0.0
1873,071212090,0.0
1874,071212153,0.0
1875,071212157,17.0
1876,071222042,45.0
1877,071252084,12.0
1878,071252085,39.0
1879,071312077,0.0
1880,071322070,27.0
1881,071412052,0.0
1882,071412063,6.0
1883,071412105,47.0
1884,071412109,1.0
1885,071412120,12.0
1886,071412127,37.0
1887,071512122,22.0
1888,071512125,28.0
1889,071552031,232.0
1890,071612073,0.0
1891,071612077,26.0
1892,071612079,5.0
1893,071622052,0.0
1894,071622054,167.0
1895,071652007,68.0
1896,071712030,116.0
1897,071712065,0.0
1898,071722041,2.0
1899,071722063,46.0
1900,071732030,0.0
1901,071752023,41.0
1902,071812103,65.0
1903,071852026,0.0
1904,071852027,36.0
1905,072112042,8.0
1906,072112051,37.0
1907,072122120,36.0
1908,072122134,57.0
1909,072122136,12.0
1910,072142027,8.0
1911,072142030,54.0
1912,072152009,1.0
1913,072152082,3.0
1914,072212011,3.0
1915,072212082,18.0
1916,072212085,9.0
1917,072212090,19.0
1918,072252061,35.0
1919,072252068,39.0
1920,072252069,30.0
1921,072332060,16.0
1922,072412071,122.0
1923,072412091,1.0
1924,072512054,1.0
1925,072512055,32.0
1926,072522018,41.0
1927,072632020,0.0
1928,072732013,64.0
1929,072752020,0.0
1930,072752039,17.0
1931,072752042,40.0
1932,072912062,36.0
1933,073112078,58.0
1934,073122100,213.0
1935,073122108,29.0
1936,073122111,0.0
1937,073122114,67.0
1938,073152102,92.0
1939,073152103,36.0
1940,073222010,0.0
1941,073222043,58.0
1942,073252068,10.0
1943,073252069,23.0
1944,073352010,55.0
1945,073412113,36.0
1946,073552024,64.0
1947,073622007,0.0
1948,073712025,0.0
1949,073752016,0.0
1950,073852020,63.0
1951,073852035,0.0
1952,075112061,47.0
1953,075122114,0.0
1954,075122120,0.0
1955,075152061,0.0
1956,075152077,0.0
1957,075222033,3.0
1958,075222034,93.0
1959,075252039,98.0
1960,075322009,1.0
1961,075322058,0.0
1962,075412060,0.0
1963,075442011,3.0
1964,075732021,0.0
1965,075852037,6.0
1966,075852039,129.0
1967,076112050,56.0
1968,076122102,1.0
1969,076132041,2.0
1970,076212048,7.0
1971,076222017,0.0
1972,076312056,12.0
1973,076522038,23.0
1974,076612028,146.0
1975,076612033,52.0
1976,076712020,16.0
1977,077142022,35.0
1978,077612006,0.0
1979,077722083,38.0
1980,078112010,35.0
1981,078112074,4.0
1982,078122095,0.0
1983,078122161,1.0
1984,078132049,113.0
1985,078132050,39.0
1986,078212150,0.0
1987,078222035,221.0
1988,078322027,10.0
1989,078322056,2.0
1990,078332048,12.0
1991,078412107,0.0
1992,078412138,13.0
1993,078412164,0.0
1994,078512074,58.0
1995,078522050,1.0
1996,078612086,95.0
1997,078622043,3.0
1998,078622044,4.0
1999,078632067,10.0
2000,078732029,0.0
2001,078812051,33.0
2002,080212066,63.0
2003,080312062,0.0
2004,080712024,0.0
2005,081112052,1.0
2006,081252047,7.0
2007,081852007,118.0
2008,082112021,48.0
2009,082142016,5.0
2010,082212096,33.0
2011,082312066,15.0
2012,082312100,2.0
2013,082412072,0.0
2014,082512078,0.0
2015,082522030,14.0
2016,082552016,55.0
2017,082622033,36.0
2018,082632035,17.0
2019,082912004,48.0
2020,082912024,3.0
2021,083112067,1.0
2022,083132026,44.0
2023,083152100,4.0
2024,083212100,2.0
2025,083222072,29.0
2026,083322075,1.0
2027,083322078,41.0
2028,083512120,22.0
2029,083512121,44.0
2030,083512125,1.0
2031,083612060,0.0
2032,083612077,59.0
2033,083612079,8.0
2034,083622039,3.0
2035,083712074,3.0
2036,083722017,35.0
2037,083722054,35.0
2038,083752047,5.0
2039,083812114,28.0
2040,083912021,3.0
2041,084122034,1.0
2042,084122071,139.0
2043,084132013,1.0
2044,084132022,1.0
2045,084140008,0.0
2046,084152021,0.0
2047,084152043,1.0
2048,084152046,16.0
2049,084212031,0.0
2050,084212063,0.0
2051,084212064,66.0
2052,084252050,0.0
2053,084252052,0.0
2054,084252054,64.0
2055,084322048,11.0
2056,084412070,1.0
2057,084440003,0.0
2058,084440007,0.0
2059,084440008,25.0
2060,084452022,2.0
2061,084512016,0.0
2062,084512056,5.0
2063,084512072,16.0
2064,084522040,0.0
2065,084612018,2.0
2066,084622027,30.0
2067,084632034,0.0
2068,084730007,0.0
2069,084752010,2.0
2070,084752014,0.0
2071,084812036,1.0
2072,084812062,241.0
2073,084912009,0.0
2074,085110020,23.0
2075,085110050,83.0
2076,085120104,35.0
2077,085150086,1.0
2078,085150112,0.0
2079,085210032,27.0
2080,085210035,1.0
2081,085210113,16.0
2082,085220042,0.0
2083,085220054,0.0
2084,085230040,8.0
2085,085250063,39.0
2086,085250064,88.0
2087,085310042,0.0
2088,085310068,2.0
2089,085310073,10.0
2090,085330004,0.0
2091,085350008,4.0
2092,085430029,1.0
2093,085430030,14.0
2094,085440011,94.0
2095,085450010,1.0
2096,085520032,1.0
2097,085540002,0.0
2098,085610010,0.0
2099,085610067,1.0
2100,085620058,38.0
2101,085630001,2.0
2102,085630069,0.0
2103,085710065,23.0
2104,085710075,12.0
2105,085710082,3.0
2106,085710088,0.0
2107,085720022,0.0
2108,085730023,38.0
2109,085750046,1.0
2110,085810012,2.0
2111,085810020,1.0
2112,085810070,12.0
2113,085850040,7.0
2114,085850048,0.0
2115,085850050,0.0
2116,085910018,1.0
2117,086110048,13.0
2118,086120007,0.0
2119,086120018,1.0
2120,086120047,4.0
2121,086120092,4.0
2122,086120099,5.0
2123,086150047,0.0
2124,086210007,4.0
2125,086210063,0.0
2126,086230021,14.0
2127,086230025,0.0
2128,086250010,0.0
2129,086250024,8.0
2130,086250029,4.0
2131,086310004,4.0
2132,086310006,0.0
2133,086320018,0.0
2134,086330001,3.0
2135,086330013,3.0
2136,086410083,1.0
2137,086410107,2.0
2138,086410108,0.0
2139,086450017,47.0
2140,086510045,2.0
2141,086510050,0.0
2142,086510054,0.0
2143,086510059,3.0
2144,086510061,0.0
2145,086510062,1.0
2146,086510063,41.0
2147,086520016,0.0
2148,086610034,1.0
2149,086630007,1.0
2150,086630067,0.0
2151,086650012,11.0
2152,086710025,1.0
2153,086710032,0.0
2154,086710058,0.0
2155,086710065,4.0
2156,086710066,6.0
2157,086710067,1.0
2158,086750012,4.0
2159,086810015,7.0
2160,086810024,0.0
2161,086810065,0.0
2162,086810097,0.0
2163,086810101,1.0
2164,086810110,96.0
2165,086810111,0.0
2166,086850038,0.0
2167,086850052,2.0
2168,086850054,6.0
2169,087212125,26.0
2170,087212140,57.0
2171,087322026,3.0
2172,087322072,8.0
2173,087342009,62.0
2174,087412075,0.0
2175,087412105,2.0
2176,087412135,0.0
2177,087452035,39.0
2178,087512045,54.0
2179,087522039,7.0
2180,087612065,4.0
2181,087722045,117.0
2182,088112034,25.0
2183,088152022,19.0
2184,088152055,0.0
2185,088152065,46.0
2186,088212044,21.0
2187,088220018,122.0
2188,088350002,0.0
2189,088420003,65.0
2190,088522005,24.0
2191,088612028,5.0
2192,088912004,2.0
2193,089110010,1.0
2194,089120084,55.0
2195,089150026,132.0
2196,089150054,38.0
2197,089230034,32.0
2198,089310040,0.0
2199,089320040,0.0
2200,089320043,45.0
2201,089410084,8.0
2202,089410087,2.0
2203,089430029,12.0
2204,089510064,8.0
2205,089610017,0.0
2206,089610040,60.0
2207,089610049,32.0
2208,089620027,0.0
2209,089630035,50.0
2210,089710065,51.0
2211,089720038,0.0
2212,089850001,5.0
2213,090110050,76.0
2214,090120113,38.0
2215,090120123,0.0
2216,090120125,14.0
2217,090120126,1.0
2218,090150095,46.0
2219,090210015,8.0
2220,090210136,0.0
2221,090250064,9.0
2222,090320037,1.0
2223,090330027,2.0
2224,090330070,2.0
2225,090450015,0.0
2226,090450017,17.0
2227,090510060,0.0
2228,090550013,3.0
2229,090550021,8.0
2230,090620035,22.0
2231,090620036,27.0
2232,090710058,28.0
2233,090720043,30.0
2234,090810055,66.0
2235,090810066,18.0
2236,092112046,0.0
2237,092152082,0.0
2238,092252035,6.0
2239,092350007,0.0
2240,092432002,142.0
2241,092452016,1.0
2242,092512062,0.0
2243,092622025,1.0
2244,092712067,0.0
2245,092722036,0.0
2246,093122194,0.0
2247,093122216,60.0
2248,093152150,19.0
2249,093222092,1.0
2250,093222093,42.0
2251,093222094,16.0
2252,093322063,55.0
2253,093412164,2.0
2254,093412186,51.0
2255,093412212,43.0
2256,093412218,1.0
2257,093412219,38.0
2258,093512144,2.0
2259,093522037,9.0
2260,093612081,1.0
2261,093612111,1.0
2262,093632121,0.0
2263,093632123,0.0
2264,093712038,25.0
2265,093712105,27.0
2266,093722093,0.0
2267,093732021,0.0
2268,093752047,14.0
2269,093852065,2.0
2270,094122063,1.0
2271,094130027,23.0
2272,094152055,0.0
2273,094152056,0.0
2274,094152061,0.0
2275,094212066,0.0
2276,094212075,84.0
2277,094232019,0.0
2278,094322040,6.0
2279,094350001,0.0
2280,094412054,0.0
2281,094452004,19.0
2282,094452017,0.0
2283,094512042,1.0
2284,094622027,4.0
2285,094632014,0.0
2286,094632032,0.0
2287,095220005,0.0
2288,095250008,0.0
2289,095510032,0.0
2290,095610068,86.0
2291,095610069,57.0
2292,095630001,0.0
2293,095650014,1.0
2294,095650015,0.0
2295,095720007,1.0
2296,095810028,1.0
2297,096120027,1.0
2298,096120042,4.0
2299,096120049,0.0
2300,096120074,0.0
2301,096130019,0.0
2302,096140007,69.0
2303,096150017,0.0
2304,096150039,1.0
2305,096150053,0.0
2306,096150054,21.0
2307,096210058,0.0
2308,096220026,4.0
2309,096230025,38.0
2310,096310035,0.0
2311,096310064,13.0
2312,096310066,37.0
2313,096310067,37.0
2314,096320027,15.0
2315,096410010,1.0
2316,096410069,0.0
2317,096410071,1.0
2318,096410072,0.0
2319,096430001,40.0
2320,096510044,8.0
2321,096620004,0.0
2322,096620017,1.0
2323,096620022,50.0
2324,096710008,53.0
2325,096720001,2.0
2326,096720018,6.0
2327,096850028,4.0
2328,096850032,82.0
2329,097110005,22.0
2330,097130002,45.0
2331,097150007,86.0
2332,097750003,83.0
2333,098152009,7.0
2334,098152044,10.0
2335,098152045,101.0
2336,098812024,0.0
2337,099110063,6.0
2338,099110064,3.0
2339,099110065,4.0
2340,099120061,2.0
2341,099120177,3.0
2342,099120179,54.0
2343,099150055,3.0
2344,099220026,9.0
2345,099310006,1.0
2346,099310013,1.0
2347,099310143,0.0
2348,099310146,28.0
2349,099330062,3.0
2350,099330084,17.0
2351,099410018,1.0
2352,099410129,0.0
2353,099430024,24.0
2354,099610047,47.0
2355,099610050,1.0
2356,099620029,0.0
2357,099630021,0.0
2358,099630046,11.0
2359,099650003,1.0
2360,099650011,4.0
2361,099720005,3.0
2362,099720043,34.0
2363,099750004,0.0
2364,099750036,16.0
2365,099810006,16.0
2366,099910008,6.0
2367,100720012,39.0
2368,101110048,0.0
2369,101110050,14.0
2370,101120011,7.0
2371,101120078,1.0
2372,101150075,113.0
2373,101250049,0.0
2374,101250054,1.0
2375,101250057,148.0
2376,101310047,0.0
2377,101310070,0.0
2378,101320031,5.0
2379,101410031,2.0
2380,101510004,34.0
2381,101540004,0.0
2382,101630021,28.0
2383,102140004,1.0
2384,102210028,0.0
2385,102210068,0.0
2386,102250008,3.0
2387,102310030,0.0
2388,102330003,0.0
2389,102410055,0.0
2390,102410057,0.0
2391,102410058,0.0
2392,102410059,151.0
2393,102440002,0.0
2394,102510017,0.0
2395,102510038,0.0
2396,102510063,0.0
2397,102550010,6.0
2398,102710030,0.0
2399,102720011,0.0
2400,102750020,1.0
2401,102810023,0.0
2402,102810049,60.0
2403,102850013,0.0
2404,104150286,19.0
2405,104410075,6.0
2406,104510039,20.0
2407,104710127,52.0
2408,104730024,34.0
2409,108140003,0.0
2410,108150001,1.0
2411,108150037,29.0
2412,108250022,3.0
2413,108310018,12.0
2414,108410069,1.0
2415,108610010,17.0
2416,108630017,1.0
2417,108650006,0.0
2418,108710020,1.0
2419,108810007,0.0
2420,109110062,0.0
2421,109130019,60.0
2422,109230052,4.0
2423,109310083,73.0
2424,109330041,84.0
2425,109410137,68.0
2426,109510135,3.0
2427,109620063,17.0
2428,109750050,13.0
2429,110120047,67.0
2430,110130008,0.0
2431,110220002,3.0
2432,110810028,9.0
2433,111110024,1.0
2434,111120006,0.0
2435,111120034,0.0
2436,111130008,1.0
2437,111130010,0.0
2438,111130013,0.0
2439,111130014,66.0
2440,111230002,0.0
2441,111230018,2.0
2442,111310042,114.0
2443,111340001,0.0
2444,111410012,1.0
2445,111410024,1.0
2446,111520008,0.0
2447,111630014,0.0
2448,111710009,0.0
2449,111710020,0.0
2450,111810011,11.0
2451,111850013,0.0
2452,111910012,5.0
2453,112120038,141.0
2454,112120062,4.0
2455,112150022,33.0
2456,112210001,1.0
2457,112220021,0.0
2458,112250024,109.0
2459,112330013,35.0
2460,112340004,0.0
2461,112410042,12.0
2462,112410054,0.0
2463,112710027,3.0
2464,113110026,49.0
2465,113120002,59.0
2466,113120039,0.0
2467,113250039,17.0
2468,113250040,16.0
2469,113410002,0.0
2470,113630018,19.0
2471,113630020,27.0
2472,116110005,0.0
2473,116210019,0.0
2474,116410015,1.0
2475,116610010,0.0
2476,116710007,0.0
2477,117110002,80.0
2478,117150050,10.0
2479,117220017,6.0
2480,117430015,53.0
2481,117450011,65.0
2482,117510017,0.0
2483,118630008,9.0
2484,119110083,79.0
2485,119110090,0.0
2486,119120046,31.0
2487,119120058,6.0
2488,119120157,17.0
2489,119130042,1.0
2490,119140006,0.0
2491,119150150,29.0
2492,119150173,0.0
2493,119150177,84.0
2494,119210109,0.0
2495,119230032,174.0
2496,119230044,2.0
2497,119250075,31.0
2498,119250076,0.0
2499,119310094,75.0
2500,119310097,47.0
2501,119320022,0.0
2502,119320070,11.0
2503,119330101,12.0
2504,119330123,2.0
2505,119330124,56.0
2506,119330126,0.0
2507,119410104,4.0
2508,119410112,60.0
2509,119410113,18.0
2510,119430027,21.0
2511,119440010,31.0
2512,119450004,67.0
2513,119450023,6.0
2514,119450036,4.0
2515,119520009,0.0
2516,119520027,1.0
2517,119520030,1.0
2518,119710089,8.0
2519,119710094,2.0
2520,119720003,0.0
2521,119850005,0.0
2522,119850007,53.0
2523,119910034,19.0
2524,120110101,22.0
2525,120110120,0.0
2526,120110124,34.0
2527,120120201,0.0
2528,120120207,100.0
2529,120130062,115.0
2530,120150075,24.0
2531,120150104,61.0
2532,120150120,82.0
2533,120150189,0.0
2534,120150192,83.0
2535,120150193,3.0
2536,120210098,148.0
2537,120210132,0.0
2538,120210150,265.0
2539,120210163,6.0
2540,120220074,7.0
2541,120220078,1.0
2542,120230051,139.0
2543,120250136,72.0
2544,120310157,38.0
2545,120310162,0.0
2546,120320089,3.0
2547,120320098,0.0
2548,120330084,6.0
2549,120410116,0.0
2550,120410123,0.0
2551,120410151,334.0
2552,120410160,1.0
2553,120410185,63.0
2554,120410200,7.0
2555,120410202,1.0
2556,120410206,47.0
2557,120430026,53.0
2558,120510031,0.0
2559,120510065,27.0
2560,120510129,1.0
2561,120520045,25.0
2562,120630022,59.0
2563,120710094,21.0
2564,120720016,0.0
2565,120720065,0.0
2566,120720087,40.0
2567,120730016,1.0
2568,120730037,2.0
2569,120750034,1.0
2570,120810052,0.0
2571,120810117,3.0
2572,120810120,25.0
2573,120910050,2.0
2574,121120044,0.0
2575,121130009,20.0
2576,121150040,2.0
2577,121210033,29.0
2578,121220016,31.0
2579,121220018,21.0
2580,121410048,0.0
2581,121410050,0.0
2582,121750015,2.0
2583,122120074,14.0
2584,122150012,94.0
2585,122250074,18.0
2586,122310020,3.0
2587,122410058,0.0
2588,122410059,0.0
2589,122610014,21.0
2590,122620011,1.0
2591,122620014,134.0
2592,122640001,20.0
2593,123710005,3.0
2594,124210082,27.0
2595,124220038,4.0
2596,124250072,7.0
2597,124250075,0.0
2598,124310044,1.0
2599,124320039,42.0
2600,124320053,1.0
2601,124330015,0.0
2602,124340006,0.0
2603,124410105,0.0
2604,124410116,12.0
2605,124430012,11.0
2606,124520010,234.0
2607,124620033,33.0
2608,124630071,0.0
2609,124630073,0.0
2610,124650013,2.0
2611,124730015,0.0
2612,124810093,31.0
2613,124810100,0.0
2614,124810101,26.0
2615,125630015,34.0
2616,125650018,4.0
2617,125810032,58.0
2618,126150020,0.0
2619,126220006,38.0
2620,126320005,0.0
2621,126330010,58.0
2622,126510007,0.0
2623,126610009,14.0
2624,126610011,31.0
2625,126630013,32.0
2626,126720005,1.0
2627,126730001,1.0
2628,126810014,0.0
2629,126850010,0.0
2630,127150042,57.0
2631,127150049,0.0
2632,127150069,66.0
2633,127310033,3.0
2634,127320039,2.0
2635,127450002,20.0
2636,127510003,0.0
2637,128110003,17.0
2638,128120046,0.0
2639,128120050,16.0
2640,128120052,0.0
2641,128210026,0.0
2642,128230011,0.0
2643,128250005,1.0
2644,128250028,0.0
2645,128310013,32.0
2646,128610020,17.0
2647,128810026,43.0
2648,129210051,14.0
2649,129310032,6.0
2650,129310035,4.0
2651,129320003,1.0
2652,129340007,56.0
2653,129350002,57.0
2654,129410023,0.0
2655,129410037,0.0
2656,129410056,40.0
2657,129550007,10.0
2658,131120010,0.0
2659,131150001,7.0
2660,131150008,52.0
2661,131230012,19.0
2662,131310029,25.0
2663,131410003,1.0
2664,131410013,1.0
2665,131410030,0.0
2666,131510007,0.0
2667,131710020,6.0
2668,131710026,0.0
2669,131720019,8.0
2670,131910002,0.0
2671,132110020,1.0
2672,132120012,91.0
2673,132220014,0.0
2674,132230022,0.0
2675,132320011,2.0
2676,132330014,4.0
2677,132410036,0.0
2678,132620013,4.0
2679,132620024,43.0
2680,132720014,59.0
2681,132810001,1.0
2682,132810031,0.0
2683,133330019,0.0
2684,133410093,14.0
2685,133430024,0.0
2686,133520007,36.0
2687,133520028,0.0
2688,133630056,3.0
2689,133650010,15.0
2690,133710052,225.0
2691,133710053,0.0
2692,133710055,16.0
2693,133720019,15.0
2694,134110024,4.0
2695,134110028,27.0
2696,134110030,0.0
2697,134120001,5.0
2698,134120073,0.0
2699,134120074,52.0
2700,134310064,0.0
2701,134330013,2.0
2702,134410019,8.0
2703,134410035,2.0
2704,134450001,116.0
2705,134510032,8.0
2706,134510033,3.0
2707,134650030,9.0
2708,134720014,35.0
2709,135110036,0.0
2710,135110045,1.0
2711,135120117,75.0
2712,135130073,3.0
2713,135130074,50.0
2714,135130076,59.0
2715,135150128,1.0
2716,135210091,155.0
2717,135220046,13.0
2718,135320016,0.0
2719,135320069,89.0
2720,135320072,48.0
2721,135410111,0.0
2722,135410141,5.0
2723,135410149,1.0
2724,135440005,3.0
2725,135450035,0.0
2726,135520036,0.0
2727,135520050,1.0
2728,135520051,1.0
2729,135550003,0.0
2730,135550016,45.0
2731,135630059,3.0
2732,135710057,5.0
2733,135710066,54.0
2734,135710076,37.0
2735,135710091,19.0
2736,135720039,1.0
2737,135810048,125.0
2738,135810069,2.0
2739,135830007,0.0
2740,135910007,7.0
2741,136110026,0.0
2742,136110027,0.0
2743,136110028,13.0
2744,136120017,26.0
2745,136120050,18.0
2746,136120060,47.0
2747,136150034,0.0
2748,136150059,41.0
2749,136210060,8.0
2750,136220034,36.0
2751,136230026,26.0
2752,136310069,2.0
2753,136310076,24.0
2754,136430026,49.0
2755,136510052,0.0
2756,136510053,0.0
2757,136610001,0.0
2758,136610050,88.0
2759,136630029,0.0
2760,136710054,12.0
2761,136710057,0.0
2762,136720043,0.0
2763,136720044,0.0
2764,136730014,1.0
2765,136910025,13.0
2766,137130011,126.0
2767,137150036,9.0
2768,137150045,27.0
2769,137210002,2.0
2770,137210019,36.0
2771,137220017,64.0
2772,137250036,31.0
2773,137250038,71.0
2774,137330019,1.0
2775,137410021,14.0
2776,137510035,16.0
2777,137520008,95.0
2778,137610021,30.0
2779,137750002,47.0
2780,137810024,9.0
2781,137850010,1.0
2782,138110010,98.0
2783,138110018,49.0
2784,138110020,0.0
2785,138120027,0.0
2786,138120029,81.0
2787,138150033,0.0
2788,138230010,1.0
2789,138250015,8.0
2790,138250016,24.0
2791,138310026,5.0
2792,138410028,6.0
2793,138430006,36.0
2794,138610017,23.0
2795,138610021,21.0
2796,138620004,136.0
2797,138710011,25.0
2798,138810007,145.0
2799,138910005,114.0
2800,139120032,0.0
2801,139120044,1.0
2802,139210049,2.0
2803,139250024,70.0
2804,139440006,42.0
2805,139520024,10.0
2806,139520025,89.0
2807,139620020,0.0
2808,139730001,36.0
2809,139810033,113.0
2810,140110016,0.0
2811,140110026,14.0
2812,140110027,18.0
2813,140120061,1.0
2814,140150033,15.0
2815,140150049,1.0
2816,140210032,1.0
2817,140210037,0.0
2818,140210039,0.0
2819,140220031,586.0
2820,140220032,31.0
2821,140230017,27.0
2822,140250032,0.0
2823,140410064,0.0
2824,140450010,0.0
2825,140510044,0.0
2826,140550013,5.0
2827,140710043,3.0
2828,140720021,0.0
2829,140720023,14.0
2830,140850014,0.0
2831,140910004,0.0
2832,141110017,43.0
2833,141120008,216.0
2834,141150023,18.0
2835,141150051,28.0
2836,141410048,0.0
2837,141510032,0.0
2838,141610025,7.0
2839,141610026,13.0
2840,141630023,6.0
2841,141730004,0.0
2842,141910005,0.0
2843,143110135,55.0
2844,143110147,34.0
2845,143110180,194.0
2846,143110181,98.0
2847,143120005,69.0
2848,143120033,0.0
2849,143120072,5.0
2850,143120151,35.0
2851,143120214,0.0
2852,143120223,105.0
2853,143120235,9.0
2854,143120240,0.0
2855,143120243,33.0
2856,143120261,4.0
2857,143120264,2.0
2858,143120265,47.0
2859,143120266,12.0
2860,143120270,14.0
2861,143120273,30.0
2862,143120275,117.0
2863,143120276,57.0
2864,143120277,10.0
2865,143120278,40.0
2866,143130046,0.0
2867,143140009,9.0
2868,143140033,108.0
2869,143150179,7.0
2870,143150182,10.0
2871,143150238,22.0
2872,143150259,7.0
2873,143150274,17.0
2874,143150277,39.0
2875,143150278,112.0
2876,143150280,6.0
2877,143150282,47.0
2878,143150283,221.0
2879,143210122,10.0
2880,143210143,6.0
2881,143210174,9.0
2882,143210198,0.0
2883,143210213,13.0
2884,143210216,1.0
2885,143210218,66.0
2886,143210233,248.0
2887,143210234,49.0
2888,143210235,1.0
2889,143210237,34.0
2890,143210239,3.0
2891,143220021,24.0
2892,143220032,22.0
2893,143220070,54.0
2894,143220076,53.0
2895,143220080,72.0
2896,143220081,47.0
2897,143230077,0.0
2898,143240003,28.0
2899,143250157,18.0
2900,143250164,67.0
2901,143250168,113.0
2902,143250169,47.0
2903,143250171,97.0
2904,143250172,1.0
2905,143310050,0.0
2906,143310172,49.0
2907,143310215,14.0
2908,143310222,18.0
2909,143310228,51.0
2910,143310229,52.0
2911,143310230,3.0
2912,143310231,0.0
2913,143310232,47.0
2914,143310233,51.0
2915,143310234,47.0
2916,143310235,40.0
2917,143310236,122.0
2918,143320040,44.0
2919,143320076,0.0
2920,143320092,1.0
2921,143320108,21.0
2922,143320123,16.0
2923,143320131,0.0
2924,143320132,0.0
2925,143320134,5.0
2926,143320136,31.0
2927,143330056,48.0
2928,143330104,22.0
2929,143330106,2.0
2930,143330120,39.0
2931,143330123,78.0
2932,143340021,21.0
2933,143350018,1.0
2934,143350019,18.0
2935,143410126,29.0
2936,143410132,52.0
2937,143410179,30.0
2938,143410204,25.0
2939,143410230,19.0
2940,143410242,24.0
2941,143410255,16.0
2942,143410256,2.0
2943,143410257,67.0
2944,143410259,34.0
2945,143410260,45.0
2946,143410261,43.0
2947,143420015,22.0
2948,143430045,4.0
2949,143430047,1.0
2950,143440014,8.0
2951,143450021,27.0
2952,143450059,16.0
2953,143510150,7.0
2954,143510153,19.0
2955,143510162,21.0
2956,143510164,42.0
2957,143510166,32.0
2958,143520020,18.0
2959,143550015,3.0
2960,143550031,1.0
2961,143550036,36.0
2962,143550038,5.0
2963,143610119,47.0
2964,143610124,134.0
2965,143610133,137.0
2966,143610136,114.0
2967,143610138,85.0
2968,143620063,17.0
2969,143630032,31.0
2970,143630064,73.0
2971,143630103,0.0
2972,143630107,78.0
2973,143630108,29.0
2974,143650010,0.0
2975,143650039,56.0
2976,143650048,32.0
2977,143650050,18.0
2978,143650053,74.0
2979,143650055,47.0
2980,143650056,41.0
2981,143710104,17.0
2982,143710138,1.0
2983,143710151,0.0
2984,143710155,1.0
2985,143710156,9.0
2986,143710157,101.0
2987,143720065,4.0
2988,143720101,2.0
2989,143720108,9.0
2990,143720111,10.0
2991,143720118,25.0
2992,143720123,55.0
2993,143720125,36.0
2994,143720126,26.0
2995,143720127,35.0
2996,143730033,15.0
2997,143750055,2.0
2998,143750067,0.0
2999,143750068,90.0
3000,143810133,129.0
3001,143810150,80.0
3002,143810154,28.0
3003,143810162,38.0
3004,143810176,0.0
3005,143810190,4.0
3006,143810193,65.0
3007,143810195,19.0
3008,143810197,24.0
3009,143810198,77.0
3010,143850032,7.0
3011,143850072,8.0
3012,143850074,92.0
3013,143850075,1.0
3014,143850079,14.0
3015,143850082,52.0
3016,143850084,138.0
3017,143850085,124.0
3018,143850086,27.0
3019,143910056,16.0
3020,144210026,0.0
3021,144250016,30.0
3022,144320018,5.0
3023,144410024,54.0
3024,144510024,49.0
3025,144720022,82.0
3026,144810020,0.0
3027,145130082,0.0
3028,145210001,1.0
3029,145220005,0.0
3030,145330019,0.0
3031,145410011,48.0
3032,145450064,0.0
3033,145510014,58.0
3034,145510205,0.0
3035,145630055,0.0
3036,145810097,2.0
3037,145810189,3.0
3038,146110024,0.0
3039,146110030,128.0
3040,146110031,0.0
3041,146150020,1.0
3042,146150064,5.0
3043,146210057,0.0
3044,146230016,1.0
3045,146450002,7.0
3046,146510013,0.0
3047,146610012,18.0
3048,146630018,0.0
3049,146750015,23.0
3050,146810002,1.0
3051,147220010,0.0
3052,147620014,31.0
3053,148110001,0.0
3054,148110010,0.0
3055,148120030,1.0
3056,148310018,26.0
3057,148330006,0.0
3058,148510039,0.0
3059,148520016,231.0
3060,148620015,47.0
3061,148630026,1.0
3062,148650002,1.0
3063,148650007,0.0
3064,148710023,0.0
3065,148850022,56.0
3066,149110028,35.0
3067,149120090,0.0
3068,149120095,51.0
3069,149120113,2.0
3070,149120116,1.0
3071,149120117,0.0
3072,149120124,5.0
3073,149120127,42.0
3074,149130042,1.0
3075,149150077,1.0
3076,149150126,0.0
3077,149150130,41.0
3078,149150131,72.0
3079,149210012,3.0
3080,149210102,172.0
3081,149210103,21.0
3082,149230034,0.0
3083,149250058,3.0
3084,149310082,1.0
3085,149310084,0.0
3086,149320055,4.0
3087,149340001,1.0
3088,149410093,0.0
3089,149510057,43.0
3090,149510097,16.0
3091,149510102,0.0
3092,149510104,8.0
3093,149520043,31.0
3094,149610021,29.0
3095,149630082,16.0
3096,149650016,25.0
3097,149720060,0.0
3098,149730002,34.0
3099,149750039,0.0
3100,149810092,5.0
3101,149910022,69.0
3102,150120033,1.0
3103,150120036,5.0
3104,150150056,0.0
3105,150150057,26.0
3106,150210003,1.0
3107,150250014,0.0
3108,150310021,40.0
3109,150410029,0.0
3110,150610002,16.0
3111,150620011,0.0
3112,150710049,0.0
3113,150720026,0.0
3114,150810037,0.0
3115,151230004,41.0
3116,151410029,14.0
3117,151810003,68.0
3118,153110025,2.0
3119,153110045,1.0
3120,153120090,1.0
3121,153140012,0.0
3122,153220016,53.0
3123,153310132,0.0
3124,153310133,0.0
3125,153320025,7.0
3126,153330014,1.0
3127,153340009,0.0
3128,153410061,1.0
3129,153610056,5.0
3130,153610057,0.0
3131,153630007,0.0
3132,153630032,0.0
3133,153650025,3.0
3134,153730022,0.0
3135,153850030,0.0
3136,153910056,16.0
3137,153910058,10.0
3138,153910059,7.0
3139,154120055,3.0
3140,154150067,18.0
3141,154150073,0.0
3142,154210001,13.0
3143,154230036,0.0
3144,154230040,0.0
3145,154250032,0.0
3146,154320020,4.0
3147,154410052,1.0
3148,154410060,0.0
3149,154410071,0.0
3150,154430012,0.0
3151,154430013,53.0
3152,154510033,2.0
3153,154520015,0.0
3154,154610041,5.0
3155,154630042,7.0
3156,154710038,23.0
3157,154710051,43.0
3158,154720028,14.0
3159,154750014,0.0
3160,154810028,0.0
3161,154810043,0.0
3162,154910011,0.0
3163,155210024,34.0
3164,155210041,39.0
3165,155230004,22.0
3166,155250038,0.0
3167,155250052,22.0
3168,155310029,2.0
3169,155310038,11.0
3170,155450003,16.0
3171,155550010,8.0
3172,155610043,185.0
3173,155630036,1.0
3174,155710006,177.0
3175,155720020,47.0
3176,155720036,1.0
3177,155810033,0.0
3178,156110018,117.0
3179,156210033,64.0
3180,156230018,40.0
3181,156250014,48.0
3182,156310026,28.0
3183,156410039,5.0
3184,156630034,26.0
3185,156630035,2.0
3186,156850011,4.0
3187,157150042,32.0
3188,157210041,0.0
3189,157230016,18.0
3190,157320022,1.0
3191,157510041,0.0
3192,157610019,60.0
3193,157720027,3.0
3194,157750002,0.0
3195,158120022,2.0
3196,158630016,34.0
3197,158810021,78.0
3198,159120013,109.0
3199,159120022,95.0
3200,159120036,64.0
3201,159210030,37.0
3202,160110002,0.0
3203,160110009,56.0
3204,160230013,3.0
3205,160410016,0.0
3206,160510019,110.0
3207,160520013,33.0
3208,160710002,0.0
3209,160710012,2.0
3210,160810005,0.0
3211,160810026,84.0
3212,161230009,55.0
3213,161430007,2.0
3214,161550003,3.0
3215,162110065,65.0
3216,162110083,25.0
3217,162120050,29.0
3218,162120110,207.0
3219,162120197,8.0
3220,162120242,42.0
3221,162120243,61.0
3222,162120244,65.0
3223,162130078,2.0
3224,162150075,0.0
3225,162150090,46.0
3226,162150105,14.0
3227,162150199,9.0
3228,162150235,59.0
3229,162150236,36.0
3230,162150237,37.0
3231,162150238,114.0
3232,162150239,38.0
3233,162210145,0.0
3234,162210160,2.0
3235,162210192,81.0
3236,162210193,25.0
3237,162210194,0.0
3238,162210196,26.0
3239,162220004,3.0
3240,162220084,0.0
3241,162230053,3.0
3242,162230077,29.0
3243,162230078,71.0
3244,162310107,73.0
3245,162310129,69.0
3246,162310130,35.0
3247,162320063,31.0
3248,162320108,0.0
3249,162330046,0.0
3250,162330048,35.0
3251,162330050,38.0
3252,162340025,67.0
3253,162410051,10.0
3254,162410134,0.0
3255,162410160,65.0
3256,162410191,27.0
3257,162410225,2.0
3258,162410247,57.0
3259,162450006,30.0
3260,162450042,9.0
3261,162450064,16.0
3262,162510061,7.0
3263,162510062,33.0
3264,162510156,43.0
3265,162520075,39.0
3266,162520078,27.0
3267,162610134,9.0
3268,162620032,59.0
3269,162620038,33.0
3270,162620059,21.0
3271,162630144,3.0
3272,162630161,21.0
3273,162710131,0.0
3274,162710135,20.0
3275,162720048,42.0
3276,162720089,1.0
3277,162720092,1.0
3278,162720096,93.0
3279,162720110,38.0
3280,162750004,159.0
3281,162750052,0.0
3282,162810047,75.0
3283,162810194,57.0
3284,162810196,33.0
3285,162810197,50.0
3286,162850066,1.0
3287,162850086,37.0
3288,162850088,37.0
3289,162910051,2.0
3290,163120027,0.0
3291,163120030,0.0
3292,163120033,8.0
3293,163210031,17.0
3294,163230011,0.0
3295,163230012,1.0
3296,163330009,27.0
3297,163420002,0.0
3298,163610029,0.0
3299,166140009,6.0
3300,166210013,0.0
3301,166250008,28.0
3302,166510064,55.0
3303,166620037,16.0
3304,166710055,0.0
3305,166810031,1.0
3306,166830001,6.0
3307,167120046,24.0
3308,167720003,100.0
3309,168110007,55.0
3310,168120030,66.0
3311,168220009,123.0
3312,168230001,4.0
3313,168250010,35.0
3314,168310010,29.0
3315,168610011,0.0
3316,168710014,79.0
3317,168720008,1.0
3318,168720013,209.0
3319,168810016,6.0
3320,168810019,85.0
3321,168810020,64.0
3322,168850007,69.0
3323,170110029,49.0
3324,170110042,4.0
3325,170110043,50.0
3326,170120001,18.0
3327,170120032,0.0
3328,170120057,39.0
3329,170120077,20.0
3330,170120078,160.0
3331,170150073,27.0
3332,170150074,50.0
3333,170150075,1.0
3334,170150076,25.0
3335,170210070,0.0
3336,170220025,0.0
3337,170230005,0.0
3338,170230021,39.0
3339,170250006,0.0
3340,170250046,47.0
3341,170250050,54.0
3342,170310049,2.0
3343,170310051,0.0
3344,170310053,1.0
3345,170320054,15.0
3346,170320060,36.0
3347,170410056,6.0
3348,170410058,1.0
3349,170410064,44.0
3350,170420002,1.0
3351,170430017,0.0
3352,170450032,18.0
3353,170510028,30.0
3354,170510036,1.0
3355,170610003,43.0
3356,170610041,43.0
3357,170630027,45.0
3358,170630028,6.0
3359,170710044,2.0
3360,170720027,0.0
3361,170810036,0.0
3362,170850022,32.0
3363,170910013,2.0
3364,171210013,4.0
3365,172330022,99.0
3366,173110026,3.0
3367,173120054,0.0
3368,173510042,39.0
3369,173710035,1.0
3370,173720029,0.0
3371,173810045,2.0
3372,173850016,12.0
3373,173850017,59.0
3374,174110019,5.0
3375,174110026,7.0
3376,174110027,68.0
3377,174210005,0.0
3378,174250001,104.0
3379,174330006,3.0
3380,174510032,2.0
3381,174550007,0.0
3382,174650008,17.0
3383,174710024,0.0
3384,174810020,19.0
3385,175120021,1.0
3386,175150024,16.0
3387,175250007,0.0
3388,175410024,3.0
3389,175810008,0.0
3390,175850012,21.0
3391,176150022,22.0
3392,176250013,0.0
3393,176410014,5.0
3394,176550003,4.0
3395,176810017,19.0
3396,176810019,6.0
3397,176910010,6.0
3398,177110038,48.0
3399,177110070,22.0
3400,177120058,51.0
3401,177120064,16.0
3402,177120124,35.0
3403,177120146,0.0
3404,177120154,11.0
3405,177120157,37.0
3406,177130039,17.0
3407,177130050,27.0
3408,177130063,0.0
3409,177130067,12.0
3410,177150074,1.0
3411,177150103,23.0
3412,177150111,8.0
3413,177150129,6.0
3414,177150137,23.0
3415,177150145,17.0
3416,177150146,41.0
3417,177210032,0.0
3418,177210087,5.0
3419,177210150,1.0
3420,177210151,0.0
3421,177210155,15.0
3422,177210157,182.0
3423,177220057,11.0
3424,177220073,0.0
3425,177220074,88.0
3426,177230043,5.0
3427,177250041,0.0
3428,177250042,102.0
3429,177250093,6.0
3430,177250096,88.0
3431,177310052,0.0
3432,177310069,0.0
3433,177310076,0.0
3434,177320027,33.0
3435,177320073,5.0
3436,177320074,3.0
3437,177330006,74.0
3438,177330036,2.0
3439,177330042,45.0
3440,177340004,3.0
3441,177410027,33.0
3442,177410036,141.0
3443,177410055,17.0
3444,177410111,0.0
3445,177410121,44.0
3446,177410129,6.0
3447,177412091,72.0
3448,177412097,53.0
3449,177412098,65.0
3450,177430030,14.0
3451,177520019,63.0
3452,177520073,28.0
3453,177550017,23.0
3454,177610039,6.0
3455,177610084,43.0
3456,177630034,0.0
3457,177630097,18.0
3458,177640001,57.0
3459,177710085,35.0
3460,177710089,0.0
3461,177730023,50.0
3462,177750034,47.0
3463,177810082,239.0
3464,177810092,0.0
3465,177810100,10.0
3466,177810130,5.0
3467,177810132,6.0
3468,177810133,44.0
3469,177810135,5.0
3470,177810141,0.0
3471,177810142,13.0
3472,177810146,101.0
3473,177830010,62.0
3474,177850056,0.0
3475,177850057,0.0
3476,177850065,61.0
3477,178150025,123.0
3478,178210028,15.0
3479,178250010,0.0
3480,178250012,3.0
3481,178310009,0.0
3482,178320016,48.0
3483,178510023,0.0
3484,178520009,11.0
3485,178710036,1.0
3486,178720029,7.0
3487,179120004,25.0
3488,179120030,34.0
3489,179150025,0.0
3490,179210034,24.0
3491,179220012,43.0
3492,179250020,140.0
3493,179310016,4.0
3494,179310023,26.0
3495,179310024,24.0
3496,179330015,29.0
3497,179350005,1.0
3498,179510021,0.0
3499,179650011,2.0
3500,179710020,0.0
3501,179810021,0.0
3502,179810022,0.0
3503,180110005,0.0
3504,180120033,17.0
3505,180130007,0.0
3506,180210019,55.0
3507,180220007,80.0
3508,180310021,11.0
3509,180320027,171.0
3510,180330010,19.0
3511,180330022,106.0
3512,180340007,14.0
3513,180340009,100.0
3514,180620015,47.0
3515,180630009,23.0
3516,180810020,0.0
3517,180850011,0.0
3518,181150044,0.0
3519,181210034,0.0
3520,181210038,52.0
3521,181250017,74.0
3522,181250020,0.0
3523,181320022,5.0
3524,181410005,1.0
3525,181410041,0.0
3526,181610021,11.0
3527,181610023,57.0
3528,181710006,91.0
3529,181810029,2.0
3530,181810031,0.0
3531,181850016,3.0
3532,181910001,12.0
3533,183110013,0.0
3534,183110028,3.0
3535,183210031,4.0
3536,183210034,14.0
3537,183310047,23.0
3538,183310050,9.0
3539,183330025,2.0
3540,183350003,0.0
3541,183410041,2.0
3542,183420008,4.0
3543,183510015,84.0
3544,183620004,1.0
3545,183620008,7.0
3546,184150024,44.0
3547,184610011,30.0
3548,185120027,34.0
3549,185130004,3.0
3550,185130006,3.0
3551,185510002,3.0
3552,185510014,0.0
3553,185710009,21.0
3554,185710010,63.0
3555,185710011,55.0
3556,185810008,19.0
3557,185850002,2.0
3558,186210002,3.0
3559,186510001,2.0
3560,186510004,5.0
3561,186520006,40.0
3562,188110003,0.0
3563,188110019,0.0
3564,188120018,0.0
3565,188120041,137.0
3566,188120042,148.0
3567,188150019,0.0
3568,188150037,0.0
3569,188210013,0.0
3570,188210027,5.0
3571,188250012,1.0
3572,188320002,6.0
3573,188330017,40.0
3574,188410004,0.0
3575,188540003,0.0
3576,188610006,66.0
3577,188610020,56.0
3578,188610021,13.0
3579,188710001,5.0
3580,188710010,0.0
3581,188730006,0.0
3582,188810002,0.0
3583,188810013,0.0
3584,188810025,5.0
3585,189120010,18.0
3586,189120043,3.0
3587,189120045,3.0
3588,189120046,200.0
3589,189120047,43.0
3590,189140005,0.0
3591,189210037,1.0
3592,189620007,0.0
3593,189720012,30.0
3594,189830002,9.0
3595,190150012,0.0
3596,190220005,10.0
3597,190220013,0.0
3598,190230012,0.0
3599,190310011,3.0
3600,190320009,99.0
3601,190510013,0.0
3602,190520003,0.0
3603,190610007,3.0
3604,190610008,3.0
3605,190610013,0.0
3606,190750006,4.0
3607,191110020,0.0
3608,191110021,0.0
3609,191110023,4.0
3610,191110024,31.0
3611,191120015,3.0
3612,191120018,26.0
3613,191120020,0.0
3614,191120021,0.0
3615,191150014,0.0
3616,191150017,0.0
3617,191210011,3.0
3618,191210017,11.0
3619,191210023,0.0
3620,191220002,29.0
3621,191230010,48.0
3622,191310042,2.0
3623,191320009,3.0
3624,191320015,1.0
3625,191340002,6.0
3626,191410022,1.0
3627,191410031,36.0
3628,191450002,0.0
3629,191620002,1.0
3630,191650007,11.0
3631,191650008,0.0
3632,192130007,14.0
3633,192150030,43.0
3634,192210016,3.0
3635,192220012,0.0
3636,192250010,11.0
3637,192250012,2.0
3638,192320023,28.0
3639,192350001,19.0
3640,192440003,10.0
3641,192510027,53.0
3642,192520007,0.0
3643,192550005,1.0
3644,192610006,0.0
3645,192710007,11.0
3646,192710024,0.0
3647,192720022,248.0
3648,192810027,3.0
3649,192830001,4.0
3650,193630004,0.0
3651,194110019,0.0
3652,194110020,51.0
3653,194120012,5.0
3654,194120037,19.0
3655,194120039,0.0
3656,194120040,0.0
3657,194120041,47.0
3658,194130003,24.0
3659,194140006,59.0
3660,194250025,31.0
3661,194310026,25.0
3662,194310027,11.0
3663,194320011,15.0
3664,194320016,28.0
3665,194320019,1.0
3666,194320021,3.0
3667,194330012,22.0
3668,194330017,2.0
3669,194330025,1.0
3670,194330026,11.0
3671,194340002,0.0
3672,194410032,3.0
3673,194410040,16.0
3674,194410042,28.0
3675,194430008,0.0
3676,194440007,15.0
3677,194450007,0.0
3678,194510017,38.0
3679,194510019,2.0
3680,194520009,25.0
3681,194610007,1.0
3682,194610017,16.0
3683,194610018,0.0
3684,194610019,106.0
3685,194630019,38.0
3686,194650002,8.0
3687,194810007,0.0
3688,194810023,30.0
3689,194830002,1.0
3690,194850011,0.0
3691,194850015,20.0
3692,196320004,19.0
3693,198120046,5.0
3694,198120054,4.0
3695,198150045,24.0
3696,198150059,34.0
3697,198150062,10.0
3698,198150068,0.0
3699,198210047,47.0
3700,198230020,11.0
3701,198230022,1.0
3702,198230024,1.0
3703,198310038,66.0
3704,198330008,7.0
3705,198410083,14.0
3706,198410084,44.0
3707,198410088,9.0
3708,198450007,0.0
3709,198510034,2.0
3710,198520005,2.0
3711,198520025,1.0
3712,198610037,0.0
3713,198610038,9.0
3714,198650005,42.0
3715,198710031,16.0
3716,198710034,10.0
3717,198720021,8.0
3718,198850028,13.0
3719,198850033,1.0
3720,199120006,0.0
3721,199120009,0.0
3722,199550001,15.0
3723,200110003,0.0
3724,200110016,54.0
3725,200120027,0.0
3726,200120033,0.0
3727,200120034,19.0
3728,200120037,2.0
3729,200130007,4.0
3730,200150003,1.0
3731,200210012,8.0
3732,200210032,37.0
3733,200220007,69.0
3734,200350003,32.0
3735,200410042,0.0
3736,200410057,12.0
3737,200410060,31.0
3738,200450003,1.0
3739,200510023,73.0
3740,200510030,0.0
3741,200610009,66.0
3742,200620005,0.0
3743,200720012,109.0
3744,200730005,162.0
3745,200810024,23.0
3746,200850018,1.0
3747,201120024,27.0
3748,201210023,1.0
3749,201220001,0.0
3750,201220011,0.0
3751,201250016,0.0
3752,201310009,38.0
3753,201310024,0.0
3754,201320004,44.0
3755,201320017,13.0
3756,201430004,0.0
3757,201430007,4.0
3758,201610002,18.0
3759,201710020,0.0
3760,201730007,0.0
3761,201750005,8.0
3762,202110006,1.0
3763,202120014,0.0
3764,202210015,42.0
3765,202220005,0.0
3766,202220007,1.0
3767,202250007,0.0
3768,202250008,5.0
3769,202250018,12.0
3770,202310008,0.0
3771,202510010,0.0
3772,202520003,12.0
3773,202550002,0.0
3774,202610007,5.0
3775,202610010,1.0
3776,202620001,52.0
3777,202720013,7.0
3778,202720014,23.0
3779,202750008,23.0
3780,202810018,45.0
3781,202850008,0.0
3782,203120007,0.0
3783,203120010,1.0
3784,203130003,0.0
3785,203150012,0.0
3786,203150016,0.0
3787,203150024,167.0
3788,203150033,111.0
3789,203210019,0.0
3790,203410011,1.0
3791,203410034,20.0
3792,203440006,112.0
3793,203510026,2.0
3794,203520010,2.0
3795,203620001,0.0
3796,203650008,0.0
3797,203730004,1.0
3798,203750005,2.0
3799,204120018,1.0
3800,204130003,50.0
3801,204150003,40.0
3802,204210024,69.0
3803,204220004,64.0
3804,204310013,71.0
3805,204440002,84.0
3806,204450003,73.0
3807,204510005,26.0
3808,204620006,54.0
3809,204630006,31.0
3810,205120009,0.0
3811,205250005,7.0
3812,205330005,1.0
3813,205340002,0.0
3814,205410012,0.0
3815,205810004,0.0
3816,205850002,76.0
3817,207110007,1.0
3818,207120012,0.0
3819,207130008,0.0
3820,207310008,22.0
3821,207410026,22.0
3822,207430005,0.0
3823,207610009,21.0
3824,207620002,1.0
3825,207650006,51.0
3826,207710014,1.0
3827,207720011,3.0
3828,207810026,0.0
3829,207850008,0.0
3830,208410021,1.0
3831,208410022,35.0
3832,208710008,32.0
3833,209110013,68.0
3834,209110014,87.0
3835,209130002,42.0
3836,209130007,1.0
3837,209130010,0.0
3838,209150015,16.0
3839,209150022,15.0
3840,209210014,35.0
3841,209210017,0.0
3842,209220006,18.0
3843,209220011,23.0
3844,209230004,75.0
3845,209250013,33.0
3846,209310010,5.0
3847,209320016,0.0
3848,209320018,173.0
3849,209330009,0.0
3850,209410022,0.0
3851,209410023,0.0
3852,209410024,71.0
3853,209410025,0.0
3854,209520006,11.0
3855,209550003,4.0
3856,209610011,35.0
3857,209610014,54.0
3858,209610015,0.0
3859,209630004,1.0
3860,209630011,0.0
3861,209630013,0.0
3862,209720004,24.0
3863,209720008,0.0
3864,209720009,13.0
3865,209720011,0.0
3866,209750007,2.0
3867,209810001,0.0
3868,209810014,0.0
3869,209810018,25.0
3870,209810019,63.0
3871,209810020,73.0
3872,209850003,7.0
3873,209850007,187.0
3874,209850008,57.0
3875,210210002,1.0
3876,210210022,1.0
3877,210230003,22.0
3878,210510009,36.0
3879,210650007,41.0
3880,210720015,0.0
3881,210720023,43.0
3882,211120034,38.0
3883,211120038,162.0
3884,211120039,34.0
3885,211150032,1.0
3886,211210014,22.0
3887,211210035,0.0
3888,211230009,2.0
3889,211250012,138.0
3890,211310021,0.0
3891,211310023,55.0
3892,211320015,0.0
3893,211320017,0.0
3894,211320018,60.0
3895,211410037,7.0
3896,211410046,0.0
3897,211410048,0.0
3898,211430005,1.0
3899,211510032,27.0
3900,211550006,11.0
3901,211610018,0.0
3902,211620015,36.0
3903,211630004,117.0
3904,211630029,2.0
3905,211710009,0.0
3906,211710017,39.0
3907,211750008,22.0
3908,211810001,157.0
3909,211810016,31.0
3910,211850011,0.0
3911,212110019,1.0
3912,212120027,11.0
3913,212120046,17.0
3914,212130004,4.0
3915,212150033,1.0
3916,212220004,0.0
3917,212310033,32.0
3918,212350003,8.0
3919,212410038,22.0
3920,212430002,26.0
3921,212610011,25.0
3922,212720006,9.0
3923,212810012,3.0
3924,212810018,30.0
3925,213150003,0.0
3926,213210019,0.0
3927,213230006,0.0
3928,213330001,65.0
3929,213410021,96.0
3930,213450008,0.0
3931,213510011,1.0
3932,213520003,19.0
3933,213520004,2.0
3934,213610010,36.0
3935,213620008,4.0
3936,213620010,0.0
3937,213630006,0.0
3938,213710003,5.0
3939,213710008,3.0
3940,213710009,0.0
3941,213730003,0.0
3942,213750002,7.0
3943,213750003,82.0
3944,213810011,0.0
3945,213850001,0.0
3946,213940001,16.0
3947,214110003,0.0
3948,214150012,0.0
3949,214210007,11.0
3950,214310007,45.0
3951,214410005,0.0
3952,214410017,35.0
3953,214510002,62.0
3954,214510003,7.0
3955,214510004,0.0
3956,214510005,46.0
3957,214750005,53.0
3958,215220012,14.0
3959,215310007,0.0
3960,215510001,114.0
3961,215510017,0.0
3962,215630014,0.0
3963,215720001,0.0
3964,215730001,5.0
3965,215810004,10.0
3966,215810010,5.0
3967,216150012,28.0
3968,216150015,30.0
3969,216230002,0.0
3970,216250004,50.0
3971,216330004,13.0
3972,216510008,0.0
3973,216750003,61.0
3974,216810003,2.0
3975,216810008,0.0
3976,216850003,5.0
3977,217120002,3.0
3978,217120003,2.0
3979,217220003,2.0
3980,217330003,1.0
3981,217510005,3.0
3982,217510008,19.0
3983,217610002,1.0
3984,217710007,1.0
3985,217810010,0.0
3986,217850001,71.0
3987,218120004,127.0
3988,218220002,19.0
3989,218430002,174.0
3990,218550003,1.0
3991,218720006,8.0
3992,218730003,10.0
3993,218810004,1.0
3994,219110018,0.0
3995,219120030,33.0
3996,219120037,0.0
3997,219130005,23.0
3998,219130007,16.0
3999,219230012,0.0
4000,219230015,1.0
4001,219250018,14.0
4002,219250020,0.0
4003,219250028,21.0
4004,219310012,16.0
4005,219320017,7.0
4006,219330005,0.0
4007,219330012,13.0
4008,219410002,33.0
4009,219410031,43.0
4010,219520002,0.0
4011,219550003,1.0
4012,219620008,1.0
4013,219710006,0.0
4014,219710007,14.0
4015,219750002,0.0
4016,219810013,8.0
4017,219850001,0.0
4018,220110015,0.0
4019,220120009,0.0
4020,220120020,2.0
4021,220150032,47.0
4022,220210025,0.0
4023,220210026,0.0
4024,220220007,0.0
4025,220230007,2.0
4026,220310029,2.0
4027,220320010,1.0
4028,220330018,10.0
4029,220440001,0.0
4030,220510009,0.0
4031,220510019,0.0
4032,220610011,0.0
4033,220710002,2.0
4034,220710019,71.0
4035,220720008,3.0
4036,220730003,1.0
4037,220810013,0.0
4038,220810020,0.0
4039,220810022,1.0
4040,220910004,6.0
4041,221110006,7.0
4042,221120010,0.0
4043,221120012,0.0
4044,221120014,60.0
4045,221150005,0.0
4046,221150007,3.0
4047,221150008,1.0
4048,221210009,60.0
4049,221220001,2.0
4050,221230005,0.0
4051,221250003,0.0
4052,221310006,6.0
4053,221320005,0.0
4054,221320015,0.0
4055,221320016,62.0
4056,221330001,1.0
4057,221410010,0.0
4058,221450002,0.0
4059,221510001,4.0
4060,221510004,25.0
4061,221520002,0.0
4062,221620004,42.0
4063,221650001,0.0
4064,221710005,1.0
4065,221710006,3.0
4066,221720005,0.0
4067,221730002,27.0
4068,221810003,1.0
4069,221810006,3.0
4070,221810007,5.0
4071,221810008,1.0
4072,221850002,0.0
4073,222110009,7.0
4074,222210012,7.0
4075,222310012,83.0
4076,222320009,40.0
4077,222430004,78.0
4078,222440003,53.0
4079,222450002,82.0
4080,222540003,3.0
4081,222550001,1.0
4082,222630007,79.0
4083,222710006,3.0
4084,222730002,4.0
4085,222730003,92.0
4086,222810010,1.0
4087,222810014,2.0
4088,222810015,1.0
4089,222850005,1.0
4090,224120015,5.0
4091,224130009,0.0
4092,224150016,0.0
4093,224220005,0.0
4094,224250006,1.0
4095,224310008,0.0
4096,224410015,0.0
4097,224430001,0.0
4098,224510018,1.0
4099,224510020,59.0
4100,224520003,0.0
4101,224610005,2.0
4102,224610006,1.0
4103,224710007,0.0
4104,224710009,0.0
4105,224720006,38.0
4106,224730005,16.0
4107,224750005,40.0
4108,224810014,4.0
4109,224850008,9.0
4110,225110025,0.0
4111,225110027,86.0
4112,225120035,1.0
4113,225120037,1.0
4114,225120056,1.0
4115,225130007,0.0
4116,225140004,0.0
4117,225150038,0.0
4118,225210013,0.0
4119,225230011,0.0
4120,225310005,1.0
4121,225310060,0.0
4122,225310077,6.0
4123,225310079,0.0
4124,225410026,5.0
4125,225450014,6.0
4126,225510014,3.0
4127,225530002,0.0
4128,225710005,0.0
4129,225720005,0.0
4130,225720008,0.0
4131,229250004,1.0
4132,229410011,4.0
4133,229520002,0.0
4134,229610007,14.0
4135,229910001,0.0
4136,230310002,46.0
4137,230330004,48.0
4138,230410003,2.0
4139,230650001,6.0
4140,230710003,47.0
4141,231130005,66.0
4142,231140003,92.0
4143,231210007,3.0
4144,231250003,11.0
4145,231250006,4.0
4146,231410006,57.0
4147,231550001,0.0
4148,231810008,116.0
4149,234110007,0.0
4150,234130002,15.0
4151,234150004,41.0
4152,234210007,3.0
4153,234210011,5.0
4154,234230004,1.0
4155,234310004,3.0
4156,234320002,21.0
4157,234410001,0.0
4158,234510001,2.0
4159,234520002,1.0
4160,234610004,40.0
4161,234620003,0.0
4162,234630002,4.0
4163,234630003,0.0
4164,234650002,5.0
4165,234710001,0.0
4166,234720004,0.0
4167,235110008,17.0
4168,235120017,0.0
4169,235130001,3.0
4170,235150013,0.0
4171,235210005,0.0
4172,235210006,0.0
4173,235210018,0.0
4174,235310013,0.0
4175,235310017,6.0
4176,235330004,0.0
4177,235350001,2.0
4178,235520004,16.0
4179,235610009,3.0
4180,235610012,0.0
4181,235710001,0.0
4182,235750001,1.0
4183,235810006,0.0
4184,235810021,18.0
4185,236120017,0.0
4186,236150016,20.0
4187,236230002,0.0
4188,236230005,17.0
4189,236230006,71.0
4190,236250003,37.0
4191,236310003,80.0
4192,236310006,14.0
4193,236310010,0.0
4194,236330005,55.0
4195,236430001,24.0
4196,236440001,29.0
4197,236510012,53.0
4198,236550001,2.0
4199,236630009,1.0
4200,236630012,39.0
4201,236720005,0.0
4202,236850003,21.0
4203,238150001,0.0
4204,238150002,7.0
4205,238210001,18.0
4206,238220001,0.0
4207,238250001,8.0
4208,238310001,1.0
4209,238350001,3.0
4210,238720001,5.0
4211,238730001,12.0
4212,238910001,0.0
4213,240110001,0.0
4214,240120007,3.0
4215,240150004,10.0
4216,240150005,74.0
4217,240220001,2.0
4218,240330001,1.0
4219,240410006,7.0
4220,240620005,0.0
4221,241110002,0.0
4222,241110004,0.0
4223,241120010,16.0
4224,241140002,0.0
4225,241150008,0.0
4226,241220002,1.0
4227,241310002,0.0
4228,241310006,0.0
4229,241330001,4.0
4230,241410013,0.0
4231,241510006,6.0
4232,241610001,0.0
4233,241630004,0.0
4234,241630007,0.0
4235,241630008,50.0
4236,241650002,0.0
4237,241720001,0.0
4238,241720007,2.0
4239,246320007,7.0
4240,248230001,0.0
4241,248230004,58.0
4242,248310001,23.0
4243,248450002,0.0
4244,248610001,1.0
4245,252140001,37.0
4246,252320001,1.0
4247,252810001,32.0
4248,258250005,26.0
4249,258310002,35.0
4250,258510001,0.0
4251,T00217235,19.0
4252,T00248274,55.0
4253,T00251747,94.0
4254,T00256629,8.0
4255,T00257340,52.0
4256,T00257599,277.0
4257,T00258109,0.0
4258,T00258573,73.0
4259,T00259090,132.0
4260,T00259580,28.0
4261,T00259794,95.0
4262,T00259825,87.0
4263,T00259924,58.0
4264,T00259953,50.0
4265,T00260059,69.0
4266,T00260188,52.0
4267,T00260203,28.0
4268,T00260410,74.0
4269,T00260445,31.0
4270,T00260658,0.0
4271,T00260801,36.0
4272,T00261017,60.0
4273,T00261033,49.0
4274,T00261132,25.0
4275,T00261261,90.0
4276,T00261266,107.0
4277,T00261303,54.0
4278,T00261331,28.0
4279,T00261337,32.0
4280,T00261416,38.0
4281,T00261421,41.0
4282,T00261529,370.0
4283,T00261552,52.0
4284,T00261566,57.0
4285,T00261585,126.0
4286,T00261606,68.0
4287,T00261620,130.0
4288,T00261628,68.0
4289,T00261643,38.0
