,顧客ID,商品コード,売上単価,数量,売上,明細ID,スコア
0,112093,200006,8640,1,8640,1430000220901,1
3,121059,200006,8640,1,8640,380000323621,1
14,431039,200006,8640,1,8640,1130000059161,1
25,651028,200006,8640,1,8640,110000408341,1
28,711087,200006,8640,1,8640,60000739291,1
32,721111,200006,8640,1,8640,160000639261,1
38,751046,200071,16200,1,16200,390000123721,2
51,1120350,200006,8640,1,8640,60000740121,1
60,1150376,1B2201,28080,1,28080,20001631615,4
66,1310100,200006,8640,1,8640,20001632251,1
71,1321014,200006,8640,1,8640,1430000225961,1
77,1730012,1B2201,28080,1,28080,1430000221561,4
97,2112136,200071,16200,1,16200,1430000219561,2
103,2112528,200006,8640,1,8640,20001635061,1
107,2112548,1B2201,28080,1,28080,1560000026161,4
120,2112676,1A1501,105840,1,105840,20001635392,5
129,2120206,200006,8640,1,8640,20001634771,1
134,2122338,200071,16200,1,16200,2050000006581,2
148,2122370,200006,8640,1,8640,380000323191,1
155,2122607,1B2201,28080,1,28080,20001636466,4
160,2122737,200006,8640,1,8640,380000322581,1
165,2122874,200006,8640,1,8640,20001634382,1
166,2122990,200006,8640,1,8640,1940000026781,1
169,2123168,1B2201,28080,1,28080,20001635761,4
180,2123192,1B2201,28080,1,28080,20001627852,4
191,2123228,200071,16200,1,16200,20001628011,2
196,2123228,1B2201,28080,1,28080,20001628016,4
214,2123298,1A1501,105840,1,105840,20001632841,5
221,2123300,200071,16200,1,16200,20001635851,2
230,2140012,200006,8640,1,8640,20001628272,1
245,2152059,1B2201,28080,1,28080,20001638073,4
253,2152833,200006,8640,1,8640,1430000223161,1
257,2152849,1B2201,28080,1,28080,380000322711,4
263,2152955,200006,8640,1,8640,20001632571,1
279,2153095,200006,8640,1,8640,280000297633,1
280,2153138,1B2201,28080,1,28080,20001636761,4
294,2153173,200006,8640,1,8640,20001630051,1
307,2153177,200071,16200,1,16200,20001634661,2
310,2212263,1B2201,28080,1,28080,1430000220271,4
325,2212894,200071,16200,1,16200,1200000289611,2
344,2212976,1A1501,105840,1,105840,20001631632,5
346,2212976,1B2201,28080,1,28080,20001631634,4
356,2212978,200006,8640,1,8640,20001638001,1
365,2212979,1A1601,82080,1,82080,20001637641,3
376,2222307,1B2201,28080,1,28080,550000201091,4
382,2222375,1B2201,28080,1,28080,20001634741,4
394,2222401,1A1601,82080,1,82080,20001629452,3
409,2232383,1B2201,28080,1,28080,20001627972,4
413,2232387,1A1501,105840,1,105840,20001635881,5
414,2232387,1B2201,28080,1,28080,20001635882,4
422,2232388,1A1501,105840,1,105840,20001638911,5
424,2242010,200071,16200,1,16200,550000202251,2
426,2251012,1B2201,28080,1,28080,110000408411,4
427,2251240,1B2201,28080,1,28080,20001631661,4
435,2252292,1A1601,82080,1,82080,160000635981,3
438,2252456,200071,16200,1,16200,20001629211,2
441,2252531,200006,8640,1,8640,1430000221971,1
464,2252708,200071,16200,1,16200,20001636161,2
471,2311149,200071,16200,1,16200,290000367201,2
477,2312708,1B2201,28080,1,28080,20001628351,4
484,2312793,1B2201,28080,1,28080,20001631043,4
494,2312794,200006,8640,1,8640,160000637971,1
500,2312875,200006,8640,1,8640,20001634871,1
509,2312881,1B2201,28080,1,28080,20001634973,4
516,2312894,1A1501,105840,1,105840,20001633252,5
517,2312894,1B2201,28080,1,28080,20001633253,4
525,2312895,1A1501,105840,1,105840,20001638022,5
528,2312895,1B2201,28080,1,28080,20001638025,4
533,2312897,200071,16200,1,16200,20001637711,2
543,2322187,1B2201,28080,1,28080,1430000225291,4
567,2322609,1B2201,28080,1,28080,20001635113,4
580,2322625,1A1501,105840,1,105840,20001630831,5
588,2322627,200071,16200,1,16200,20001635121,2
591,2322627,1A1501,105840,1,105840,20001636621,5
596,2332270,200006,8640,1,8640,380000323281,1
598,2332313,1B2201,28080,1,28080,700000339201,4
604,2332460,1A1601,82080,1,82080,20001630161,3
610,2332530,1A1501,105840,1,105840,20001636242,5
612,2332530,1B2201,28080,1,28080,20001636244,4
620,2342092,200071,16200,1,16200,2050000006001,2
623,2342118,200071,16200,1,16200,60000738911,2
624,2342118,200006,8640,1,8640,60000738912,1
625,2352031,1B2201,28080,1,28080,20001633301,4
633,2412443,200006,8640,1,8640,550000202151,1
638,2412649,200006,8640,1,8640,380000322721,1
650,2412928,1B2201,28080,1,28080,20001634933,4
656,2412940,1B2201,28080,1,28080,20001628062,4
666,2413091,200006,8640,1,8640,1430000224311,1
671,2413105,1B2201,28080,1,28080,20001634333,4
675,2413108,1B2201,28080,1,28080,20001629281,4
692,2432182,1B2201,28080,1,28080,1430000225091,4
703,2451112,200006,8640,1,8640,20001632072,1
711,2452268,200071,16200,1,16200,20001628483,2
723,2512412,1B2201,28080,1,28080,530000901189,4
724,2512412,1B2201,28080,1,28080,530000901190,4
730,2512488,1B2201,28080,1,28080,20001629326,4
734,2512719,200006,8640,1,8640,20001633811,1
739,2512736,1A1601,82080,1,82080,20001629501,3
751,2522243,1A1501,105840,1,105840,20001630882,5
753,2522243,1B2201,28080,1,28080,20001630884,4
768,2552115,200071,16200,1,16200,20001636681,2
773,2610121,200006,8640,1,8640,20001633041,1
778,2612073,200006,8640,1,8640,820000262811,1
781,2612346,1B2201,28080,1,28080,20001637941,4
784,2612541,1B2201,28080,1,28080,20001630631,4
793,2612555,200006,8640,1,8640,20001628511,1
801,2612606,1A1501,105840,1,105840,20001635231,5
802,2612606,1B2201,28080,1,28080,20001635232,4
815,2630057,200006,8640,1,8640,1430000224281,1
825,2632193,200006,8640,1,8640,700000339591,1
845,2632263,1B2201,28080,1,28080,20001635301,4
853,2632279,200006,8640,1,8640,20001631321,1
874,2632519,1A1601,82080,1,82080,20001633102,3
886,2652252,1A1501,105840,1,105840,20001630301,5
898,2711224,1B2201,28080,1,28080,20001634711,4
901,2712524,200006,8640,1,8640,1430000220631,1
909,2722007,200006,8640,1,8640,20001636341,1
922,2722424,1B2201,28080,1,28080,20001629871,4
935,2722485,1B2201,28080,1,28080,320000505572,4
943,2752219,1B2201,28080,1,28080,20001628541,4
951,2752281,200006,8640,1,8640,20001632751,1
962,2812725,200006,8640,1,8640,20001638471,1
972,2812739,1A1501,105840,1,105840,20001634191,5
974,2812739,1B2201,28080,1,28080,20001634193,4
983,2812740,1A1501,105840,1,105840,20001637522,5
988,2812740,1B2201,28080,1,28080,20001637527,4
997,2852169,1B2201,28080,1,28080,20001630653,4
1011,2852369,200071,16200,1,16200,20001631422,2
1018,2912264,1B2201,28080,1,28080,20001629926,4
1023,2912282,200071,16200,1,16200,20001628551,2
1030,3112049,200071,16200,1,16200,30000234151,2
1037,3112049,1B2201,28080,1,28080,30000236172,4
1058,3342015,200071,16200,1,16200,30000235402,2
1067,3512047,200071,16200,1,16200,30000235392,2
1069,3632034,200006,8640,1,8640,30000234921,1
1076,3712033,1B2201,28080,1,28080,30000234306,4
1084,3722051,1B2201,28080,1,28080,30000235982,4
1101,5111146,200006,8640,1,8640,20001637981,1
1104,5141032,200071,16200,1,16200,20001630411,2
1106,5222012,200006,8640,1,8640,530000900991,1
1108,5332132,200006,8640,1,8640,1430000221741,1
1110,5342037,1B2201,28080,1,28080,530000902371,4
1140,5522050,1B2201,28080,1,28080,1120000058921,4
1162,5752067,200006,8640,1,8640,110000408721,1
1164,6112072,200006,8640,1,8640,320000507141,1
1175,6112433,1B2201,28080,1,28080,60000740423,4
1179,6112434,1A1601,82080,1,82080,60000734572,3
1201,6122048,1B2201,28080,1,28080,530000896871,4
1209,6122048,200006,8640,1,8640,530000903101,1
1211,6122292,200006,8640,1,8640,60000740651,1
1213,6122540,200006,8640,1,8640,60000736001,1
1237,6122762,1B2201,28080,1,28080,60000737202,4
1246,6122763,1B2201,28080,1,28080,60000739721,4
1253,6122772,200071,16200,1,16200,60000737851,2
1256,6122773,200071,16200,1,16200,60000738232,2
1260,6132191,200006,8640,1,8640,60000735872,1
1268,6132195,200006,8640,1,8640,60000736472,1
1276,6142101,200071,16200,1,16200,60000735661,2
1281,6152160,200006,8640,1,8640,60000738371,1
1289,6152195,1B2201,28080,1,28080,1310000052231,4
1299,6152221,1B2201,28080,1,28080,60000740153,4
1309,6152313,200006,8640,1,8640,60000734551,1
1323,6152550,1B2201,28080,1,28080,60000737702,4
1336,6152598,1B2201,28080,1,28080,60000737626,4
1349,6152634,1B2201,28080,1,28080,60000739562,4
1353,6152645,200006,8640,1,8640,60000738061,1
1355,6152647,200071,16200,1,16200,60000739791,2
1360,6152658,200006,8640,1,8640,60000740503,1
1384,6152671,1A1501,105840,1,105840,60000740282,5
1386,6152671,1B2201,28080,1,28080,60000740284,4
1389,6212125,200071,16200,1,16200,90000784541,2
1405,6212467,1B2201,28080,1,28080,290000366401,4
1410,6212477,200071,16200,1,16200,60000739181,2
1414,6212495,200006,8640,1,8640,160000640291,1
1418,6212514,200006,8640,1,8640,60000737721,1
1426,6212579,1B2201,28080,1,28080,60000735023,4
1432,6212579,1B2201,28080,1,28080,60000735029,4
1437,6212589,1A1501,105840,1,105840,60000735912,5
1466,6232230,200071,16200,1,16200,60000736551,2
1482,6232262,200006,8640,1,8640,60000735151,1
1487,6232262,1A1501,105840,1,105840,60000738381,5
1499,6232263,200006,8640,1,8640,60000736661,1
1513,6252219,1B2201,28080,1,28080,60000738763,4
1516,6252378,1B2201,28080,1,28080,60000734901,4
1535,6312116,200006,8640,1,8640,60000738661,1
1542,6312500,1B2201,28080,1,28080,60000736164,4
1556,6322157,200071,16200,1,16200,530000900781,2
1567,6322270,1B2201,28080,1,28080,60000738095,4
1578,6322338,1A1501,105840,1,105840,60000739862,5
1580,6322338,1B2201,28080,1,28080,60000739864,4
1582,6331012,200006,8640,1,8640,60000737591,1
1588,6332288,200006,8640,1,8640,60000736971,1
1590,6332295,1B2201,28080,1,28080,60000737831,4
1599,6342072,200071,16200,1,16200,60000738581,2
1627,6412190,200006,8640,1,8640,60000737111,1
1631,6412555,200006,8640,1,8640,850000603371,1
1657,6412675,1A1501,105840,1,105840,60000737772,5
1669,6412677,200071,16200,1,16200,60000739922,2
1681,6422007,200071,16200,1,16200,60000735521,2
1685,6422044,1A1501,105840,1,105840,60000736371,5
1697,6432044,200006,8640,1,8640,880000050481,1
1700,6432132,200071,16200,1,16200,60000736961,2
1708,6452136,1B2201,28080,1,28080,60000736814,4
1709,6452136,1B2201,28080,1,28080,60000736815,4
1719,6512336,1B2201,28080,1,28080,60000739191,4
1731,6512415,1A1601,82080,1,82080,60000739282,3
1739,6522053,200006,8640,1,8640,320000509561,1
1747,6552073,1A1501,105840,1,105840,60000738162,5
1761,6612107,200006,8640,1,8640,1430000227261,1
1770,6612346,200006,8640,1,8640,60000736781,1
1774,6612356,200006,8640,1,8640,60000739051,1
1780,6622158,200006,8640,1,8640,90000786091,1
1786,6622170,1B2201,28080,1,28080,60000738694,4
1789,6622194,1A1601,82080,1,82080,60000739411,3
1799,6632263,1B2201,28080,1,28080,60000738644,4
1802,6632266,200006,8640,1,8640,90000785382,1
1808,6632266,1B2201,28080,1,28080,90000785388,4
1816,6632289,200006,8640,1,8640,60000737051,1
1821,6632291,1B2201,28080,1,28080,60000734682,4
1844,6632299,1A1501,105840,1,105840,60000739272,5
1862,6652156,1A1601,82080,1,82080,60000739372,3
1887,6722275,1A1601,82080,1,82080,60000740412,3
1890,6732092,200071,16200,1,16200,60000736241,2
1894,6732092,1B2201,28080,1,28080,60000736245,4
1902,6752152,1A1501,105840,1,105840,60000738882,5
1914,6811119,200006,8640,1,8640,890000085361,1
1916,6812142,1B2201,28080,1,28080,290000367461,4
1924,6812330,200006,8640,1,8640,60000735811,1
1939,6812445,200006,8640,1,8640,60000738963,1
1950,6852232,200071,16200,1,16200,60000736872,2
1956,6912175,200006,8640,1,8640,60000737061,1
1958,6912175,200071,16200,1,16200,60000737063,2
1963,6922021,200006,8640,1,8640,60000735361,1
1968,7122101,200071,16200,1,16200,70000145122,2
1983,7152105,1A1501,105840,1,105840,70000144152,5
2007,7152107,200071,16200,1,16200,70000144961,2
2018,7232030,200071,16200,1,16200,70000145011,2
2023,7252061,1A1501,105840,1,105840,70000144002,5
2036,7252062,1A1501,105840,1,105840,70000144602,5
2047,7332035,200071,16200,1,16200,70000144371,2
2054,7512075,200006,8640,1,8640,70000144902,1
2069,7632028,1A1501,105840,1,105840,70000144592,5
2080,7722036,1A1501,105840,1,105840,70000144942,5
2097,7852032,1A1501,105840,1,105840,70000144192,5
2099,7852032,1B2201,28080,1,28080,70000144194,4
2109,8511077,200071,16200,1,16200,160000640671,2
2113,9111022,200006,8640,1,8640,90000787531,1
2117,9112082,200006,8640,1,8640,390000123741,1
2123,9112196,200071,16200,1,16200,90000787411,2
2129,9121106,1B2201,28080,1,28080,90000784274,4
2136,9122305,200006,8640,1,8640,60000737761,1
2142,9122365,200006,8640,1,8640,90000784812,1
2148,9132090,200071,16200,1,16200,60000734961,2
2157,9152287,1A1601,82080,1,82080,90000784852,3
2167,9212167,200006,8640,1,8640,60000735171,1
2179,9251021,200006,8640,1,8640,60000738151,1
2188,9252149,1B2201,28080,1,28080,90000782803,4
2189,9252149,1B2201,28080,1,28080,90000782804,4
2197,9252182,1A1501,105840,1,105840,90000785161,5
2208,9252183,200006,8640,1,8640,90000786471,1
2213,9312200,1B2201,28080,1,28080,90000785002,4
2224,9332119,200006,8640,1,8640,60000738101,1
2242,9432031,200006,8640,1,8640,90000784531,1
2248,9442018,200071,16200,1,16200,90000787701,2
2253,9451010,1B2201,28080,1,28080,90000787363,4
2272,9522045,1B2201,28080,1,28080,90000785903,4
2290,9622078,1A1501,105840,1,105840,90000784821,5
2309,9722100,200006,8640,1,8640,2050000006361,1
2315,9912085,200006,8640,1,8640,90000783241,1
2320,9912085,200071,16200,1,16200,90000783246,2
2324,9912089,1B2201,28080,1,28080,90000786493,4
2329,10112176,1A1501,105840,1,105840,100001129281,5
2344,10122291,200006,8640,1,8640,100001130041,1
2357,10312223,200071,16200,1,16200,100001130371,2
2364,10342016,200071,16200,1,16200,100001129693,2
2366,10412247,200071,16200,1,16200,100001129381,2
2375,10412249,200006,8640,1,8640,100001129101,1
2383,10711001,200071,16200,1,16200,100001130291,2
2397,10912073,1A1501,105840,1,105840,100001130031,5
2419,11122360,1A1501,105840,1,105840,110000408172,5
2426,11152276,200006,8640,1,8640,110000407661,1
2431,11212247,200006,8640,1,8640,110000407881,1
2432,11212247,200071,16200,1,16200,110000407882,2
2434,11212255,200006,8640,1,8640,110000407951,1
2436,11212259,1A1601,82080,1,82080,110000408871,3
2439,11222077,200006,8640,1,8640,880000051071,1
2445,11232096,1A1501,105840,1,105840,1940000027241,5
2449,11232096,1B2201,28080,1,28080,1940000027245,4
2459,11252154,200006,8640,1,8640,110000408021,1
2468,11322034,200006,8640,1,8640,150000393521,1
2474,11322116,200071,16200,1,16200,110000408392,2
2489,11412215,200006,8640,1,8640,110000407481,1
2496,11412288,1A1601,82080,1,82080,110000408971,3
2500,11432056,1B2201,28080,1,28080,530000900533,4
2502,11512028,200006,8640,1,8640,1430000221201,1
2511,11512196,1A1601,82080,1,82080,110000407303,3
2519,11612101,200006,8640,1,8640,110000407591,1
2534,11712051,200006,8640,1,8640,2010000017661,1
2539,11712147,1A1601,82080,1,82080,110000408641,3
2541,11732048,1A1501,105840,1,105840,110000408131,5
2543,11732048,1B2201,28080,1,28080,110000408133,4
2550,11812053,200006,8640,1,8640,20001632561,1
2556,11852086,200071,16200,1,16200,110000408431,2
2576,12512077,1B2201,28080,1,28080,120000238734,4
2585,12612073,1B2201,28080,1,28080,120000240582,4
2607,14122257,1B2201,28080,1,28080,140000853326,4
2631,14332142,200071,16200,1,16200,780000194211,2
2635,14412382,200006,8640,1,8640,2040000009561,1
2645,14512016,200006,8640,1,8640,140000850791,1
2669,14611024,200006,8640,1,8640,140000850051,1
2688,14722085,1B2201,28080,1,28080,140000852023,4
2714,15121015,200006,8640,1,8640,150000394731,1
2725,15132058,200006,8640,1,8640,150000391981,1
2727,15142028,1A1501,105840,1,105840,280000299591,5
2728,15142028,1B2201,28080,1,28080,280000299592,4
2736,15142041,200006,8640,1,8640,150000393012,1
2740,15152214,1B2201,28080,1,28080,380000323923,4
2748,15212197,200006,8640,1,8640,150000394211,1
2752,15212217,1A1501,105840,1,105840,150000394401,5
2758,15232086,200071,16200,1,16200,150000393231,2
2771,15332107,1A1601,82080,1,82080,150000392121,3
2776,15411006,1B2201,28080,1,28080,150000394101,4
2780,15412008,200006,8640,1,8640,60000737521,1
2790,15522058,200006,8640,1,8640,150000392351,1
2794,15552029,200006,8640,1,8640,550000201781,1
2796,15611002,200006,8640,1,8640,150000392851,1
2798,15612119,200006,8640,1,8640,150000394121,1
2800,15612149,1A1601,82080,1,82080,150000391971,3
2807,15652035,200006,8640,1,8640,150000393961,1
2811,15711008,1B2201,28080,1,28080,150000392422,4
2815,15712160,200006,8640,1,8640,1430000224511,1
2830,15812163,200006,8640,1,8640,150000392131,1
2834,15852079,200006,8640,1,8640,320000506181,1
2843,16122232,200071,16200,1,16200,540000163012,2
2846,16122376,1B2201,28080,1,28080,730000109181,4
2852,16122474,1A1501,105840,1,105840,160000637352,5
2862,16122475,1A1601,82080,1,82080,160000637811,3
2875,16142045,200071,16200,1,16200,2010000017371,2
2881,16152345,200006,8640,1,8640,160000640131,1
2900,16212159,200071,16200,1,16200,730000108251,2
2915,16312033,200006,8640,1,8640,380000323501,1
2926,16322141,200006,8640,1,8640,160000638111,1
2933,16322211,200006,8640,1,8640,160000635352,1
2941,16322211,200071,16200,1,16200,160000639781,2
2944,16322212,200006,8640,1,8640,160000636121,1
2946,16322214,200071,16200,1,16200,160000639671,2
2949,16342059,1B2201,28080,1,28080,160000640171,4
2958,16512300,1A1601,82080,1,82080,160000636991,3
2965,16552052,200006,8640,1,8640,20001637991,1
2967,16612146,200006,8640,1,8640,160000636111,1
2969,16612247,200006,8640,1,8640,160000639811,1
2973,16622143,1B2201,28080,1,28080,160000635181,4
2977,16632184,200006,8640,1,8640,160000636381,1
2996,16812295,200071,16200,1,16200,160000636362,2
3009,16852145,1B2201,28080,1,28080,1770000185496,4
3016,17152147,200071,16200,1,16200,60000739011,2
3020,17212090,200006,8640,1,8640,60000739451,1
3039,18151051,1B2201,28080,1,28080,20001631101,4
3044,18251019,200071,16200,1,16200,70000144781,2
3051,18722023,200071,16200,1,16200,660000216751,2
3054,18751007,200006,8640,1,8640,1430000224971,1
3070,20412105,200071,16200,1,16200,160000635991,2
3075,21212128,1B2201,28080,1,28080,1380000018373,4
3094,21712045,200006,8640,1,8640,1380000018761,1
3095,21812134,1B2201,28080,1,28080,1200000288771,4
3102,22311017,200006,8640,1,8640,1620000243401,1
3105,22412060,1B2201,28080,1,28080,380000323741,4
3114,23132020,200006,8640,1,8640,1620000241101,1
3116,23132090,200006,8640,3,25920,1620000245061,3
3120,23212301,200006,8640,0,0,1620000238031,0
3122,23212301,1B2201,28080,1,28080,1620000238033,4
3131,23252112,200006,8640,1,8640,1620000236921,1
3133,23312222,200006,8640,1,8640,1620000244471,1
3144,23432056,200006,8640,1,8640,1620000240521,1
3161,23622103,200071,16200,1,16200,1620000237681,2
3165,23622129,200071,16200,1,16200,630000730302,2
3166,23622129,200006,8640,1,8640,630000730303,1
3173,23711020,200071,16200,1,16200,1160000005901,2
3177,23712128,1B2201,28080,1,28080,1620000238951,4
3182,23712276,200006,8640,0,0,1620000241111,0
3201,25152116,200006,8640,1,8640,550000202271,1
3213,25152370,200071,16200,1,16200,250000596051,2
3214,25152370,200006,8640,1,8640,250000596052,1
3221,25152380,1B2201,28080,1,28080,250000594114,4
3245,25252167,1B2201,28080,1,28080,250000594466,4
3254,25412198,200006,8640,1,8640,250000595211,1
3257,25412315,200006,8640,1,8640,250000594701,1
3262,25432075,1B2201,28080,1,28080,530000896083,4
3272,25522046,200006,8640,1,8640,250000597341,1
3278,25632109,200006,8640,1,8640,360000665892,1
3298,25852013,200006,8640,1,8640,250000595002,1
3311,26452052,200006,8640,1,8640,20001636611,1
3318,26552042,1B2201,28080,1,28080,110000407891,4
3322,26632016,200006,8640,1,8640,530000903241,1
3329,27122107,1B2201,28080,1,28080,430000083531,4
3352,28152057,200006,8640,1,8640,280000299241,1
3362,28152265,200006,8640,1,8640,1940000026001,1
3366,28152279,200006,8640,1,8640,280000298101,1
3367,28152279,200071,16200,1,16200,280000298102,2
3371,28152281,200006,8640,1,8640,280000299341,1
3382,28232020,1B2201,28080,1,28080,280000298615,4
3392,28232058,1B2201,28080,1,28080,280000297605,4
3394,28252051,1B2201,28080,1,28080,280000298531,4
3406,28312184,1A1501,105840,1,105840,280000297881,5
3407,28312184,1B2201,28080,1,28080,280000297882,4
3426,28332027,1B2201,28080,1,28080,280000298654,4
3434,28352019,1B2201,28080,1,28080,530000899243,4
3441,28431000,1B2201,28080,1,28080,20001628641,4
3448,28612090,1B2201,28080,1,28080,280000297473,4
3465,28652012,200006,8640,1,8640,1200000288341,1
3479,29112292,1B2201,28080,1,28080,290000366452,4
3485,29122245,1A1501,105840,1,105840,60000739881,5
3487,29122245,1B2201,28080,1,28080,60000739883,4
3489,29122294,200071,16200,1,16200,290000366591,2
3501,29212137,200006,8640,1,8640,60000736601,1
3507,29212264,1A1601,82080,1,82080,290000366612,3
3515,29222100,200006,8640,1,8640,290000366631,1
3525,29232087,1B2201,28080,1,28080,60000739175,4
3536,29252168,200006,8640,1,8640,290000366321,1
3545,29332139,200006,8640,1,8640,290000366491,1
3550,29542009,200006,8640,1,8640,1110000054941,1
3569,29732067,200006,8640,1,8640,290000366482,1
3572,31112017,1A1601,82080,1,82080,1100000050551,3
3577,31112028,200006,8640,1,8640,880000050741,1
3582,32112209,1A1601,82080,1,82080,320000509341,3
3585,32122317,200006,8640,1,8640,1430000224531,1
3600,32152299,1B2201,28080,1,28080,320000506592,4
3608,32152299,1B2201,28080,1,28080,320000509023,4
3619,32212284,1B2201,28080,1,28080,320000509972,4
3634,32222117,1A1601,82080,1,82080,320000505602,3
3641,32222118,200006,8640,1,8640,320000506291,1
3646,32252190,1B2201,28080,1,28080,320000509353,4
3651,32252196,1A1501,105840,1,105840,320000509531,5
3677,32412105,1B2201,28080,1,28080,320000509281,4
3690,32432017,1B2201,28080,1,28080,370000441794,4
3697,32512106,1B2201,28080,1,28080,320000508502,4
3703,32512246,1A1501,105840,1,105840,320000508892,5
3707,32512246,1B2201,28080,1,28080,320000508896,4
3718,32552032,1B2201,28080,1,28080,320000509715,4
3727,32612147,200006,8640,1,8640,320000508351,1
3730,32632114,1B2201,28080,1,28080,320000506582,4
3738,32652006,200006,8640,1,8640,320000505851,1
3746,32712124,200006,8640,1,8640,320000508511,1
3748,32712139,200071,16200,1,16200,20001638721,2
3749,32712139,200006,8640,1,8640,20001638722,1
3753,32712139,1B2201,28080,1,28080,730000108241,4
3770,32722124,1B2201,28080,1,28080,320000507731,4
3776,32812119,200006,8640,1,8640,60000736631,1
3787,32832010,1B2201,28080,1,28080,320000507213,4
3794,32852118,1A1501,105840,1,105840,320000505912,5
3814,34122072,1A1501,105840,1,105840,340000051802,5
3816,34122072,1B2201,28080,1,28080,340000051804,4
3823,34252028,200006,8640,1,8640,340000051841,1
3825,34312048,1A1501,105840,1,105840,340000051851,5
3829,34312048,1B2201,28080,1,28080,340000051855,4
3837,34552005,200071,16200,1,16200,340000051911,2
3841,34552010,200006,8640,1,8640,340000051972,1
3842,34552010,200071,16200,1,16200,340000052031,2
3846,34912020,1A1501,105840,1,105840,340000052131,5
3853,35112197,1B2201,28080,1,28080,350000643711,4
3874,35152322,1B2201,28080,1,28080,350000642034,4
3877,35152349,1A1501,105840,1,105840,350000639443,5
3879,35152349,1B2201,28080,1,28080,350000639445,4
3890,35152354,200006,8640,1,8640,350000644251,1
3893,35212101,1A1501,105840,1,105840,370000443241,5
3914,35212312,1A1501,105840,1,105840,350000642451,5
3916,35222088,1B2201,28080,1,28080,370000442791,4
3924,35222096,200006,8640,1,8640,350000644661,1
3926,35222125,200006,8640,1,8640,370000444101,1
3933,35252212,1B2201,28080,1,28080,350000637654,4
3940,35252216,200071,16200,1,16200,370000444401,2
3950,35312213,1B2201,28080,1,28080,350000638964,4
3962,35322206,1B2201,28080,1,28080,350000643433,4
3970,35322210,1B2201,28080,1,28080,350000644743,4
3977,35332010,200006,8640,1,8640,1680000017551,1
3978,35332010,200071,16200,1,16200,1680000017552,2
4012,35522092,200006,8640,1,8640,350000638462,1
4032,35632184,200006,8640,1,8640,350000639971,1
4038,35652059,1A1501,105840,1,105840,350000638031,5
4049,35712151,200071,16200,1,16200,370000445531,2
4055,35712287,1A1501,105840,1,105840,350000638042,5
4065,35712289,1A1501,105840,1,105840,350000642951,5
4067,35712289,1B2201,28080,1,28080,350000642953,4
4069,35712290,1A1501,105840,1,105840,350000643031,5
4071,35712290,1B2201,28080,1,28080,350000643033,4
4073,35722007,200006,8640,1,8640,370000446991,1
4075,35722173,200006,8640,1,8640,350000639981,1
4081,35722176,1B2201,28080,1,28080,350000642343,4
4098,35812309,1A1501,105840,1,105840,350000644612,5
4100,35812309,1B2201,28080,1,28080,350000644614,4
4127,36122450,1B2201,28080,1,28080,250000595841,4
4140,36132131,1A1501,105840,1,105840,360000672932,5
4144,36152472,200006,8640,1,8640,360000663072,1
4145,36152472,200071,16200,1,16200,360000669531,2
4189,36522052,200071,16200,1,16200,360000663061,2
4194,36612120,1B2201,28080,1,28080,1570000033833,4
4200,36622083,200071,16200,1,16200,360000672881,2
4201,36622083,200006,8640,1,8640,360000672882,1
4208,36622105,200071,16200,1,16200,360000663792,2
4209,36632109,200006,8640,1,8640,360000669471,1
4218,36632149,1A1501,105840,1,105840,360000662732,5
4230,36712181,200006,8640,1,8640,360000671954,1
4239,36722153,1A1501,105840,1,105840,360000670212,5
4244,36732049,200006,8640,1,8640,360000665901,1
4262,36812276,200006,8640,1,8640,360000672812,1
4263,36852148,200006,8640,1,8640,360000666561,1
4281,37112229,200006,8640,1,8640,370000446331,1
4287,37122094,1B2201,28080,1,28080,370000441564,4
4288,37122252,200006,8640,1,8640,370000441551,1
4293,37122481,1B2201,28080,1,28080,370000444024,4
4296,37122494,1A1501,105840,1,105840,370000443361,5
4298,37122494,1B2201,28080,1,28080,370000443363,4
4311,37122496,200006,8640,1,8640,370000444491,1
4318,37142074,1A1601,82080,1,82080,370000442971,3
4328,37152043,200006,8640,1,8640,350000640553,1
4336,37152394,200006,8640,1,8640,370000442951,1
4340,37152395,1A1501,105840,1,105840,370000445951,5
4348,37212287,200071,16200,1,16200,370000446071,2
4353,37212371,200006,8640,1,8640,370000443501,1
4360,37212380,1A1501,105840,1,105840,370000443311,5
4365,37212380,1B2201,28080,1,28080,370000443316,4
4374,37212382,1A1601,82080,1,82080,370000446531,3
4383,37232174,1B2201,28080,1,28080,370000441255,4
4388,37232180,1A1501,105840,1,105840,370000442691,5
4405,37252024,200071,16200,1,16200,370000443404,2
4410,37252202,1B2201,28080,1,28080,370000444143,4
4417,37252220,1A1501,105840,1,105840,370000442091,5
4433,37252223,200071,16200,1,16200,370000445371,2
4436,37252225,200071,16200,1,16200,370000446201,2
4449,37312268,1A1501,105840,1,105840,370000445991,5
4476,37412472,1B2201,28080,1,28080,370000444395,4
4480,37452116,1A1501,105840,1,105840,370000443711,5
4498,37512356,1B2201,28080,1,28080,370000444704,4
4502,37512363,1A1501,105840,1,105840,370000443921,5
4503,37512363,1B2201,28080,1,28080,370000443922,4
4515,37512364,1A1501,105840,1,105840,370000444591,5
4524,37512366,1A1501,105840,1,105840,370000444731,5
4535,37522060,1B2201,28080,1,28080,370000441683,4
4546,37612289,1A1601,82080,1,82080,370000441001,3
4555,37612291,1A1501,105840,1,105840,370000445181,5
4579,37632285,1A1501,105840,1,105840,370000442271,5
4586,37632285,1B2201,28080,1,28080,370000442278,4
4592,37632286,1A1501,105840,1,105840,370000443531,5
4608,37652083,1A1501,105840,1,105840,370000444361,5
4631,37722036,1B2201,28080,1,28080,370000446682,4
4658,37812339,1A1501,105840,1,105840,370000442221,5
4666,37812340,1A1601,82080,1,82080,370000442421,3
4674,37812342,200006,8640,1,8640,370000446611,1
4695,37912094,1A1501,105840,1,105840,370000443031,5
4699,37912094,1B2201,28080,1,28080,370000443035,4
4706,37922014,1B2201,28080,1,28080,370000442392,4
4716,38112165,1B2201,28080,1,28080,380000322152,4
4718,38112292,200006,8640,1,8640,380000324031,1
4724,38122056,1B2201,28080,1,28080,1430000227462,4
4726,38122447,200006,8640,1,8640,380000323751,1
4736,38152182,1B2201,28080,1,28080,380000324002,4
4740,38152458,1A1601,82080,1,82080,380000322511,3
4747,38152459,200071,16200,1,16200,380000322691,2
4752,38152460,1A1601,82080,1,82080,380000323601,3
4755,38152462,200071,16200,1,16200,380000323352,2
4761,38212162,200006,8640,1,8640,380000323101,1
4769,38212241,1B2201,28080,1,28080,380000322071,4
4775,38212355,200006,8640,1,8640,380000323001,1
4780,38222156,200006,8640,1,8640,1940000027351,1
4782,38222166,200006,8640,1,8640,380000322851,1
4795,38312332,200006,8640,1,8640,380000323221,1
4800,38312333,200006,8640,1,8640,380000323251,1
4806,38312334,1A1501,105840,1,105840,380000323371,5
4810,38322057,200006,8640,1,8640,1430000224521,1
4812,38322198,200006,8640,1,8640,1370000029891,1
4816,38332202,200006,8640,1,8640,380000324061,1
4820,38412429,200006,8640,1,8640,1430000224071,1
4833,38512293,1A1501,105840,1,105840,380000322051,5
4845,38522047,200006,8640,1,8640,380000323091,1
4849,38612200,200006,8640,1,8640,20001638431,1
4854,38612237,200006,8640,1,8640,1430000222401,1
4857,38632142,200006,8640,1,8640,150000394191,1
4864,38642006,200006,8640,1,8640,380000322651,1
4879,38722183,200006,8640,1,8640,380000323821,1
4884,38732074,200006,8640,1,8640,380000324051,1
4894,38812276,200006,8640,1,8640,1770000187541,1
4900,38912098,1A1501,105840,1,105840,380000323011,5
4908,38912099,200071,16200,1,16200,380000323331,2
4922,39122146,1A1501,105840,1,105840,390000124971,5
4925,39122146,1B2201,28080,1,28080,390000124974,4
4935,39152125,1B2201,28080,1,28080,390000125051,4
4967,39252079,1A1501,105840,1,105840,390000123692,5
4968,39252079,1B2201,28080,1,28080,390000123693,4
4980,39252081,1A1501,105840,1,105840,390000124362,5
4982,39252081,1B2201,28080,1,28080,390000124364,4
4996,39312062,200006,8640,1,8640,30000235961,1
4997,39312062,200071,16200,1,16200,30000235962,2
4999,39312101,1B2201,28080,1,28080,390000124991,4
5005,39432036,1A1501,105840,1,105840,390000124982,5
5010,39512061,1B2201,28080,1,28080,390000124094,4
5013,39612071,1B2201,28080,1,28080,390000123711,4
5034,40132111,200071,16200,1,16200,400000567801,2
5040,40152277,1B2201,28080,1,28080,400000567552,4
5057,40512187,200071,16200,1,16200,400000570582,2
5068,40712153,200006,8640,1,8640,400000567963,1
5074,40722016,1B2201,28080,1,28080,840000115511,4
5078,40852086,1A1601,82080,1,82080,400000569042,3
5099,42122036,200006,8640,1,8640,370000444541,1
5100,42332012,1B2201,28080,1,28080,370000444521,4
5111,42812075,200006,8640,1,8640,370000444091,1
5112,42812075,200071,16200,1,16200,370000444092,2
5119,43132010,1B2201,28080,1,28080,1430000219273,4
5126,43132034,1A1501,105840,1,105840,430000083813,5
5128,43132034,1B2201,28080,1,28080,430000083815,4
5134,43152122,200006,8640,1,8640,430000083631,1
5137,43152122,200006,8640,1,8640,430000083771,1
5140,43152137,1A1501,105840,1,105840,430000083481,5
5153,43312089,200006,8640,1,8640,380000322881,1
5157,43332052,1A1501,105840,1,105840,430000083452,5
5159,43332052,1B2201,28080,1,28080,430000083454,4
5171,43432021,200071,16200,1,16200,430000083292,2
5173,43512008,200006,8640,1,8640,150000393831,1
5181,43612059,1A1501,105840,1,105840,430000083271,5
5183,43612059,1B2201,28080,1,28080,430000083273,4
5200,43912028,1A1501,105840,1,105840,430000083251,5
5203,43912028,1B2201,28080,1,28080,430000083254,4
5212,44222005,200071,16200,1,16200,440000101781,2
5221,44252063,1B2201,28080,1,28080,440000101842,4
5224,44252070,200071,16200,1,16200,440000101391,2
5229,44252072,1A1501,105840,1,105840,440000101541,5
5235,44312069,1A1501,105840,1,105840,440000102041,5
5245,44412076,1B2201,28080,1,28080,440000101951,4
5254,44632065,1A1501,105840,1,105840,440000101122,5
5255,44632065,1B2201,28080,1,28080,440000101123,4
5275,44912041,1A1501,105840,1,105840,440000101481,5
5276,44912041,1B2201,28080,1,28080,440000101482,4
5300,45112179,1B2201,28080,1,28080,450000352660,4
5303,45112185,1B2201,28080,1,28080,450000352033,4
5312,45112187,1A1501,105840,1,105840,450000352561,5
5316,45112187,1B2201,28080,1,28080,450000352565,4
5318,45122095,200006,8640,1,8640,1430000219661,1
5325,45122226,1B2201,28080,1,28080,450000350896,4
5332,45132018,200006,8640,1,8640,450000353341,1
5336,45152111,1B2201,28080,1,28080,450000352981,4
5345,45152253,1B2201,28080,1,28080,450000352974,4
5346,45152269,200006,8640,1,8640,1770000185241,1
5347,45152270,200006,8640,1,8640,450000351211,1
5351,45152297,200006,8640,1,8640,450000352931,1
5360,45212078,1B2201,28080,2,56160,450000352533,8
5371,45212133,1B2201,28080,1,28080,450000350758,4
5387,45222107,1B2201,28080,1,28080,450000353332,4
5391,45232085,200071,16200,1,16200,450000351201,2
5396,45252179,1B2201,28080,1,28080,450000351953,4
5411,45312184,1B2201,28080,1,28080,450000352891,4
5441,45412012,1B2201,28080,1,28080,450000352771,4
5442,45412179,200006,8640,1,8640,1430000226391,1
5445,45412219,1B2201,28080,1,28080,450000352623,4
5451,45412273,1A1501,105840,1,105840,450000352191,5
5490,45612136,200006,8640,1,8640,450000352213,1
5499,45632122,1A1501,105840,1,105840,450000353051,5
5509,45652045,1B2201,28080,1,28080,2090000013971,4
5519,45722006,1B2201,28080,1,28080,450000353036,4
5526,45722139,1B2201,28080,1,28080,450000352673,4
5541,45732016,1B2201,28080,1,28080,450000352373,4
5549,45732052,1B2201,28080,1,28080,450000352121,4
5558,45812055,1B2201,28080,1,28080,450000351421,4
5565,45812089,200006,8640,1,8640,1940000027061,1
5567,45832002,1B2201,28080,1,28080,450000351071,4
5586,46812021,200006,8640,1,8640,630000725571,1
5594,47312044,1A1501,105840,1,105840,470000084472,5
5604,47722026,200006,8640,1,8640,470000084701,1
5614,53112141,200071,16200,1,16200,1430000224952,2
5620,53112422,1B2201,28080,1,28080,320000508071,4
5658,53122787,1A1501,105840,1,105840,530000895072,5
5672,53122788,1A1501,105840,1,105840,530000895562,5
5677,53122788,1B2201,28080,1,28080,530000895567,4
5686,53122789,1A1501,105840,1,105840,530000895982,5
5699,53122790,200071,16200,1,16200,530000896882,2
5706,53132178,200006,8640,1,8640,380000323631,1
5714,53132225,1A1501,105840,1,105840,530000900691,5
5727,53132226,1A1601,82080,1,82080,530000902581,3
5740,53152704,1B2201,28080,1,28080,530000898241,4
5755,53152732,1A1501,105840,1,105840,530000897301,5
5756,53152732,1B2201,28080,1,28080,530000897302,4
5768,53152734,1A1501,105840,1,105840,530000902321,5
5770,53152734,1B2201,28080,1,28080,530000902323,4
5780,53212178,200006,8640,1,8640,530000896001,1
5782,53212478,200006,8640,1,8640,20001631711,1
5789,53212593,200071,16200,1,16200,530000897421,2
5804,53212653,1A1601,82080,1,82080,530000902311,3
5808,53212654,200071,16200,1,16200,530000902971,2
5820,53222267,200071,16200,1,16200,530000895481,2
5825,53232238,1B2201,28080,1,28080,530000899203,4
5826,53232238,1B2201,28080,1,28080,530000899204,4
5844,53312041,200006,8640,1,8640,320000507292,1
5845,53312181,200006,8640,1,8640,380000321931,1
5850,53312310,200006,8640,1,8640,630000723402,1
5856,53312574,1A1601,82080,1,82080,530000901011,3
5860,53322379,1A1501,105840,1,105840,530000901851,5
5862,53322379,1B2201,28080,1,28080,530000901853,4
5871,53332341,1A1501,105840,1,105840,530000896052,5
5876,53332341,1B2201,28080,1,28080,530000896057,4
5881,53332342,1A1601,82080,1,82080,530000900761,3
5911,53342103,1A1501,105840,1,105840,530000900921,5
5915,53412622,1B2201,28080,1,28080,530000901041,4
5927,53412745,200006,8640,1,8640,530000897091,1
5929,53412746,200071,16200,1,16200,530000897471,2
5948,53452149,200006,8640,1,8640,530000900541,1
5953,53452156,200071,16200,1,16200,530000898941,2
5962,53512176,200006,8640,1,8640,530000903221,1
5968,53512425,1B2201,28080,1,28080,530000898415,4
5974,53512486,200071,16200,1,16200,530000900561,2
5992,53522148,200071,16200,1,16200,530000897002,2
5996,53552026,1B2201,28080,1,28080,320000506822,4
6012,53612357,1B2201,28080,1,28080,530000902513,4
6019,53622007,1B2201,28080,1,28080,530000901052,4
6035,53632245,200006,8640,1,8640,20001635311,1
6036,53632266,1B2201,28080,1,28080,530000901481,4
6043,53632315,200071,16200,1,16200,530000901911,2
6050,53712130,200006,8640,1,8640,360000666801,1
6054,53712251,200071,16200,1,16200,530000896981,2
6056,53712304,200006,8640,1,8640,1360000068671,1
6063,53712391,200071,16200,1,16200,530000897072,2
6067,53712392,1A1501,105840,1,105840,530000898451,5
6072,53712392,1B2201,28080,1,28080,530000898456,4
6083,53712394,1A1501,105840,1,105840,530000902911,5
6084,53712394,1B2201,28080,1,28080,530000902912,4
6090,53722194,200006,8640,1,8640,20001628122,1
6101,53722326,1A1601,82080,1,82080,530000897151,3
6108,53722329,1A1601,82080,1,82080,530000899302,3
6115,53722329,1B2201,28080,1,28080,530000900341,4
6122,53732032,1B2201,28080,1,28080,530000898491,4
6137,53752184,1A1501,105840,1,105840,530000898421,5
6138,53752184,1B2201,28080,1,28080,530000898422,4
6165,53812455,1A1501,105840,1,105840,530000901171,5
6174,53852232,1B2201,28080,1,28080,530000899331,4
6180,53852246,1A1501,105840,1,105840,530000899051,5
6189,53912194,200071,16200,1,16200,530000895301,2
6205,54332041,200006,8640,1,8640,540000162654,1
6208,54332042,1A1601,82080,1,82080,540000162851,3
6210,54332042,1B2201,28080,1,28080,540000162853,4
6218,54512173,1B2201,28080,1,28080,540000162461,4
6227,54522036,1B2201,28080,1,28080,2400000004082,4
6234,54712083,200006,8640,1,8640,540000163041,1
6246,55112156,200006,8640,1,8640,550000200201,1
6249,55122044,200006,8640,1,8640,550000201651,1
6259,55152257,1A1501,105840,1,105840,550000201671,5
6264,55232033,200006,8640,1,8640,1430000224661,1
6266,55232040,200006,8640,1,8640,530000897101,1
6273,55312217,200071,16200,1,16200,550000200701,2
6276,55322064,1B2201,28080,1,28080,2050000006231,4
6287,55432049,200071,16200,1,16200,550000201121,2
6293,55432051,1A1501,105840,1,105840,550000200732,5
6304,55452049,1B2201,28080,1,28080,550000201643,4
6315,55652048,200071,16200,1,16200,550000200861,2
6319,55712094,200071,16200,1,16200,550000201791,2
6324,55722088,1B2201,28080,1,28080,550000201552,4
6331,55852091,200071,16200,1,16200,550000200901,2
6355,56312029,1B2201,28080,1,28080,560000099662,4
6364,56652019,200006,8640,1,8640,560000099091,1
6370,57112020,1B2201,28080,1,28080,570000079021,4
6374,57112063,1B2201,28080,1,28080,1910000017661,4
6388,57212072,200071,16200,1,16200,570000078971,2
6389,57212072,200006,8640,1,8640,570000078972,1
6395,57232050,1B2201,28080,1,28080,570000079244,4
6404,57312179,1B2201,28080,1,28080,570000079011,4
6424,57512046,200006,8640,1,8640,570000078951,1
6428,57632030,1B2201,28080,1,28080,570000079001,4
6434,57732028,200006,8640,1,8640,570000079271,1
6436,57752011,1B2201,28080,1,28080,570000079251,4
6441,57912038,200006,8640,1,8640,570000079121,1
6452,58222018,1B2201,28080,1,28080,630000726963,4
6472,60112115,200071,16200,1,16200,600000132341,2
6475,60122106,200006,8640,1,8640,600000133011,1
6490,60122185,1A1501,105840,1,105840,600000132522,5
6504,60132048,1A1501,105840,1,105840,600000131931,5
6507,60132048,1B2201,28080,1,28080,600000131934,4
6516,60142001,200071,16200,1,16200,600000131761,2
6525,60152134,1A1501,105840,1,105840,600000132651,5
6527,60212122,200071,16200,1,16200,600000132591,2
6531,60212122,1A1601,82080,1,82080,600000132631,3
6541,60252093,200006,8640,1,8640,600000132061,1
6546,60252094,1A1501,105840,1,105840,600000132482,5
6566,60332065,1A1501,105840,1,105840,600000131892,5
6591,60412165,200071,16200,1,16200,600000132411,2
6599,60552015,200071,16200,1,16200,600000132621,2
6602,60552015,200006,8640,1,8640,600000132911,1
6605,60552018,200071,16200,1,16200,600000131652,2
6608,60552020,200071,16200,1,16200,600000132681,2
6615,60612068,200006,8640,1,8640,600000132081,1
6620,60612068,200071,16200,1,16200,600000132321,2
6623,60612068,200071,16200,1,16200,600000132781,2
6635,60722042,200071,16200,1,16200,600000131611,2
6642,60752032,1A1501,105840,1,105840,600000132762,5
6649,60752034,1A1501,105840,1,105840,600000133232,5
6651,60812024,200071,16200,1,16200,600000132451,2
6652,60812097,1A1601,82080,1,82080,600000132491,3
6659,60812099,200071,16200,1,16200,600000132732,2
6663,60852048,200006,8640,1,8640,600000132171,1
6670,61152080,1A1601,82080,1,82080,610000064921,3
6677,61212076,1A1601,82080,1,82080,880000050821,3
6690,61322042,200071,16200,1,16200,610000065051,2
6717,62152154,200071,16200,1,16200,620000133041,2
6725,62252053,1B2201,28080,1,28080,620000134806,4
6752,62652022,1A1501,105840,1,105840,620000132901,5
6760,62722065,200006,8640,1,8640,620000134151,1
6762,63112102,200006,8640,1,8640,1940000026911,1
6765,63112223,1B2201,28080,1,28080,630000727092,4
6770,63112247,200006,8640,1,8640,1430000222851,1
6771,63112247,200071,16200,1,16200,1430000222852,2
6790,63112314,200071,16200,1,16200,890000083721,2
6794,63122547,200006,8640,0,0,630000723191,0
6796,63122547,1B2201,28080,1,28080,630000723193,4
6833,63122604,1A1501,105840,1,105840,630000722982,5
6847,63122607,200071,16200,1,16200,630000724361,2
6848,63122607,200006,8640,1,8640,630000724362,1
6870,63122612,1A1601,82080,1,82080,630000728701,3
6875,63132181,1A1601,82080,1,82080,890000084642,3
6886,63132224,1B2201,28080,1,28080,630000731584,4
6903,63152165,200071,16200,1,16200,630000730321,2
6916,63152575,200006,8640,1,8640,630000723081,1
6922,63152610,1B2201,28080,1,28080,630000729164,4
6934,63152619,1A1501,105840,1,105840,630000730702,5
6946,63212447,1B2201,28080,1,28080,630000726905,4
6961,63212481,1A1501,105840,1,105840,630000727512,5
6989,63222303,1A1501,105840,1,105840,630000723512,5
6990,63222303,1B2201,28080,1,28080,630000723513,4
6994,63232038,200006,8640,1,8640,630000723352,1
7003,63232202,1A1601,82080,1,82080,630000725471,3
7010,63232207,200006,8640,1,8640,630000724951,1
7019,63252198,200071,16200,1,16200,630000727871,2
7021,63252272,1B2201,28080,1,28080,630000732061,4
7025,63252299,200006,8640,1,8640,1090000496801,1
7034,63252324,1A1501,105840,1,105840,630000724432,5
7036,63252324,1B2201,28080,1,28080,630000724434,4
7059,63312349,200006,8640,1,8640,630000722781,1
7074,63322307,1A1501,105840,1,105840,630000726031,5
7078,63322307,1B2201,28080,1,28080,630000726035,4
7089,63332120,200006,8640,1,8640,630000731251,1
7096,63332178,200071,16200,1,16200,630000723071,2
7099,63332182,200071,16200,1,16200,630000724551,2
7105,63342050,200006,8640,1,8640,630000730721,1
7109,63412255,200071,16200,1,16200,630000728621,2
7122,63412633,1B2201,28080,1,28080,630000724972,4
7135,63412691,1B2201,28080,1,28080,630000730663,4
7154,63412702,1A1501,105840,1,105840,630000724792,5
7156,63422017,1B2201,28080,1,28080,20001632221,4
7163,63422034,1B2201,28080,1,28080,630000726344,4
7176,63452127,200071,16200,1,16200,630000723471,2
7183,63452171,1A1501,105840,1,105840,630000728321,5
7184,63452171,1B2201,28080,1,28080,630000728322,4
7194,63512288,1B2201,28080,1,28080,630000728443,4
7201,63512395,200006,8640,1,8640,630000727191,1
7224,63512512,1A1601,82080,1,82080,630000726191,3
7232,63512513,200071,16200,1,16200,630000724521,2
7260,63522226,1A1501,105840,1,105840,630000726682,5
7262,63522226,1B2201,28080,1,28080,630000726684,4
7271,63522227,1A1501,105840,1,105840,630000727311,5
7290,63522229,1A1501,105840,1,105840,630000730771,5
7292,63532008,200071,16200,1,16200,630000727021,2
7294,63542012,200006,8640,1,8640,630000727582,1
7298,63612201,200006,8640,1,8640,630000730351,1
7309,63612376,200006,8640,1,8640,630000723412,1
7313,63612378,1A1501,105840,1,105840,630000726102,5
7331,63622215,200006,8640,1,8640,630000725211,1
7352,63622224,1A1501,105840,1,105840,630000724562,5
7359,63632314,1B2201,28080,1,28080,630000726421,4
7383,63652067,200006,8640,1,8640,630000731931,1
7386,63652083,200006,8640,1,8640,630000730631,1
7390,63652098,200071,16200,1,16200,630000729911,2
7395,63712255,200006,8640,1,8640,560000099851,1
7415,63712442,200006,8640,1,8640,630000725991,1
7420,63722034,200006,8640,1,8640,630000724481,1
7438,63722315,1A1601,82080,1,82080,630000724692,3
7451,63722316,1A1501,105840,1,105840,630000724132,5
7463,63722317,200006,8640,1,8640,630000731271,1
7475,63722318,200071,16200,1,16200,630000730361,2
7482,63812201,1B2201,28080,1,28080,630000731131,4
7508,63812498,1A1601,82080,1,82080,630000723002,3
7526,63852215,200006,8640,1,8640,630000727301,1
7528,63852215,200006,8640,1,8640,630000731361,1
7542,63912112,200071,16200,1,16200,630000724101,2
7545,63912112,1A1501,105840,1,105840,630000726431,5
7570,65152007,1B2201,28080,1,28080,650000070385,4
7573,65212056,200006,8640,1,8640,650000070151,1
7583,65312078,200071,16200,1,16200,650000070801,2
7593,65412067,1A1601,82080,1,82080,650000070311,3
7602,65412068,200006,8640,1,8640,650000070511,1
7606,65522011,200006,8640,1,8640,160000636421,1
7612,66112129,1B2201,28080,1,28080,660000217243,4
7618,66122158,1A1501,105840,1,105840,660000217191,5
7638,66152136,1B2201,28080,1,28080,660000218193,4
7642,66152174,200006,8640,1,8640,660000216972,1
7669,66252068,1B2201,28080,1,28080,660000216911,4
7679,66252123,200071,16200,1,16200,660000216571,2
7700,66322098,1B2201,28080,1,28080,660000218621,4
7711,66322100,1B2201,28080,1,28080,660000217783,4
7741,66612084,1B2201,28080,1,28080,660000218161,4
7747,66622060,1B2201,28080,1,28080,660000217734,4
7761,66652041,1B2201,28080,1,28080,660000216931,4
7772,66722081,1B2201,28080,1,28080,660000217983,4
7794,66812111,200006,8640,1,8640,660000217521,1
7799,66812115,200006,8640,1,8640,660000217563,1
7806,67122051,200006,8640,1,8640,670000087263,1
7807,67152064,200006,8640,1,8640,670000087671,1
7818,68004140,1B2201,28080,1,28080,680000436262,4
7822,68004360,200071,16200,1,16200,680000436742,2
7824,68004900,200071,16200,1,16200,380000322821,2
7834,68005553,1A1601,82080,1,82080,680000435411,3
7854,68005619,1A1501,105840,1,105840,680000435551,5
7929,68005671,1A1601,82080,1,82080,680000436491,3
7945,68005673,1A1501,105840,1,105840,680000435612,5
7969,68005698,1A1501,105840,1,105840,680000436272,5
7977,68005707,200071,16200,1,16200,680000436591,2
7980,68005709,1A1501,105840,1,105840,680000436531,5
7981,68005709,1B2201,28080,1,28080,680000436532,4
8002,69322014,1B2201,28080,1,28080,1370000029482,4
8005,69412115,200006,8640,1,8640,30000234461,1
8013,69612026,1B2201,28080,1,28080,160000638191,4
8018,69722036,200006,8640,1,8640,30000235911,1
8019,69812067,200071,16200,1,16200,390000124111,2
8024,69812096,200006,8640,1,8640,1370000029431,1
8025,69830002,1B2201,28080,1,28080,1370000029801,4
8031,70112038,200006,8640,1,8640,280000298571,1
8051,70122049,200006,8640,1,8640,20001634241,1
8064,70132011,200071,16200,1,16200,700000340724,2
8174,71122165,200071,16200,1,16200,710000189362,2
8188,71152150,1A1501,105840,1,105840,710000191167,5
8189,71152150,1B2201,28080,1,28080,710000191168,4
8197,71152152,1A1601,82080,1,82080,710000189681,3
8222,71212157,200006,8640,1,8640,710000190961,1
8225,71252084,1A1501,105840,1,105840,710000188701,5
8238,71252085,1A1501,105840,1,105840,710000190101,5
8248,71252085,1B2201,28080,1,28080,710000190111,4
8252,71312077,1A1501,105840,1,105840,710000189011,5
8270,71322070,200006,8640,1,8640,710000190361,1
8276,71412052,1B2201,28080,1,28080,710000189054,4
8283,71412063,200071,16200,1,16200,710000189951,2
8285,71412105,1B2201,28080,1,28080,900000103151,4
8296,71512125,200006,8640,1,8640,710000189741,1
8299,71552031,200006,8640,1,8640,710000190041,1
8311,71612077,1A1501,105840,1,105840,710000190401,5
8329,71622054,200006,8640,1,8640,710000190621,1
8337,71712065,1B2201,28080,1,28080,710000190581,4
8352,71732030,1A1501,105840,1,105840,710000189321,5
8361,71732030,1B2201,28080,1,28080,710000189330,4
8372,71752023,1A1501,105840,1,105840,710000191222,5
8381,71852026,1A1501,105840,1,105840,710000189941,5
8393,71852026,1B2201,28080,1,28080,710000189953,4
8395,71852027,200006,8640,1,8640,710000190901,1
8398,72112042,200006,8640,1,8640,380000322791,1
8400,72112051,200071,16200,1,16200,720000098561,2
8426,72212090,1A1501,105840,1,105840,720000099252,5
8427,72212090,1B2201,28080,1,28080,720000099253,4
8435,72252069,1A1501,105840,1,105840,720000099131,5
8437,72252069,1B2201,28080,1,28080,720000099133,4
8440,72332060,1B2201,28080,1,28080,720000098952,4
8445,72512054,200006,8640,1,8640,720000098231,1
8472,73122114,200006,8640,1,8640,730000108601,1
8477,73152103,200006,8640,1,8640,730000109641,1
8482,73222043,200006,8640,1,8640,730000108801,1
8484,73252068,200006,8640,1,8640,730000108092,1
8485,73252068,200071,16200,1,16200,730000108093,2
8488,73252068,200071,16200,1,16200,730000109391,2
8499,73412113,200071,16200,1,16200,730000109132,2
8503,73552024,200071,16200,1,16200,730000108682,2
8506,73712025,200006,8640,1,8640,730000108641,1
8508,73752016,200006,8640,1,8640,1430000222831,1
8509,73852020,200006,8640,1,8640,730000109081,1
8511,73852035,200006,8640,1,8640,730000109271,1
8513,75112061,200006,8640,1,8640,70000144701,1
8531,75222033,1A1501,105840,1,105840,750000086251,5
8544,75252039,200006,8640,1,8640,2220000016321,1
8548,75322009,200006,8640,1,8640,750000086571,1
8564,75732021,200006,8640,1,8640,750000086851,1
8568,75852037,200006,8640,1,8640,560000099571,1
8569,75852039,200006,8640,1,8640,2220000015161,1
8572,76112050,1A1501,105840,1,105840,760000121692,5
8594,76312056,200006,8640,1,8640,760000121781,1
8597,76522038,200006,8640,1,8640,1090000496881,1
8618,78112010,1B2201,28080,1,28080,780000193321,4
8624,78112074,1A1601,82080,1,82080,780000193181,3
8632,78122095,1B2201,28080,1,28080,140000854011,4
8641,78132049,200006,8640,1,8640,780000193102,1
8667,78332048,200006,8640,1,8640,780000193133,1
8680,78412164,200006,8640,1,8640,780000192352,1
8682,78512074,1B2201,28080,1,28080,780000193951,4
8693,78612086,200071,16200,1,16200,780000193922,2
8713,78632067,200071,16200,1,16200,780000192622,2
8719,78812051,200071,16200,1,16200,780000193861,2
8722,80212066,200006,8640,1,8640,680000436661,1
8729,81112052,1B2201,28080,1,28080,1770000186461,4
8742,82112021,200006,8640,1,8640,2350000008261,1
8754,82312100,200006,8640,1,8640,820000261601,1
8766,82522030,200006,8640,1,8640,820000263481,1
8770,82552016,1A1501,105840,1,105840,820000264622,5
8772,82552016,1B2201,28080,1,28080,820000264624,4
8774,82622033,200071,16200,1,16200,820000264861,2
8778,82912004,200006,8640,1,8640,820000262821,1
8791,83132026,1A1501,105840,1,105840,830000116692,5
8813,83212100,1B2201,28080,1,28080,830000116426,4
8814,83222072,1A1501,105840,1,105840,830000116121,5
8830,83322078,1A1501,105840,1,105840,830000117262,5
8832,83322078,1B2201,28080,1,28080,830000117264,4
8864,83912021,200071,16200,1,16200,830000116631,2
8874,84122071,1A1501,105840,1,105840,840000115302,5
8877,84122071,1B2201,28080,1,28080,840000115305,4
8889,84132013,1B2201,28080,1,28080,840000114165,4
8941,84252052,1B2201,28080,1,28080,840000115894,4
8949,84322048,200006,8640,1,8640,840000115951,1
8965,84440003,1B2201,28080,1,28080,840000114099,4
8978,84440008,1A1501,105840,1,105840,840000115791,5
8980,84440008,1B2201,28080,1,28080,840000115793,4
8991,84512056,1B2201,28080,1,28080,840000113081,4
9017,84730007,200006,8640,1,8640,840000114481,1
9030,84812062,1A1501,105840,1,105840,840000115432,5
9031,84812062,1B2201,28080,1,28080,840000115433,4
9035,84912009,1B2201,28080,1,28080,840000114831,4
9043,85110020,1B2201,28080,1,28080,850000606894,4
9047,85110050,1A1501,105840,1,105840,850000605992,5
9049,85110050,1B2201,28080,1,28080,850000605994,4
9081,85220054,1A1601,82080,1,82080,850000608071,3
9084,85220054,1B2201,28080,1,28080,850000608074,4
9089,85250064,1A1501,105840,1,105840,850000608621,5
9091,85250064,1B2201,28080,1,28080,850000608623,4
9109,85440011,200006,8640,1,8640,630000726291,1
9111,85450010,200006,8640,1,8640,850000606941,1
9118,85520032,1B2201,28080,1,28080,850000603291,4
9140,85620058,1A1501,105840,1,105840,850000609232,5
9142,85620058,1B2201,28080,1,28080,850000609234,4
9150,85630001,1B2201,28080,1,28080,850000607991,4
9179,85730023,1A1501,105840,1,105840,850000607002,5
9181,85730023,1B2201,28080,1,28080,850000607004,4
9205,85850048,1B2201,28080,1,28080,850000608892,4
9219,85910018,1B2201,28080,1,28080,840000115991,4
9227,86110048,1A1501,105840,1,105840,860000103061,5
9229,86110048,1B2201,28080,1,28080,860000103063,4
9232,86120007,1B2201,28080,1,28080,860000101982,4
9255,86120099,200006,8640,1,8640,860000101991,1
9257,86120099,1B2201,28080,1,28080,860000101993,4
9273,86210007,200006,8640,1,8640,860000102971,1
9284,86250024,1B2201,28080,1,28080,860000101301,4
9292,86250029,200006,8640,1,8640,860000102201,1
9294,86310004,200006,8640,1,8640,860000103131,1
9304,86330001,1B2201,28080,1,28080,860000102171,4
9309,86330013,1B2201,28080,1,28080,860000102321,4
9320,86450017,200071,16200,1,16200,860000102901,2
9345,86510062,200071,16200,1,16200,860000101351,2
9349,86510062,1A1601,82080,1,82080,860000102381,3
9352,86510063,1A1501,105840,1,105840,860000102402,5
9353,86510063,1B2201,28080,1,28080,860000102403,4
9404,86710058,200006,8640,1,8640,860000102681,1
9414,86710067,1A1501,105840,-1,-105840,860000101941,-5
9417,86710067,1A1501,105840,1,105840,860000101951,5
9428,86810015,200006,8640,1,8640,860000102291,1
9436,86810065,200006,8640,1,8640,860000101681,1
9437,86810065,200071,16200,1,16200,860000101682,2
9450,86810110,1A1501,105840,1,105840,860000102062,5
9463,86810111,1A1501,105840,1,105840,860000103152,5
9465,86810111,1B2201,28080,1,28080,860000103154,4
9471,86850052,200006,8640,1,8640,860000102111,1
9489,87212140,200071,16200,1,16200,870000093612,2
9495,87322072,200071,16200,1,16200,870000093291,2
9501,87412075,1B2201,28080,1,28080,1490000095702,4
9503,87412105,1B2201,28080,1,28080,870000093461,4
9507,87412135,200006,8640,1,8640,870000093301,1
9509,87452035,200006,8640,1,8640,870000093801,1
9513,87512045,200006,8640,1,8640,870000093621,1
9514,87522039,1A1601,82080,1,82080,870000093331,3
9524,87612065,200006,8640,1,8640,870000093201,1
9526,87722045,200006,8640,1,8640,1490000097591,1
9528,88112034,1A1501,105840,1,105840,880000050772,5
9530,88112034,1B2201,28080,1,28080,880000050774,4
9532,88152022,200006,8640,1,8640,1430000220551,1
9545,88212044,200071,16200,1,16200,880000050351,2
9550,88220018,1A1501,105840,1,105840,880000050841,5
9552,88220018,1B2201,28080,1,28080,880000050843,4
9573,88912004,200006,8640,1,8640,880000050891,1
9581,89150054,1B2201,28080,1,28080,890000085161,4
9596,89320043,200006,8640,1,8640,890000084871,1
9599,89410084,200006,8640,1,8640,630000725041,1
9611,89430029,1A1601,82080,1,82080,890000083932,3
9622,89510064,1A1501,105840,1,105840,890000084531,5
9629,89510064,200006,8640,1,8640,890000085314,1
9652,89710065,1A1601,82080,1,82080,890000085222,3
9654,89710065,1B2201,28080,1,28080,890000085224,4
9655,89720038,200006,8640,1,8640,890000083841,1
9668,90120123,1B2201,28080,1,28080,900000103144,4
9670,90120125,1A1501,105840,1,105840,900000101742,5
9684,90120126,1A1501,105840,1,105840,900000102221,5
9685,90120126,1B2201,28080,1,28080,900000102222,4
9699,90150095,200006,8640,1,8640,900000102371,1
9706,90210136,1B2201,28080,1,28080,900000101881,4
9708,90210136,1A1501,105840,1,105840,900000101883,5
9712,90250064,200071,16200,1,16200,900000102681,2
9716,90320037,200006,8640,1,8640,900000102672,1
9729,90510060,1B2201,28080,1,28080,900000102744,4
9741,90620036,1A1501,105840,1,105840,900000103373,5
9742,90620036,1B2201,28080,1,28080,900000103374,4
9761,92252035,200006,8640,1,8640,920000067462,1
9777,92512062,1B2201,28080,1,28080,630000726973,4
9792,93122216,1A1501,105840,1,105840,930000121191,5
9795,93122216,1B2201,28080,1,28080,930000121194,4
9806,93222093,1A1501,105840,1,105840,2380000000241,5
9808,93222093,1B2201,28080,1,28080,2380000000243,4
9829,93322063,1B2201,28080,1,28080,570000078884,4
9835,93412186,200071,16200,1,16200,2110000022461,2
9845,93512144,1A1501,105840,1,105840,930000120782,5
9863,93612111,1A1501,105840,1,105840,930000121422,5
9865,93612111,1B2201,28080,1,28080,930000121424,4
9880,93712105,1B2201,28080,1,28080,930000121082,4
9895,93752047,1B2201,28080,1,28080,1770000187902,4
9903,94130027,1A1501,105840,1,105840,940000083081,5
9919,94152055,1B2201,28080,1,28080,940000083616,4
9926,94152061,1A1501,105840,1,105840,940000081893,5
9927,94152061,1B2201,28080,1,28080,940000081894,4
9944,94232019,1A1501,105840,1,105840,940000083192,5
9946,94232019,1B2201,28080,1,28080,940000083194,4
9966,94412054,1B2201,28080,1,28080,940000083455,4
9978,94632014,1B2201,28080,1,28080,940000082443,4
10017,96120027,200006,8640,1,8640,960000071131,1
10024,96120049,1B2201,28080,1,28080,960000071661,4
10028,96120074,1A1601,82080,1,82080,960000070901,3
10051,96220026,1B2201,28080,1,28080,960000072363,4
10068,96310066,200006,8640,1,8640,960000071591,1
10072,96310067,200006,8640,1,8640,960000071821,1
10079,96410010,200071,16200,1,16200,960000071521,2
10088,96410072,1A1601,82080,1,82080,960000072142,3
10100,96620017,200071,16200,1,16200,960000072081,2
10112,96720001,1B2201,28080,1,28080,960000071285,4
10120,96850032,200071,16200,1,16200,960000071941,2
10123,97110005,200006,8640,1,8640,380000322021,1
10126,97130002,200006,8640,1,8640,1940000025991,1
10129,97750003,200006,8640,1,8640,1940000026511,1
10130,98152009,200006,8640,1,8640,1430000221491,1
10139,98152045,1A1501,105840,1,105840,980000034662,5
10151,99110063,1B2201,28080,1,28080,990000147322,4
10157,99110064,1B2201,28080,1,28080,990000149523,4
10190,99220026,200006,8640,1,8640,990000148761,1
10205,99310146,200006,8640,1,8640,990000148721,1
10212,99330084,200006,8640,1,8640,990000148661,1
10228,99610047,200006,8640,1,8640,990000148551,1
10231,99610050,1A1501,105840,1,105840,990000148282,5
10232,99610050,1B2201,28080,1,28080,990000148283,4
10250,99630046,1B2201,28080,1,28080,990000148812,4
10256,99650011,1A1501,105840,1,105840,990000147772,5
10257,99650011,1B2201,28080,1,28080,990000147773,4
10275,99750036,200071,16200,1,16200,990000148691,2
10283,99910008,200006,8640,1,8640,990000147251,1
10290,101110050,1A1601,82080,1,82080,20001631871,3
10296,101120011,1B2201,28080,1,28080,1010000055951,4
10303,101120078,200006,8640,1,8640,1010000056302,1
10309,101150075,200071,16200,1,16200,1430000219331,2
10315,101250054,200071,16200,1,16200,100001129501,2
10323,101310047,200071,16200,1,16200,650000070303,2
10332,101410031,200006,8640,1,8640,1010000056181,1
10340,101540004,200006,8640,1,8640,1010000055611,1
10342,101630021,200006,8640,1,8640,1010000056031,1
10439,104710127,200006,8640,1,8640,1040000427201,1
10441,104710127,200071,16200,1,16200,1040000427203,2
10443,104730024,1B2201,28080,1,28080,1430000222721,4
10459,108150037,200006,8640,1,8640,1080000033191,1
10464,108310018,200006,8640,1,8640,1080000033081,1
10467,108410069,1A1601,82080,1,82080,730000108031,3
10481,108650006,200006,8640,1,8640,1080000033021,1
10490,109110062,1B2201,28080,1,28080,1090000497524,4
10500,109310083,200071,16200,1,16200,1090000498522,2
10506,109310083,200071,16200,1,16200,1090000501331,2
10521,109620063,200071,16200,1,16200,1090000499451,2
10524,110120047,200006,8640,1,8640,1100000050441,1
10526,110120047,200071,16200,1,16200,1100000050561,2
10545,110810028,200006,8640,1,8640,1100000050461,1
10554,111130008,200006,8640,1,8640,1110000055261,1
10566,111130014,1A1501,105840,1,105840,1110000054312,5
10574,111130014,1B2201,28080,1,28080,1110000054320,4
10580,111230018,1A1501,105840,1,105840,1110000054071,5
10583,111230018,1B2201,28080,1,28080,1110000054074,4
10592,111310042,1A1501,105840,1,105840,320000506841,5
10594,111310042,1B2201,28080,1,28080,320000506843,4
10621,111630014,1A1501,105840,1,105840,1110000055111,5
10626,111710020,1A1601,82080,1,82080,1110000054062,3
10641,112150022,200006,8640,1,8640,1120000059171,1
10653,112330013,200006,8640,1,8640,1120000058831,1
10655,112340004,200006,8640,1,8640,1120000057711,1
10672,113110026,200071,16200,1,16200,1130000059102,2
10676,113120002,1B2201,28080,1,28080,1990000010651,4
10704,113630020,200006,8640,1,8640,1130000058951,1
10711,116110005,1B2201,28080,1,28080,1160000006061,4
10726,117110002,200071,16200,1,16200,1700000056961,2
10727,117150050,200006,8640,1,8640,1170000050821,1
10736,117450011,200006,8640,1,8640,600000132581,1
10741,118630008,200071,16200,1,16200,1180000016711,2
10752,119120046,1B2201,28080,1,28080,780000193782,4
10771,119150173,1A1501,105840,1,105840,1190000249862,5
10773,119150173,1B2201,28080,1,28080,1190000249864,4
10784,119150177,1A1501,105840,1,105840,1190000250902,5
10809,119250076,1A1601,82080,1,82080,1190000249642,3
10812,119250076,1B2201,28080,1,28080,1190000249645,4
10824,119310097,200071,16200,1,16200,1190000249691,2
10828,119330101,200071,16200,1,16200,1190000250391,2
10855,119410112,200006,8640,1,8640,1190000252081,1
10856,119410112,200006,8640,0,0,1190000252871,0
10861,119410113,1A1501,105840,1,105840,1190000251782,5
10865,119410113,1B2201,28080,1,28080,1190000251786,4
10881,119450036,1A1601,82080,1,82080,1190000251032,3
10885,119450036,1B2201,28080,1,28080,1190000251036,4
10936,120110101,1B2201,28080,1,28080,560000099765,4
10942,120110124,200071,16200,1,16200,1200000288701,2
10945,120120201,1B2201,28080,1,28080,530000900751,4
10951,120120207,1A1501,105840,1,105840,1200000288931,5
10952,120120207,1B2201,28080,1,28080,1200000288932,4
10964,120150075,200071,16200,1,16200,380000322091,2
10966,120150104,1B2201,28080,1,28080,2240000011482,4
10972,120150120,200071,16200,1,16200,20001638111,2
10977,120150192,1A1501,105840,1,105840,1200000287491,5
10983,120150192,1B2201,28080,1,28080,1200000287497,4
10988,120150193,1A1501,105840,1,105840,1200000288711,5
10993,120150193,1B2201,28080,1,28080,1200000288716,4
11008,120220074,200071,16200,1,16200,1430000224241,2
11018,120220078,1B2201,28080,1,28080,530000901222,4
11021,120230051,1B2201,28080,1,28080,700000341191,4
11030,120250136,1A1501,105840,1,105840,1200000288471,5
11046,120320089,1B2201,28080,1,28080,1200000288672,4
11065,120410123,1B2201,28080,1,28080,1200000288593,4
11073,120410160,1B2201,28080,1,28080,1040000424971,4
11078,120410185,1B2201,28080,1,28080,530000898731,4
11105,120510031,1B2201,28080,1,28080,1200000288337,4
11112,120510065,200006,8640,1,8640,650000070681,1
11122,120510129,1B2201,28080,1,28080,1200000288872,4
11127,120630022,1B2201,28080,1,28080,30000235942,4
11135,120720065,200071,16200,1,16200,530000896811,2
11137,120720087,1A1501,105840,1,105840,1120000058211,5
11140,120720087,1B2201,28080,1,28080,1120000058214,4
11148,120730016,1B2201,28080,1,28080,530000900891,4
11161,120810052,1B2201,28080,2,56160,1200000288902,8
11174,120810120,1A1501,105840,1,105840,1200000287752,5
11175,120810120,1B2201,28080,1,28080,1200000287753,4
11185,120910050,1A1501,105840,1,105840,1200000288081,5
11200,121220018,200006,8640,1,8640,120000239681,1
11205,121410050,1B2201,28080,1,28080,1210000030801,4
11217,122250074,200071,16200,1,16200,1220000042532,2
11218,122250074,200006,8640,1,8640,1220000042533,1
11224,122410058,200071,16200,1,16200,1220000042351,2
11227,122410058,200006,8640,1,8640,1220000042641,1
11234,122410059,1A1501,105840,1,105840,1220000042421,5
11248,122620011,1B2201,28080,1,28080,1220000042971,4
11266,124250075,1A1501,105840,1,105840,1240000077882,5
11298,124410105,1A1501,105840,1,105840,1240000077992,5
11299,124410105,1B2201,28080,1,28080,1240000077993,4
11312,124430012,200071,16200,1,16200,1240000078101,2
11317,124620033,1A1501,105840,1,105840,1240000078162,5
11323,124630071,1B2201,28080,1,28080,1240000077982,4
11333,124730015,200071,16200,2,32400,1240000078242,4
11345,124810100,1A1601,82080,1,82080,1240000078472,3
11351,125630015,1A1601,82080,1,82080,1250000042052,3
11360,125810032,200071,16200,1,16200,1250000042561,2
11368,126330010,200006,8640,1,8640,1260000012221,1
11375,126610011,1A1501,105840,1,105840,1260000012262,5
11376,126610011,1B2201,28080,1,28080,1260000012263,4
11391,126730001,1B2201,28080,1,28080,1260000012363,4
11397,127150042,200071,16200,1,16200,1040000432181,2
11408,127450002,1B2201,28080,1,28080,550000201842,4
11413,128110003,200006,8640,1,8640,1280000031661,1
11418,128120046,200006,8640,1,8640,1280000031151,1
11425,128120052,1A1601,82080,1,82080,1280000031161,3
11439,128230011,200006,8640,1,8640,1280000031201,1
11445,128250005,200006,8640,1,8640,1280000031121,1
11448,128250028,200006,8640,1,8640,1280000031391,1
11459,128810026,1B2201,28080,1,28080,1280000031453,4
11468,129310032,200006,8640,1,8640,1290000052721,1
11470,129310035,200071,16200,1,16200,1290000051981,2
11493,129410023,1B2201,28080,1,28080,1290000052316,4
11506,129550007,200006,8640,1,8640,1290000052271,1
11518,131230012,200071,16200,1,16200,1310000051962,2
11527,131310029,1B2201,28080,1,28080,60000736701,4
11544,131710020,200006,8640,1,8640,1310000052481,1
11559,131720019,1B2201,28080,1,28080,1310000052248,4
11560,131720019,1A1501,105840,1,105840,1310000052249,5
11562,131910002,200006,8640,1,8640,1310000051951,1
11566,132120012,1B2201,28080,1,28080,450000351521,4
11575,132220014,1B2201,28080,1,28080,1320000039315,4
11587,132810001,200006,8640,1,8640,700000340171,1
11593,133330019,1A1501,105840,1,105840,1330000051902,5
11603,133430024,1A1501,105840,1,105840,1330000052611,5
11612,133520007,1A1501,105840,1,105840,630000723032,5
11624,133630056,1A1501,105840,1,105840,1330000052852,5
11627,133650010,200006,8640,1,8640,1330000053001,1
11629,133710052,200071,16200,1,16200,930000121431,2
11638,134110024,1B2201,28080,1,28080,1340000090361,4
11659,134310064,1A1601,82080,1,82080,1340000091182,3
11661,134310064,1B2201,28080,1,28080,1340000091184,4
11692,134650030,200006,8640,1,8640,1340000091721,1
11711,135120117,200006,8640,1,8640,630000728963,1
11719,135130074,1A1501,105840,1,105840,1350000177432,5
11730,135130076,1A1501,105840,1,105840,1350000180752,5
11741,135320016,200006,8640,1,8640,1350000176491,1
11755,135410149,1A1501,105840,1,105840,1350000180831,5
11759,135450035,200071,16200,1,16200,1350000176161,2
11760,135450035,200006,8640,1,8640,1350000176162,1
11778,135550016,200006,8640,1,8640,1350000177561,1
11781,135630059,200006,8640,1,8640,1350000176091,1
11785,135710066,200071,16200,1,16200,1350000176181,2
11801,135810048,200006,8640,1,8640,1350000176921,1
11810,136110027,200006,8640,1,8640,1360000067321,1
11824,136150034,1B2201,28080,1,28080,1360000068141,4
11831,136150059,1A1501,105840,1,105840,1360000067612,5
11845,136220034,200071,16200,1,16200,1360000067841,2
11851,136230026,200071,16200,1,16200,1360000068202,2
11860,136310076,200071,16200,1,16200,1360000067872,2
11866,136510053,1A1501,105840,1,105840,1360000067332,5
11868,136510053,1B2201,28080,1,28080,1360000067334,4
11894,136630029,1B2201,28080,1,28080,1360000067675,4
11923,137150045,200006,8640,1,8640,1370000029541,1
11927,137220017,200071,16200,1,16200,1370000030131,2
11935,137250036,1B2201,28080,1,28080,1370000030061,4
11940,137250038,200071,16200,1,16200,1370000029881,2
11942,137330019,200006,8640,1,8640,1370000030181,1
11945,137410021,1B2201,28080,1,28080,1370000029602,4
11952,137520008,200006,8640,1,8640,1370000029922,1
11963,137610021,200006,8640,1,8640,1370000030111,1
11970,137750002,1B2201,28080,1,28080,390000124905,4
11991,138110010,200071,16200,1,16200,1380000018921,2
12000,138120029,200071,16200,1,16200,1380000018791,2
12004,138150033,200071,16200,1,16200,1380000018941,2
12012,138250016,200071,16200,1,16200,1380000018651,2
12022,138410028,1A1501,105840,1,105840,1380000018992,5
12027,138610017,1A1501,105840,1,105840,1380000019001,5
12028,138610017,1B2201,28080,1,28080,1380000019002,4
12032,138610021,1A1501,105840,1,105840,1380000018422,5
12044,138620004,1A1601,82080,1,82080,1380000019012,3
12052,138810007,1B2201,28080,1,28080,550000201871,4
12076,139250024,1B2201,28080,1,28080,280000298201,4
12077,139250024,1B2201,28080,1,28080,280000298202,4
12085,139440006,200006,8640,1,8640,930000120641,1
12093,139620020,1A1501,105840,1,105840,1390000034892,5
12094,139620020,1B2201,28080,1,28080,1390000034893,4
12122,140150033,200006,8640,1,8640,1400000052661,1
12166,140250032,1A1501,105840,1,105840,1400000052161,5
12178,140410064,200006,8640,1,8640,1400000053341,1
12193,140720023,1A1501,105840,1,105840,1400000052102,5
12212,141110017,1B2201,28080,1,28080,1410000034343,4
12238,141630023,1A1501,105840,1,105840,1410000034232,5
12249,141730004,200006,8640,1,8640,1410000034151,1
12254,143110135,200071,16200,1,16200,1430000222111,2
12257,143110147,200006,8640,1,8640,1430000223311,1
12264,143110180,1A1501,105840,1,105840,1430000224211,5
12271,143110181,1A1601,82080,1,82080,1430000225621,3
12284,143120151,200006,8640,1,8640,1430000226721,1
12292,143120235,200006,8640,1,8640,1430000219971,1
12293,143120240,1B2201,28080,1,28080,1430000221171,4
12321,143120275,200071,16200,1,16200,1430000221121,2
12329,143120276,1A1601,82080,1,82080,1430000223651,3
12350,143150179,200071,16200,1,16200,1430000224171,2
12356,143150182,200071,16200,1,16200,1430000221101,2
12358,143150238,1B2201,28080,1,28080,1430000223291,4
12364,143150274,1A1501,105840,1,105840,1430000220591,5
12365,143150274,1B2201,28080,1,28080,1430000220592,4
12374,143150277,1A1601,82080,1,82080,1430000222791,3
12381,143150278,200006,8640,1,8640,1430000222581,1
12385,143150280,200006,8640,1,8640,1430000224131,1
12407,143210213,200071,16200,1,16200,1430000223721,2
12422,143210234,1A1501,105840,1,105840,1430000221192,5
12433,143210235,200071,16200,1,16200,1430000222782,2
12445,143210239,200071,16200,1,16200,1430000224453,2
12449,143220032,200006,8640,1,8640,1430000223661,1
12450,143220032,200071,16200,1,16200,1430000223662,2
12452,143220070,1A1501,105840,1,105840,1370000030041,5
12460,143220080,200006,8640,1,8640,1430000224931,1
12463,143220081,200006,8640,1,8640,1430000225882,1
12476,143250169,200006,8640,1,8640,1430000223791,1
12479,143250171,1A1601,82080,1,82080,1430000225032,3
12484,143250172,200006,8640,1,8640,1430000224791,1
12487,143310050,200006,8640,1,8640,1430000219291,1
12489,143310172,200006,8640,1,8640,380000323261,1
12493,143310228,200006,8640,1,8640,1430000220461,1
12495,143310229,200006,8640,1,8640,1430000221361,1
12497,143310230,200006,8640,1,8640,1430000222261,1
12500,143310231,1A1601,82080,1,82080,1430000223781,3
12509,143310233,1A1501,105840,1,105840,1430000224251,5
12526,143310235,1A1601,82080,1,82080,1430000224812,3
12528,143310236,200071,16200,1,16200,1430000227171,2
12537,143320076,1B2201,28080,1,28080,1940000025901,4
12556,143320131,200006,8640,1,8640,1430000221551,1
12566,143320132,200006,8640,1,8640,1430000223391,1
12571,143320134,1A1501,105840,1,105840,1430000223692,5
12584,143330056,200006,8640,1,8640,1430000226831,1
12587,143330104,200006,8640,1,8640,1430000219801,1
12591,143330106,1B2201,28080,1,28080,1430000221392,4
12593,143330120,1A1501,105840,1,105840,1430000219191,5
12602,143330123,200071,16200,1,16200,1430000227131,2
12608,143350018,1A1601,82080,1,82080,1430000220231,3
12615,143350019,200071,16200,1,16200,1430000224501,2
12618,143410126,200006,8640,1,8640,1430000226401,1
12624,143410132,1B2201,28080,1,28080,1430000221951,4
12644,143410257,200006,8640,1,8640,1430000219961,1
12649,143410260,1A1601,82080,1,82080,1430000222741,3
12662,143420015,200006,8640,1,8640,1430000226221,1
12683,143510162,1A1601,82080,1,82080,1430000220862,3
12691,143510164,1A1501,105840,1,105840,1430000224402,5
12706,143520020,200006,8640,1,8640,2050000006171,1
12721,143550038,1A1501,105840,1,105840,1430000219482,5
12732,143610119,1B2201,28080,1,28080,1430000225811,4
12737,143610124,1B2201,28080,1,28080,1430000222361,4
12741,143610133,200071,16200,1,16200,1430000221941,2
12744,143610136,1A1601,82080,1,82080,1430000219821,3
12757,143610138,1A1501,105840,1,105840,1430000222011,5
12778,143630108,200006,8640,1,8640,1430000224691,1
12792,143650055,200071,16200,1,16200,1430000224701,2
12795,143650056,200071,16200,1,16200,1430000224731,2
12822,143710157,200006,8640,1,8640,1430000222391,1
12832,143720111,1B2201,28080,1,28080,1430000223702,4
12839,143720123,200006,8640,1,8640,1430000221881,1
12843,143720125,1A1501,105840,1,105840,1430000222992,5
12846,143720126,1A1501,105840,1,105840,1430000224161,5
12858,143720127,1A1501,105840,1,105840,1430000226281,5
12866,143730033,1A1501,105840,1,105840,1430000222082,5
12876,143750067,200006,8640,1,8640,1430000221421,1
12877,143750068,1A1501,105840,1,105840,1430000224361,5
12882,143810133,200071,16200,1,16200,280000299631,2
12885,143810150,200006,8640,1,8640,1430000222291,1
12887,143810154,1B2201,28080,1,28080,1430000224782,4
12898,143810190,200071,16200,1,16200,1430000219601,2
12906,143810195,200006,8640,1,8640,1430000222321,1
12909,143810197,200006,8640,1,8640,1430000225771,1
12926,143850084,1A1601,82080,1,82080,1430000224001,3
12948,144410024,1A1501,105840,1,105840,1540000047241,5
12949,144410024,1B2201,28080,1,28080,1540000047242,4
12954,144720022,200006,8640,1,8640,1440000029731,1
12959,145220005,200006,8640,1,8640,1450000427561,1
12969,145450064,1A1601,82080,1,82080,1450000430312,3
13018,146210057,1A1601,82080,1,82080,1460000044741,3
13034,146610012,200006,8640,1,8640,1800000022271,1
13051,146810002,200071,16200,1,16200,1460000044621,2
13053,147220010,200071,16200,1,16200,1910000017171,2
13066,148110001,1B2201,28080,1,28080,1480000042693,4
13076,148310018,200071,16200,1,16200,1480000042941,2
13100,148630026,1A1501,105840,1,105840,1480000042732,5
13102,148630026,1B2201,28080,1,28080,1480000042734,4
13121,148850022,1A1501,105840,1,105840,1480000043412,5
13122,148850022,1B2201,28080,1,28080,1480000043413,4
13125,149110028,200006,8640,1,8640,1490000097431,1
13131,149120095,200071,16200,1,16200,1490000097471,2
13142,149120117,1B2201,28080,1,28080,1490000096464,4
13188,149310084,200071,16200,1,16200,1490000096281,2
13202,149510057,200006,8640,1,8640,1490000097371,1
13206,149510102,200071,16200,1,16200,1490000096331,2
13209,149510102,200071,16200,1,16200,1490000097171,2
13211,149510104,1A1601,82080,1,82080,1490000097311,3
13215,149520043,1A1601,82080,1,82080,1490000096002,3
13223,149610021,1B2201,28080,1,28080,1490000097093,4
13249,149910022,200006,8640,1,8640,1430000223011,1
13266,150150057,1A1501,105840,1,105840,1500000047992,5
13268,150150057,1B2201,28080,1,28080,1500000047994,4
13283,150250014,1B2201,28080,1,28080,1500000048364,4
13303,150710049,200006,8640,1,8640,1500000047931,1
13317,151230004,200006,8640,1,8640,1940000027191,1
13319,151810003,200006,8640,1,8640,1940000026921,1
13327,153140012,200006,8640,1,8640,1530000055771,1
13329,153220016,200006,8640,1,8640,1530000056731,1
13362,153610057,200006,8640,1,8640,1530000055451,1
13366,153630032,1A1601,82080,1,82080,1530000055911,3
13371,153730022,1B2201,28080,1,28080,1530000056021,4
13376,153850030,200006,8640,1,8640,1530000055941,1
13407,154210001,200071,16200,1,16200,1540000046551,2
13413,154230040,1A1501,105840,1,105840,1540000046561,5
13439,154410071,1A1601,82080,1,82080,1540000046382,3
13453,154430013,1A1501,105840,1,105840,1540000046402,5
13464,154510033,200006,8640,1,8640,1540000047481,1
13488,154750014,1B2201,28080,1,28080,1540000047232,4
13491,154810028,200071,16200,1,16200,1540000046951,2
13499,155210024,1B2201,28080,1,28080,1550000070033,4
13503,155210041,200006,8640,1,8640,1550000069941,1
13572,157150042,1B2201,28080,1,28080,1570000034065,4
13575,157210041,1A1601,82080,1,82080,1570000034021,3
13578,157230016,1B2201,28080,1,28080,1570000034131,4
13585,157510041,200006,8640,1,8640,1570000033881,1
13596,157720027,200006,8640,1,8640,1570000033931,1
13598,157750002,200006,8640,1,8640,1570000034071,1
13600,158120022,200006,8640,1,8640,1580000023431,1
13603,158810021,200071,16200,1,16200,1580000023261,2
13607,159120013,200071,16200,1,16200,1770000186311,2
13610,159120022,200006,8640,1,8640,1550000070491,1
13627,160110009,200071,16200,1,16200,1600000034431,2
13636,160520013,1A1501,105840,1,105840,1600000034481,5
13638,160520013,1B2201,28080,1,28080,1600000034483,4
13644,160710002,1B2201,28080,1,28080,1600000034241,4
13656,160810005,1B2201,28080,1,28080,1600000034221,4
13663,160810026,200071,16200,1,16200,1600000033821,2
13669,161550003,200006,8640,1,8640,2090000015451,1
13670,161550003,200071,16200,1,16200,2090000015452,2
13672,162110065,200006,8640,2,17280,1620000239561,2
13676,162110065,1B2201,28080,1,28080,1620000239565,4
13680,162110083,200006,8640,1,8640,1620000242052,1
13682,162120050,200006,8640,1,8640,110000408421,1
13683,162120110,200006,8640,1,8640,1770000187521,1
13695,162120242,1A1501,105840,1,105840,1620000243592,5
13697,162120243,1A1501,105840,1,105840,1620000244521,5
13699,162120244,200006,8640,1,8640,1620000245181,1
13711,162150075,1B2201,28080,1,28080,350000638501,4
13722,162150090,1B2201,28080,1,28080,1620000236906,4
13728,162150235,1A1601,82080,1,82080,1620000238081,3
13738,162150236,200071,16200,1,16200,1620000238152,2
13740,162150236,1A1501,105840,1,105840,1620000240241,5
13750,162150237,200006,8640,1,8640,1620000238661,1
13753,162150238,1A1601,82080,1,82080,1620000242881,3
13761,162150239,1A1501,105840,1,105840,1620000243202,5
13784,162210193,1A1501,105840,1,105840,1620000240261,5
13798,162210194,1A1501,105840,1,105840,1620000241382,5
13803,162210194,1B2201,28080,1,28080,1620000241387,4
13812,162210196,1A1501,105840,1,105840,1620000245212,5
13813,162210196,1B2201,28080,1,28080,1620000245213,4
13823,162230053,200006,8640,1,8640,1620000236651,1
13828,162230078,200006,8640,1,8640,1620000243311,1
13837,162310129,1A1601,82080,1,82080,1620000238852,3
13847,162310130,200006,8640,1,8640,1620000243541,1
13851,162320063,200006,8640,1,8640,1620000237931,1
13861,162330048,1A1501,105840,1,105840,1620000238832,5
13882,162410160,200071,16200,1,16200,1620000238161,2
13888,162410225,200006,8640,1,8640,1620000243411,1
13904,162450064,200006,8640,1,8640,1620000238351,1
13915,162510062,200006,8640,2,17280,1620000236401,2
13918,162510156,200006,8640,1,8640,1620000240271,1
13930,162610134,1A1501,105840,1,105840,1620000240812,5
13933,162610134,1B2201,28080,1,28080,1620000240815,4
13942,162620032,1B2201,28080,1,28080,1620000238111,4
13956,162630161,1A1501,105840,1,105840,1620000239191,5
13975,162720048,200006,8640,1,8640,1620000244771,1
13988,162750052,1B2201,28080,1,28080,1730000028681,4
13994,162810047,200071,16200,1,16200,1430000221431,2
14002,162810194,1A1501,105840,1,105840,1620000240351,5
14003,162810194,1B2201,28080,1,28080,1620000240352,4
14014,162810196,1A1501,105840,1,105840,1620000242311,5
14026,162810197,200006,8640,1,8640,1620000244391,1
14031,162850088,1A1501,105840,1,105840,1620000242862,5
14032,162850088,1B2201,28080,1,28080,1620000242863,4
14043,162910051,1A1601,82080,1,82080,1620000243081,3
14057,163230011,1A1501,105840,1,105840,1630000037341,5
14073,163420002,1B2201,28080,1,28080,1630000037301,4
14087,166250008,200006,8640,1,8640,1660000028961,1
14094,166710055,1A1501,105840,1,105840,1660000029052,5
14105,167120046,1A1501,105840,1,105840,2580000001412,5
14106,167120046,1B2201,28080,1,28080,2580000001413,4
14119,167720003,200071,16200,1,16200,2480000000431,2
14121,168110007,200071,16200,1,16200,1680000017361,2
14127,168120030,1A1501,105840,1,105840,1120000058632,5
14137,168220009,1A1501,105840,1,105840,1680000017442,5
14153,168250010,200071,16200,1,16200,1680000017334,2
14159,168610011,200071,16200,1,16200,1680000017211,2
14162,168710014,200006,8640,1,8640,1680000017291,1
14169,168720013,200006,8640,1,8640,1680000017412,1
14180,168850007,200071,16200,1,16200,1680000017501,2
14183,170110029,200071,16200,1,16200,1700000056882,2
14190,170120001,1B2201,28080,1,28080,1700000056601,4
14212,170150074,200006,8640,1,8640,1700000056721,1
14216,170150075,1A1501,105840,1,105840,1700000056812,5
14218,170150076,1A1601,82080,1,82080,1700000056861,3
14227,170220025,1B2201,28080,1,28080,1700000056072,4
14234,170230021,1B2201,28080,1,28080,1700000056211,4
14268,170310053,200071,16200,1,16200,1700000056084,2
14272,170320060,1A1601,82080,1,82080,1700000056621,3
14277,170410056,200006,8640,1,8640,600000131851,1
14278,170410056,200071,16200,1,16200,600000131852,2
14281,170410056,1A1501,105840,1,105840,600000132531,5
14300,170420002,200006,8640,1,8640,1700000055431,1
14311,170510028,1B2201,28080,1,28080,1700000056542,4
14316,170510036,1B2201,28080,1,28080,1700000056391,4
14321,170610003,200006,8640,1,8640,1700000055461,1
14331,170710044,200071,16200,1,16200,1700000057051,2
14333,170720027,1B2201,28080,1,28080,1700000055542,4
14347,170810036,1B2201,28080,1,28080,1700000056904,4
14357,170850022,1B2201,28080,1,28080,1700000056171,4
14364,171210013,200006,8640,1,8640,2520000000041,1
14374,173110026,1B2201,28080,1,28080,1730000028333,4
14380,173120054,200006,8640,1,8640,1730000028381,1
14389,173710035,1B2201,28080,1,28080,1730000028491,4
14394,173720029,1A1601,82080,1,82080,1730000028582,3
14395,173720029,1B2201,28080,1,28080,1730000028583,4
14406,173850017,200071,16200,1,16200,1730000028561,2
14415,174110019,200071,16200,1,16200,710000188611,2
14438,174210005,1B2201,28080,1,28080,1740000034708,4
14439,174250001,200071,16200,1,16200,1740000034981,2
14444,174330006,1B2201,28080,1,28080,1740000035413,4
14456,174550007,1B2201,28080,1,28080,1740000034716,4
14457,174650008,1B2201,28080,1,28080,1740000035291,4
14462,174710024,1B2201,28080,1,28080,1740000035571,4
14467,174810020,200006,8640,1,8640,1280000031631,1
14469,174810020,200071,16200,1,16200,1280000031633,2
14499,175810008,200006,8640,1,8640,1750000019571,1
14506,175850012,200071,16200,1,16200,1750000019913,2
14519,176810019,1A1601,82080,1,82080,1760000015962,3
14525,176910010,1A1501,105840,1,105840,1760000016142,5
14527,176910010,1B2201,28080,1,28080,1760000016144,4
14539,177110038,1B2201,28080,1,28080,1770000191091,4
14546,177120058,200006,8640,1,8640,2360000005401,1
14549,177120064,1B2201,28080,1,28080,1770000189402,4
14579,177130067,1B2201,28080,1,28080,1770000188653,4
14605,177210032,200006,8640,1,8640,1770000187193,1
14610,177210150,200006,8640,1,8640,1770000190531,1
14611,177210150,200071,16200,1,16200,1770000190532,2
14619,177210157,200006,8640,1,8640,1770000188131,1
14621,177210157,200071,16200,1,16200,1770000188891,2
14626,177220073,200071,16200,1,16200,1770000186381,2
14631,177220074,200071,16200,1,16200,1770000189871,2
14640,177250042,1B2201,28080,1,28080,1770000184753,4
14655,177310052,200006,8640,1,8640,1770000188081,1
14690,177330042,1A1501,105840,1,105840,1770000186012,5
14714,177410121,1B2201,28080,1,28080,630000730001,4
14722,177412091,200006,8640,1,8640,1770000186701,1
14730,177430030,1B2201,28080,1,28080,1770000188722,4
14736,177520073,1A1501,105840,1,105840,1770000187551,5
14749,177550017,1B2201,28080,1,28080,1770000185781,4
14761,177630034,200006,8640,1,8640,1770000186941,1
14769,177630097,1A1501,105840,1,105840,1770000189122,5
14771,177630097,1B2201,28080,1,28080,1770000189124,4
14779,177710085,1A1501,105840,1,105840,1770000187811,5
14780,177710085,1B2201,28080,1,28080,1770000187812,4
14792,177750034,1B2201,28080,1,28080,1770000191121,4
14800,177810092,200006,8640,1,8640,1770000189621,1
14804,177810100,200006,8640,1,8640,1770000185362,1
14808,177810100,1B2201,28080,1,28080,1770000185366,4
14837,177810141,200071,16200,1,16200,1770000185032,2
14838,177810141,200006,8640,1,8640,1770000185033,1
14867,177810146,1A1501,105840,1,105840,1770000185001,5
14870,177830010,1B2201,28080,1,28080,1770000189272,4
14884,177850056,1B2201,28080,1,28080,1770000190564,4
14892,177850065,1A1501,105840,1,105840,1770000189742,5
14896,178150025,1A1501,105840,1,105840,1780000016172,5
14898,178150025,1B2201,28080,1,28080,1780000016174,4
14912,178310009,1B2201,28080,1,28080,1780000016131,4
14918,178320016,1A1501,105840,1,105840,1780000016062,5
14934,178710036,1A1501,105840,1,105840,1780000016002,5
14936,178710036,1B2201,28080,1,28080,1780000016004,4
14951,179120030,200071,16200,1,16200,1790000019641,2
14961,179250020,200006,8640,1,8640,1790000019011,1
14967,179310023,1A1501,105840,1,105840,1790000019171,5
14968,179310023,1B2201,28080,1,28080,1790000019172,4
14982,179310024,200071,16200,1,16200,1790000019273,2
14991,179650011,1A1501,105840,1,105840,1790000019131,5
14998,179650011,1B2201,28080,1,28080,1790000019138,4
15025,180220007,200006,8640,1,8640,550000202451,1
15028,180320027,200071,16200,1,16200,1800000022741,2
15031,180320027,200071,16200,1,16200,1800000023131,2
15036,180330022,1A1501,105840,1,105840,1800000022902,5
15037,180330022,1B2201,28080,1,28080,1800000022903,4
15048,180340007,200006,8640,1,8640,1800000022931,1
15049,180340009,200006,8640,1,8640,1800000022711,1
15053,180620015,200071,16200,1,16200,1800000022691,2
15058,180620015,200071,16200,1,16200,1800000022841,2
15063,180620015,200006,8640,1,8640,1800000022961,1
15067,180630009,200006,8640,1,8640,1800000022821,1
15073,180850011,200006,8640,1,8640,1800000022331,1
15085,181250017,1A1501,105840,1,105840,1810000041631,5
15087,181250017,1B2201,28080,1,28080,1810000041633,4
15110,181610023,1A1501,105840,1,105840,1810000042502,5
15120,181710006,200006,8640,1,8640,2170000003851,1
15127,181850016,1B2201,28080,1,28080,1810000042201,4
15136,183110028,1A1501,105840,1,105840,1830000023782,5
15177,183510015,200006,8640,1,8640,1830000023191,1
15189,183620008,1A1601,82080,1,82080,1830000023481,3
15195,184610011,1B2201,28080,1,28080,1380000018851,4
15209,185130004,200006,8640,1,8640,1850000011591,1
15216,185510002,1B2201,28080,1,28080,1850000011762,4
15227,185710009,200006,8640,1,8640,1850000011461,1
15230,185710010,200006,8640,1,8640,1850000011491,1
15234,185710011,1A1601,82080,1,82080,1850000011522,3
15241,185810008,1A1501,105840,1,105840,1850000011372,5
15268,186520006,1B2201,28080,1,28080,1860000006771,4
15291,188120041,200071,16200,1,16200,1880000023702,2
15294,188120042,1A1501,105840,1,105840,1880000023792,5
15296,188120042,1B2201,28080,1,28080,1880000023794,4
15301,188150019,1B2201,28080,1,28080,1880000024031,4
15333,188540003,200006,8640,1,8640,1880000023331,1
15341,188610021,1A1601,82080,1,82080,1880000024041,3
15349,188710010,200006,8640,1,8640,1880000023461,1
15360,188810002,1B2201,28080,1,28080,1880000023523,4
15373,188810013,1B2201,28080,1,28080,1880000023747,4
15383,188810025,200006,8640,1,8640,1880000023801,1
15386,189120010,200006,8640,1,8640,1890000028121,1
15395,189120045,200006,8640,1,8640,1890000028441,1
15398,189120046,200071,16200,1,16200,1890000028412,2
15411,189210037,1A1601,82080,1,82080,1890000027992,3
15413,189210037,1B2201,28080,1,28080,1890000027994,4
15444,190230012,1A1501,105840,1,105840,1900000015102,5
15467,190320009,1A1601,82080,1,82080,1900000015681,3
15479,190610007,1B2201,28080,1,28080,1900000014995,4
15484,190610008,1B2201,28080,1,28080,1900000015314,4
15497,190750006,1B2201,28080,1,28080,1900000015365,4
15501,191110021,1A1501,105840,1,105840,1910000017481,5
15503,191110021,1B2201,28080,1,28080,1910000017483,4
15513,191120015,1B2201,28080,1,28080,1910000017673,4
15530,191150014,1B2201,28080,1,28080,1910000017984,4
15536,191150017,1B2201,28080,1,28080,1910000017972,4
15543,191210023,1A1501,105840,1,105840,1910000017881,5
15545,191210023,1B2201,28080,1,28080,1910000017883,4
15548,191230010,1A1501,105840,1,105840,1910000017501,5
15551,191230010,1B2201,28080,1,28080,1910000017504,4
15568,191320015,1B2201,28080,1,28080,1910000017688,4
15581,191410031,1A1501,105840,1,105840,1910000017991,5
15593,191650008,1A1501,105840,1,105840,1910000018121,5
15598,192210016,1A1501,105840,1,105840,1920000022411,5
15600,192210016,1B2201,28080,1,28080,1920000022413,4
15603,192220012,1A1601,82080,1,82080,1920000022102,3
15618,192320023,200071,16200,1,16200,1920000022302,2
15643,192610006,1B2201,28080,1,28080,1920000022431,4
15645,192710007,200071,16200,1,16200,1920000022441,2
15651,192710024,200006,8640,1,8640,1920000021471,1
15676,194110020,200071,16200,1,16200,1940000026471,2
15689,194120041,1A1501,105840,1,105840,1940000026071,5
15698,194130003,1B2201,28080,1,28080,550000200501,4
15703,194140006,1A1501,105840,1,105840,1940000027221,5
15708,194140006,1B2201,28080,1,28080,1940000027226,4
15710,194250025,200006,8640,1,8640,1940000026551,1
15735,194330017,1B2201,28080,1,28080,1940000026571,4
15737,194330025,1A1601,82080,1,82080,1940000026771,3
15761,194410042,1A1601,82080,1,82080,1940000027232,3
15769,194440007,1A1501,105840,1,105840,1940000026412,5
15795,194610007,1B2201,28080,1,28080,1940000026171,4
15805,194610019,1A1501,105840,1,105840,1940000027691,5
15811,194810007,1B2201,28080,1,28080,1940000027051,4
15815,194810023,1A1501,105840,1,105840,1940000026621,5
15820,194830002,200006,8640,1,8640,1940000025891,1
15826,194850015,200006,8640,1,8640,1940000026461,1
15830,196320004,200006,8640,1,8640,1210000030601,1
15845,198150068,1A1501,105840,1,105840,1980000038101,5
15848,198150068,1B2201,28080,1,28080,1980000038104,4
15864,198230020,200006,8640,1,8640,1980000037881,1
15885,198310038,1A1601,82080,1,82080,1980000037802,3
15891,198330008,1A1601,82080,1,82080,1980000038831,3
15897,198410088,200071,16200,1,16200,1980000037741,2
15901,198410088,200071,16200,1,16200,1980000038171,2
15903,198450007,200006,8640,1,8640,1980000038761,1
15920,198610037,1A1501,105840,1,105840,1980000037921,5
15922,198610037,1B2201,28080,1,28080,1980000037923,4
15933,198610038,200071,16200,1,16200,1980000038781,2
15936,198650005,200071,16200,1,16200,1980000037481,2
15942,198710034,200071,16200,1,16200,1980000037511,2
15945,198720021,1B2201,28080,1,28080,1980000037761,4
15971,199550001,200006,8640,1,8640,1990000010971,1
15987,200120037,200006,8640,1,8640,2000000019221,1
15998,200210032,200006,8640,1,8640,2000000018861,1
16010,200410060,1A1601,82080,1,82080,2000000019451,3
16014,200450003,1B2201,28080,1,28080,2000000019402,4
16015,200510023,200006,8640,1,8640,2000000019281,1
16027,200720012,200006,8640,1,8640,1990000010771,1
16035,201120024,200071,16200,1,16200,2010000017552,2
16047,201220011,1A1501,105840,1,105840,2010000017522,5
16049,201220011,1B2201,28080,1,28080,2010000017524,4
16052,201310009,200071,16200,1,16200,30000235321,2
16062,201320004,1B2201,28080,1,28080,2010000017391,4
16081,201610002,200071,16200,1,16200,340000051701,2
16097,202120014,1B2201,28080,1,28080,2020000013581,4
16109,202220007,1B2201,28080,1,28080,2020000013781,4
16118,202250018,200006,8640,1,8640,2020000013671,1
16120,202310008,1B2201,28080,1,28080,2020000013251,4
16147,202610007,200071,16200,1,16200,2020000014111,2
16168,202720014,1A1501,105840,1,105840,2020000014042,5
16169,202720014,1B2201,28080,1,28080,2020000014043,4
16195,203150016,200006,8640,1,8640,2030000017471,1
16198,203150024,1B2201,28080,1,28080,630000730681,4
16205,203150033,200071,16200,1,16200,2030000017811,2
16214,203440006,1A1501,105840,1,105840,340000051982,5
16219,203440006,200071,16200,1,16200,2030000016961,2
16240,204120018,1B2201,28080,1,28080,2340000002964,4
16250,204220004,200071,16200,1,16200,2040000009381,2
16254,204310013,200006,8640,1,8640,2040000009572,1
16262,204510005,1B2201,28080,1,28080,2040000009501,4
16279,205120009,200006,8640,1,8640,2050000006521,1
16281,205250005,200071,16200,1,16200,2050000006331,2
16301,205810004,1B2201,28080,1,28080,2050000006012,4
16306,205850002,1A1501,105840,1,105840,2050000006441,5
16310,207110007,1B2201,28080,1,28080,2070000014991,4
16318,207310008,200071,16200,1,16200,2070000015141,2
16331,207620002,200071,16200,1,16200,2070000014671,2
16332,207650006,1A1501,105840,1,105840,2070000014731,5
16348,207810026,1A1501,105840,1,105840,2070000014701,5
16376,208710008,200006,8640,1,8640,2080000015211,1
16379,209110013,200071,16200,1,16200,2090000014681,2
16383,209110014,200071,16200,1,16200,2090000014842,2
16386,209130002,200006,8640,1,8640,1940000027331,1
16396,209150022,200006,8640,1,8640,2090000013981,1
16404,209210017,1A1501,105840,1,105840,2090000013991,5
16407,209210017,1B2201,28080,1,28080,2090000013994,4
16413,209220006,1B2201,28080,1,28080,2090000014981,4
16419,209220011,200071,16200,1,16200,2090000013951,2
16423,209220011,200071,16200,1,16200,2090000015381,2
16425,209230004,1A1501,105840,1,105840,2090000013962,5
16427,209230004,1B2201,28080,1,28080,2090000013964,4
16451,209320016,1B2201,28080,1,28080,2090000014575,4
16474,209410024,200071,16200,1,16200,1430000224371,2
16476,209410025,200071,16200,1,16200,2090000015121,2
16501,209630004,1B2201,28080,1,28080,2090000014394,4
16506,209630011,1B2201,28080,1,28080,2090000013693,4
16520,209720008,1B2201,28080,1,28080,2090000013935,4
16529,209720009,1B2201,28080,1,28080,2090000015264,4
16532,209750007,200006,8640,1,8640,2090000014191,1
16538,209810001,1B2201,28080,1,28080,2090000013875,4
16548,209810019,1A1501,105840,1,105840,2090000014151,5
16551,209810019,1B2201,28080,1,28080,2090000014154,4
16559,209810020,200006,8640,1,8640,2090000014781,1
16567,209850007,1A1601,82080,1,82080,2090000014772,3
16571,209850008,1A1501,105840,1,105840,2090000014892,5
16573,209850008,1B2201,28080,1,28080,2090000014894,4
16576,210210002,1B2201,28080,1,28080,2100000010222,4
16584,210210022,200006,8640,1,8640,2100000010342,1
16594,210650007,1A1501,105840,1,105840,2100000010112,5
16596,210650007,1B2201,28080,1,28080,2100000010114,4
16610,210720023,1A1601,82080,1,82080,2100000010512,3
16620,211120034,200006,8640,1,8640,2110000022301,1
16627,211120039,1A1501,105840,1,105840,2110000022721,5
16639,211210014,1B2201,28080,1,28080,2110000021481,4
16645,211210035,1A1501,105840,1,105840,2110000021921,5
16656,211230009,1A1601,82080,1,82080,2110000022151,3
16667,211310023,1A1501,105840,1,105840,2110000021622,5
16708,211620015,200006,8640,1,8640,2110000022382,1
16713,211710017,1A1501,105840,1,105840,2110000021632,5
16726,211810001,200071,16200,1,16200,2110000022541,2
16729,211810016,200006,8640,1,8640,2110000022441,1
16734,212110019,1A1601,82080,1,82080,2120000018982,3
16744,212120046,1A1501,105840,1,105840,2120000019432,5
16750,212130004,200006,8640,1,8640,2120000019282,1
16755,212150033,200006,8640,1,8640,2120000019401,1
16768,212350003,200071,16200,1,16200,2120000019652,2
16790,213150003,1B2201,28080,1,28080,2130000011854,4
16794,213210019,1A1501,105840,1,105840,2130000012402,5
16795,213210019,1B2201,28080,1,28080,2130000012403,4
16800,213230006,1A1501,105840,1,105840,2130000011502,5
16802,213230006,1B2201,28080,1,28080,2130000011504,4
16818,213450008,1A1601,82080,1,82080,2130000011652,3
16842,213520004,1A1501,105840,1,105840,2130000012232,5
16844,213520004,1B2201,28080,1,28080,2130000012234,4
16846,213610010,200071,16200,1,16200,2130000011541,2
16851,213610010,200071,16200,1,16200,2130000012471,2
16857,213620008,1B2201,28080,1,28080,2130000011913,4
16880,213710009,200006,8640,1,8640,2130000012181,1
16884,213730003,200071,16200,1,16200,2130000011722,2
16887,213730003,1A1501,105840,1,105840,2130000012011,5
16888,213730003,1B2201,28080,1,28080,2130000012012,4
16907,213750003,1A1601,82080,1,82080,2130000011572,3
16947,214210007,1A1601,82080,1,82080,2140000004532,3
16949,214310007,1A1601,82080,1,82080,2140000004331,3
16960,214510002,1B2201,28080,1,28080,2140000004581,4
16969,214510005,1A1501,105840,1,105840,2140000004702,5
16987,215220012,200006,8640,1,8640,2310000004081,1
17013,215720001,1B2201,28080,1,28080,2150000009902,4
17020,215810004,1B2201,28080,1,28080,2150000010171,4
17031,216150015,1A1501,105840,1,105840,2160000005962,5
17043,216250004,1A1501,105840,1,105840,2160000006041,5
17045,216250004,1B2201,28080,1,28080,2160000006043,4
17058,216510008,1A1501,105840,1,105840,2160000005702,5
17069,216750003,1A1601,82080,1,82080,2160000005982,3
17113,217510005,1A1501,105840,1,105840,2170000003291,5
17137,217710007,200006,8640,1,8640,2170000003741,1
17150,218430002,200006,8640,1,8640,630000727571,1
17155,218550003,1B2201,28080,1,28080,2180000012082,4
17158,218720006,200006,8640,1,8640,2180000011741,1
17166,219110018,1A1501,105840,1,105840,2190000016411,5
17170,219110018,1B2201,28080,1,28080,2190000016415,4
17179,219120037,200006,8640,1,8640,2190000016591,1
17182,219130005,1B2201,28080,1,28080,2190000017062,4
17196,219310012,1A1501,105840,1,105840,2190000017111,5
17200,219310012,1B2201,28080,1,28080,2190000017115,4
17201,219320017,200006,8640,1,8640,2190000017291,1
17218,219620008,1A1501,105840,1,105840,2190000015861,5
17238,219850001,200006,8640,1,8640,2190000016491,1
17242,220110015,1B2201,28080,1,28080,2200000020692,4
17251,220210025,1B2201,28080,1,28080,2200000020493,4
17312,220610011,200071,16200,1,16200,2200000020991,2
17323,220710019,1A1501,105840,1,105840,2200000019812,5
17324,220710019,1B2201,28080,1,28080,2200000019813,4
17388,221150008,1A1501,105840,1,105840,2210000004942,5
17401,221210009,1A1501,105840,1,105840,2210000005381,5
17405,221210009,1B2201,28080,1,28080,2210000005385,4
17412,221250003,1B2201,28080,1,28080,2210000005143,4
17416,221310006,1A1501,105840,1,105840,2210000004971,5
17420,221310006,1B2201,28080,1,28080,2210000004975,4
17431,221320016,200006,8640,1,8640,2210000005101,1
17449,221510004,1A1501,105840,1,105840,2210000005001,5
17453,221510004,1B2201,28080,1,28080,2210000005005,4
17457,221620004,1A1501,105840,1,105840,2210000005151,5
17461,221620004,1B2201,28080,1,28080,2210000005155,4
17471,221710005,1B2201,28080,1,28080,2210000004905,4
17477,221720005,1A1501,105840,1,105840,2210000005272,5
17479,221720005,1B2201,28080,1,28080,2210000005274,4
17491,221810006,1B2201,28080,1,28080,2210000004985,4
17498,221810007,1B2201,28080,1,28080,2210000004745,4
17522,222320009,200071,16200,1,16200,2220000014831,2
17525,222430004,200071,16200,1,16200,2220000016221,2
17531,222450002,1A1501,105840,1,105840,2220000015671,5
17537,222540003,1B2201,28080,1,28080,2220000016091,4
17544,222630007,1A1501,105840,1,105840,2220000014721,5
17546,222630007,1B2201,28080,1,28080,2220000014723,4
17569,222730003,200071,16200,1,16200,2220000015853,2
17570,222730003,200006,8640,1,8640,2220000015854,1
17584,222850005,1A1501,105840,1,105840,2220000015061,5
17586,222850005,1B2201,28080,1,28080,2220000015063,4
17597,224120015,1A1501,105840,1,105840,2240000010702,5
17599,224120015,1B2201,28080,1,28080,2240000010704,4
17618,224220005,1B2201,28080,1,28080,2240000011203,4
17643,224430001,1B2201,28080,1,28080,2240000010957,4
17653,224510020,1A1501,105840,1,105840,2240000010922,5
17654,224510020,1B2201,28080,1,28080,2240000010923,4
17676,224710007,1B2201,28080,1,28080,2240000011334,4
17680,224710009,1A1501,105840,1,105840,2240000010722,5
17682,224710009,1B2201,28080,1,28080,2240000010724,4
17700,224730005,1A1501,105840,1,105840,2240000011232,5
17701,224730005,1B2201,28080,1,28080,2240000011233,4
17711,224810014,1B2201,28080,1,28080,2240000011102,4
17724,225110027,1A1601,82080,1,82080,2250000027402,3
17744,225130007,1B2201,28080,1,28080,2250000027872,4
17753,225150038,1A1501,105840,1,105840,2250000026841,5
17788,225310079,1A1501,105840,1,105840,2250000027951,5
17789,225310079,1B2201,28080,1,28080,2250000027952,4
17794,225410026,1B2201,28080,1,28080,2250000028002,4
17810,225530002,1A1501,105840,1,105840,2250000027011,5
17823,225710005,1B2201,28080,1,28080,2250000026581,4
17834,225720008,1A1601,82080,1,82080,2250000026693,3
17858,229520002,1B2201,28080,1,28080,2290000007073,4
17865,229610007,1A1501,105840,1,105840,2290000007221,5
17878,230330004,200006,8640,1,8640,2300000002431,1
17886,230650001,200006,8640,1,8640,2300000002385,1
17903,231250006,1A1501,105840,1,105840,2310000003961,5
17905,231250006,1B2201,28080,1,28080,2310000003963,4
17918,231410006,1A1501,105840,1,105840,2310000004072,5
17921,231410006,1B2201,28080,1,28080,2310000004075,4
17942,234130002,1A1501,105840,1,105840,2340000002912,5
17944,234150004,1A1501,105840,1,105840,2340000002921,5
17951,234210007,1B2201,28080,1,28080,2340000002105,4
17996,234620003,200006,8640,1,8640,2340000002522,1
18013,234710001,1A1501,105840,1,105840,2340000002532,5
18026,235150013,200006,8640,1,8640,2350000008471,1
18030,235210006,1B2201,28080,1,28080,2350000008151,4
18035,235210018,200006,8640,1,8640,2350000008001,1
18054,235350001,1A1501,105840,1,105840,2350000008182,5
18055,235350001,1B2201,28080,1,28080,2350000008183,4
18059,235520004,1A1501,105840,1,105840,2350000008632,5
18074,235710001,1B2201,28080,1,28080,2350000008494,4
18082,235810006,200006,8640,1,8640,2350000008011,1
18093,235810021,200006,8640,1,8640,2350000008301,1
18103,236230002,1B2201,28080,1,28080,2360000004682,4
18107,236230006,200071,16200,1,16200,2360000004791,2
18118,236330005,1A1501,105840,1,105840,2360000005072,5
18120,236330005,1B2201,28080,1,28080,2360000005074,4
18131,236510012,1A1501,105840,1,105840,2360000005382,5
18137,236630012,200006,8640,1,8640,2360000005061,1
18144,236850003,1A1501,105840,1,105840,2360000004742,5
18167,238220001,200006,8640,1,8640,2380000000321,1
18185,238720001,1A1501,105840,1,105840,2380000000251,5
18194,238910001,200071,16200,1,16200,2380000000351,2
18229,240410006,1A1601,82080,1,82080,2400000004282,3
18254,241120010,1B2201,28080,1,28080,2410000007352,4
18297,241510006,1A1501,105840,1,105840,2410000006561,5
18299,241510006,1B2201,28080,1,28080,2410000006563,4
18316,241630008,1A1501,105840,1,105840,2410000007261,5
18318,241630008,1B2201,28080,1,28080,2410000007263,4
18346,248230001,1A1501,105840,1,105840,2480000000102,5
18350,248230001,1B2201,28080,1,28080,2480000000106,4
18359,248310001,200071,16200,1,16200,2480000000341,2
18366,248610001,1A1501,105840,1,105840,2480000000221,5
18369,248610001,1B2201,28080,1,28080,2480000000224,4
18380,252810001,200071,16200,1,16200,2520000000051,2
18391,258510001,1A1501,105840,1,105840,2580000001372,5
18410,T00256629,200071,16200,1,16200,160000640651,2
18416,T00258109,200006,8640,1,8640,610000064401,1
18418,T00258573,200006,8640,1,8640,2090000014791,1
18424,T00259794,200006,8640,1,8640,720000099371,1
18426,T00259825,200071,16200,1,16200,1440000029632,2
18430,T00259924,200071,16200,1,16200,530000903172,2
18432,T00259953,200006,8640,1,8640,320000507631,1
18436,T00260188,200006,8640,1,8640,2110000023211,1
18438,T00260410,200071,16200,1,16200,90000787751,2
18441,T00260445,200006,8640,1,8640,990000149111,1
18459,T00261416,200006,8640,1,8640,30000236521,1
18463,T00261529,200006,8640,1,8640,30000236531,1
18466,T00261552,200071,16200,1,16200,1430000227431,2
18470,T00261566,200071,16200,1,16200,1700000057141,2
